rank,doc_idx,lda_cluster,lda_topwords,lda_maxtheta,lda_entropy,embed_pred_cluster,embed_topwords,true_group,lda_cluster_as_group,embed_pred_as_group,text
1,3633,3,max bhj giz bxn air qax,0.995,0.014,15,don just like know think good,comp.os.ms-windows.misc,comp.os.ms-windows.misc,rec.motorcycles,bxn bxn bxn max max max max bxn msu bxn nrhj biz max max max max ahl giz max max max bxn giz max max max max bxn giz hey nriz max max max bxn giz nrhj qax max max max bxn bxn gnv giz hey max max max bxn bxn bxn bxn bxn bxn bxn bxn bxn giz giz giz nrhj giz qax max max max bxn bxn bxn giz giz giz giz 
2,1523,19,file entry output program section char,0.994,0.014,9,edu com mail information send list,comp.windows.x,rec.sport.baseball,comp.sys.mac.hardware,received number requests international code contest rules guidelines people requested rules posted wider set groups sorry cross posting technical rules guidelines diff marks right hand edge rules guidelines year remain people process submitting entries need worry changes curt com larry lab sun com b
3,2842,3,max bhj giz bxn air qax,0.993,0.020,15,don just like know think good,comp.os.ms-windows.misc,comp.os.ms-windows.misc,rec.motorcycles,air air air air bhj mlb air new air air air bhj bhj bhj bhj bhj air air air air air bhj bhj air air air air bhj bhj air air bhj bhj bhj rll bhj bhj bhj bhj bhj air air bhj air air air air bhj bhj bhj air bhj bhj air nah nah bhj air air bhj air air bhj bhj bhj air air bhj bhj bhjn bhj bhj bhjn air jr
4,1371,3,max bhj giz bxn air qax,0.959,0.091,15,don just like know think good,comp.os.ms-windows.misc,comp.os.ms-windows.misc,rec.motorcycles,sys lis bhj mas lis sho bhj cbc mas sho ucs sho mri meg ucs mem sho bhj sho bhj ucs meg meg sho cis bhj bhj bhj bhj bhj ack mri lis bhj mas sho sho mri lis meg air air air air air nah air meg mri air nah mri lis end
5,7321,3,max bhj giz bxn air qax,0.936,0.120,15,don just like know think good,comp.os.ms-windows.misc,comp.os.ms-windows.misc,rec.motorcycles,air air kit air nah air air air air air air air air air air air air air air air air net nah plo gut pay gut air air air plo air air air air air air kit air nah air air air new ahl new air air air ron mlb new air air air air air air air air dad air air air air air ahl air air air air air new air air 
6,3005,19,file entry output program section char,0.920,0.133,11,image software available ftp files graphics,sci.crypt,rec.sport.baseball,comp.graphics,got number requests code written borland code nick code segment assume code code org start begin gas particle bit particle moving east bit particle moving west bit particle moving north bit particle moving south bit particle moving east bit particle moving west bit particle moving north bit particle
7,1328,3,max bhj giz bxn air qax,0.891,0.202,15,don just like know think good,comp.os.ms-windows.misc,comp.os.ms-windows.misc,rec.motorcycles,net ack new air air air air air air air air giz air air air air gut ali plo rll kit sho pay cis kit ack net mri mri mri lis end
8,9872,17,power use water ground wire used,0.870,0.208,5,drive card scsi disk dos windows,sci.electronics,sci.electronics,comp.sys.ibm.pc.hardware,according pinouts display follows pin led supply voltage pin data input pin data input pin left point pin input pin omitted pin common ground pin input pin omitted pin right point pin omitted pin data input pin data input pin logic supply voltage logic supply voltage led supply need particularly reg
9,9391,19,file entry output program section char,0.861,0.175,9,edu com mail information send list,comp.windows.x,rec.sport.baseball,comp.sys.mac.hardware,received number requests international code contest rules guidelines people requested rules posted wider set groups sorry cross posting technical rules guidelines diff marks right hand edge rules guidelines year remain people process submitting entries need worry changes curt com larry lab sun com b
10,4119,19,file entry output program section char,0.860,0.174,11,image software available ftp files graphics,comp.windows.x,rec.sport.baseball,comp.graphics,enclosed rules guidelines related information international code contest shar file enjoy curt larry bin shell archive shar com source directory tmp existing files shar contains length mode rules guidelines info rules echo extracting rules text rules international code contest rules curt larry rights
11,8646,9,edu com mail information send list,0.859,0.220,4,health medical disease use patients food,sci.med,comp.sys.mac.hardware,sci.med,final votes creation newsgroup misc health mass valid votes received april gmt appears end posting check list sure vote registered read instructions voting carefully follow precisely certain place proper vote instructions voting place vote creation misc health send email message yes navy mil place v
12,6625,19,file entry output program section char,0.856,0.214,11,image software available ftp files graphics,comp.graphics,rec.sport.baseball,comp.graphics,program doesn detect edges operators operator output raw grey scale images edges output doesn look like edges terms correct errors improvements welcome accept corrected code input image digital remove noise improvement types edge detection include stdio include math define define unsigned char unsig
13,1679,2,car new bike price sale cars,0.854,0.246,15,don just like know think good,misc.forsale,misc.forsale,rec.motorcycles,sega genesis barely used like sell following games revenge iii asking obo best reached email alternatively phone
14,5195,10,said people went didn came told,0.828,0.173,0,israel turkish armenian jews war israeli,talk.politics.mideast,talk.religion.misc,talk.politics.mideast,accounts anti armenian human right violations azerbaijan prelude current events nagorno karabakh said february people street shouting long live turkey glory turkey trial said does mean glory turkey don understand turkey live soviet union turkey told going help kill armenians don understand glory tur
15,1007,9,edu com mail information send list,0.818,0.266,11,image software available ftp files graphics,comp.sys.ibm.pc.hardware,comp.sys.mac.hardware,comp.graphics,attention voters problem mailbox day voting check vote ack end address send vote actually check voted day introduction final votes creation newsgroups create comp programmer comp programmer comp programmer misc comp setup comp multimedia comp bugs second attempt creating comp programmer comp setup c
16,3523,0,israel turkish armenian jews war israeli,0.811,0.200,13,team game year games play season,rec.sport.hockey,talk.politics.mideast,rec.sport.hockey,world championships germany group standings munich group standings dortmund canada czech republic russia finland italy germany sweden usa austria france switzerland norway april italy russia norway germany sweden austria usa czech republic april canada switzerland russia austria finland france april
17,4360,9,edu com mail information send list,0.806,0.248,15,don just like know think good,misc.forsale,comp.sys.mac.hardware,rec.motorcycles,following magazines best offer received shipping included pretty heavy course local mass usa come person great condition lot break sep feb june nov dec june nov jan newspaper sized jan feb dec mar apr jul sep dec dec aug oct oct dec dec jan apr jul sep dec feb feb nov apr aug sep oct oct feb mar jul
18,6476,10,said people went didn came told,0.802,0.192,0,israel turkish armenian jews war israeli,talk.politics.mideast,talk.religion.misc,talk.politics.mideast,accounts anti armenian human right violations azerbaijan prelude current events nagorno karabakh yes just remembered repeated quite frequently let armenian women babies muslim babies let bear azerbaijanis struggle armenians said muslims carry holy cause heroes repeated born teacher sumgait secondary
19,9394,15,don just like know think good,0.787,0.339,13,team game year games play season,sci.space,rec.motorcycles,rec.sport.hockey,thought ross consideration think likely try win come try gates try sam kids matt
20,7878,0,israel turkish armenian jews war israeli,0.786,0.227,13,team game year games play season,rec.sport.hockey,talk.politics.mideast,rec.sport.hockey,world championships germany group standings munich group standings dortmund sweden germany italy czech republic russia usa canada finland switzerland france austria norway april italy russia norway germany sweden austria usa czech republic april canada switzerland russia austria finland france april
21,3064,9,edu com mail information send list,0.754,0.243,2,car new bike price sale cars,rec.autos,comp.sys.mac.hardware,misc.forsale,archive rec autos automotive mailing lists electronic mail updated new lotus exotic cars list subscription info added portland list list triumph list number electronic mailing lists network devoted various special automotive topics best knowledge lists appearing open membership policies policy list 
22,376,5,drive card scsi disk dos windows,0.750,0.358,15,don just like know think good,comp.sys.ibm.pc.hardware,comp.sys.ibm.pc.hardware,rec.motorcycles,experts need answer quick machine floppy unable write disk machine claims disk write protected note read problem
23,9751,17,power use water ground wire used,0.747,0.378,4,health medical disease use patients food,sci.electronics,sci.electronics,sci.med,lemon stick copper strip lemon stick nail inches copper strip volt light led slmr support medical die
24,3419,11,image software available ftp files graphics,0.745,0.322,5,drive card scsi disk dos windows,comp.windows.x,comp.graphics,comp.sys.ibm.pc.hardware,briefly communications server packages micro lite includes integrated tcp runs micro includes integrated tcp runs dos shape extension interface novell tcp micro dos pack includes integrated tcp runs dos shape extension interface novell tcp ftp tcp micro win pack includes tcp stack utilities interfac
25,3052,9,edu com mail information send list,0.741,0.307,16,people god does believe evidence say,alt.atheism,comp.sys.mac.hardware,alt.atheism,archive atheism overview alt atheism archive overview modified april version overview welcome alt atheism alt atheism moderated series regular postings aimed new readers newsgroups groups controversial nature noticed new readers come questions mis statements post net addition people request informat
26,2532,6,window server motif widget use application,0.740,0.368,15,don just like know think good,comp.windows.x,comp.windows.x,rec.motorcycles,piece code fine gives undefined errors following libraries linked makefile generated imake pointers missing compile
27,5170,4,health medical disease use patients food,0.732,0.301,15,don just like know think good,sci.med,sci.med,rec.motorcycles,shouldn need shrink wanted kill depressed people treated usually gordon banks skepticism chastity intellect geb cadre dsl pitt edu shameful surrender soon
28,828,10,said people went didn came told,0.731,0.264,15,don just like know think good,sci.med,talk.religion.misc,rec.motorcycles,justified pissed doctor saturday evening year old son cut finger badly knife took local general care clinic clinic open till went told doctor came told doctor someplace did want delayed minutes response questions trips room told doctor doing paperwork doctor look finger advise going emergency room d
29,2529,19,file entry output program section char,0.731,0.354,5,drive card scsi disk dos windows,comp.graphics,rec.sport.baseball,comp.sys.ibm.pc.hardware,beg differ point batch file use launch cview dir cview resides time crash cview byte temp file root dir drive cview just
30,3086,17,power use water ground wire used,0.730,0.389,15,don just like know think good,sci.electronics,sci.electronics,rec.motorcycles,joystick button axis ground ground axis button joystick button axis ground axis button slmr soft judges make criminals
31,8631,2,car new bike price sale cars,0.729,0.358,5,drive card scsi disk dos windows,misc.forsale,misc.forsale,comp.sys.ibm.pc.hardware,hewlett packard laserjet series paper tray sale letter size brand new box used asking bought new computer
32,687,2,car new bike price sale cars,0.722,0.400,15,don just like know think good,misc.forsale,misc.forsale,rec.motorcycles,final public update dragon magazine new current stand like gonna happen updates mail entire end soon stop coming want sure bid cent buyer pay shipping unless particular fancy mail class special lots condition vary quite bit come condition missing items like questions feel free ask condition ratings 
33,6250,5,drive card scsi disk dos windows,0.720,0.381,2,car new bike price sale cars,comp.sys.ibm.pc.hardware,comp.sys.ibm.pc.hardware,misc.forsale,possible sound machine equivalent pro stereo digitized sound way creative labs price pro price equal
34,3023,15,don just like know think good,0.716,0.385,5,drive card scsi disk dos windows,comp.os.ms-windows.misc,rec.motorcycles,comp.sys.ibm.pc.hardware,problem suggested bios bug gonna check supplier tomorrow tell helps
35,4175,6,window server motif widget use application,0.713,0.371,11,image software available ftp files graphics,comp.graphics,comp.windows.x,comp.graphics,looking program capable displaying graph links possibility edit graph add change link actually program need boxes able manipulate mouse add delete boxes does know program available thanks help
36,8647,9,edu com mail information send list,0.712,0.425,2,car new bike price sale cars,sci.electronics,comp.sys.mac.hardware,misc.forsale,try parts express dayton ohio complete line professional arcade buttons number ask number express dayton ohio love free directory assistance dan daniel joseph cis ohio state edu
37,1961,4,health medical disease use patients food,0.711,0.283,7,time use used number point different,sci.med,sci.med,rec.autos,levels blood able bypass blood brain barrier particular areas median regions particularly areas subject blood brain barrier areas control release controls release governing development especially sexual development changes adult rats sensitive humans observed chronic basis cycles blood levels signif
38,3942,17,power use water ground wire used,0.710,0.418,15,don just like know think good,sci.electronics,sci.electronics,rec.motorcycles,case switch control turn switch turn switch
39,2018,2,car new bike price sale cars,0.709,0.392,15,don just like know think good,misc.forsale,misc.forsale,rec.motorcycles,pocket sized red eye reduction timer fully automatic time date stamp carrying case smallest camera class rated consumer reports excellent condition months old worth purchased selling
40,5031,15,don just like know think good,0.707,0.366,13,team game year games play season,rec.sport.hockey,rec.motorcycles,rec.sport.hockey,disagree common years watching hockey seen happen sure league watching agree
41,6917,16,people god does believe evidence say,0.707,0.377,18,god jesus church bible christ christian,alt.atheism,alt.atheism,soc.religion.christian,contains word ergo word god agree words god thing relates navy men say mom love mom makes men bobby mozumder isc edu april
42,10014,9,edu com mail information send list,0.700,0.346,2,car new bike price sale cars,rec.motorcycles,comp.sys.mac.hardware,misc.forsale,greetings fellow motorcycle background racing sun com contains discussions devoted racing racing related topics pretty broad group individuals variety backgrounds perspective pit crew engineering size list grows weekly currently little members contributors new zealand australia germany france englan
43,3731,10,said people went didn came told,0.692,0.329,15,don just like know think good,rec.autos,talk.religion.misc,rec.motorcycles,place single men wallet pocket pocket keys pocket pocket pen shirt pocket pants pocket married men start carrying bunch stuff women happy
44,1709,5,drive card scsi disk dos windows,0.690,0.378,11,image software available ftp files graphics,comp.windows.x,comp.sys.ibm.pc.hardware,comp.graphics,recommend inexpensive monochrome station software emulation based tell manufacturer model price significant specs thanks
45,4609,6,window server motif widget use application,0.689,0.352,5,drive card scsi disk dos windows,comp.windows.x,comp.windows.x,comp.sys.ibm.pc.hardware,mit tapes come documentation written keith packard shared memory extension look mit doc extensions mit unfortunately bit work set shared memory segments making ximage extension query determine server supports need test server running host shared memory enabled kernel written layers routines make xvi
46,3126,2,car new bike price sale cars,0.689,0.425,5,drive card scsi disk dos windows,misc.forsale,misc.forsale,comp.sys.ibm.pc.hardware,calculator card manuals boxes cable months old hardly used make offer mike
47,912,7,time use used number point different,0.689,0.430,15,don just like know think good,rec.sport.baseball,rec.autos,rec.motorcycles,speculation proven produce better lopez speculation does make difference speculation founded good point speculation safer reversed
48,3087,15,don just like know think good,0.689,0.398,5,drive card scsi disk dos windows,comp.windows.x,rec.motorcycles,comp.sys.ibm.pc.hardware,didn operating come usually does far know best contact people bought running linux similar good luck
49,8577,11,image software available ftp files graphics,0.686,0.385,7,time use used number point different,comp.graphics,comp.graphics,rec.autos,looking polygon routine simple sided polygons routine help saving time thanx advance
50,6884,12,key encryption chip clipper keys privacy,0.686,0.340,5,drive card scsi disk dos windows,sci.crypt,sci.crypt,comp.sys.ibm.pc.hardware,pmetzger shearson com perry metzger chip includes following components skipjack encryption algorithm bit family key common chips bit serial number bit secret key messages encrypted chip hmmm thirty bit serial number told unit key derived serial number means billion possible unit keys hell worse thin
51,5069,6,window server motif widget use application,0.685,0.342,11,image software available ftp files graphics,comp.windows.x,comp.windows.x,comp.graphics,trying compile source code mpeg animation viewer windows got code ftp site modified makefile instructed errors happens following message going linked util video gray mono main ordered lib lib undefined referenced symbol file lib lib lib lib lib lib lib lib lib lib lib lib lib lib lib lib lib lib lib
52,7520,10,said people went didn came told,0.685,0.347,15,don just like know think good,talk.politics.mideast,talk.religion.misc,rec.motorcycles,article unm edu unm edu called inhabitants years city called inhabitants called years people alive today born city called people know born city called
53,8598,16,people god does believe evidence say,0.677,0.423,7,time use used number point different,alt.atheism,alt.atheism,rec.autos,correct incorrect application rules language does work mercedes second mercedes case equal person object simply extract word taking context account course case doesn imply case does equal try thing relates navy men say mom love mom makes men bobby mozumder isc edu april
54,7481,15,don just like know think good,0.675,0.348,14,gun law guns government people state,talk.politics.guns,rec.motorcycles,talk.politics.guns,near future federal come arms help dangerous thinking criminal fault amendment dead accept way know ways just kick need things country people need replace guns deadly make like water lighter easier guns really old design long tons motivated design better sure come real nasty stuff tried getting rid 
55,6413,2,car new bike price sale cars,0.672,0.428,15,don just like know think good,rec.motorcycles,misc.forsale,rec.motorcycles,problem rode paris stroke representative size bikes road considered big bike day bigger real rare charlie smith dod
56,4182,17,power use water ground wire used,0.670,0.376,15,don just like know think good,sci.electronics,sci.electronics,rec.motorcycles,board got using lines measures properly power supply problem got input voltage wish lower resistor sensitivity board great holding wire hand touch probe register input voltage resistor voltage problems use lower input voltage btw got grounded correctly inspiration comes seek unknown
57,6420,8,president government people said program money,0.669,0.451,15,don just like know think good,alt.atheism,talk.politics.misc,rec.motorcycles,judging qur headed arguments going wade today hope bob beauchaine bobbe vice ico tek com said queens stay blew bronx away sank manhattan sea
58,9373,4,health medical disease use patients food,0.665,0.442,15,don just like know think good,sci.med,sci.med,rec.motorcycles,cycle free escape atmosphere high velocity won practical recover gordon banks skepticism chastity intellect geb cadre dsl pitt edu shameful surrender soon
59,2839,9,edu com mail information send list,0.665,0.302,5,drive card scsi disk dos windows,comp.sys.mac.hardware,comp.sys.mac.hardware,comp.sys.ibm.pc.hardware,contacts generic rom drivers optical access international west park suite fax applelink street suite san francisco fax applelink optical media international drive los fax applelink systems intel architecture machines place applelink software verified north suite applelink dev send message applelink 
60,9293,7,time use used number point different,0.663,0.420,15,don just like know think good,talk.politics.mideast,rec.autos,rec.motorcycles,know statistics significance does relatively small population growth rate sampling period small end suggest trend just noise
61,4388,19,file entry output program section char,0.663,0.332,5,drive card scsi disk dos windows,comp.sys.ibm.pc.hardware,rec.sport.baseball,comp.sys.ibm.pc.hardware,read print reason joystick stuff time efficient truth int joystick reading slow read directly hardware port note doing intermittent interrupts want read say twice row lower results don just turn interrupts prove health high speed devices example joy example read joystick port hardware port directly 
62,4392,5,drive card scsi disk dos windows,0.663,0.427,11,image software available ftp files graphics,comp.os.ms-windows.misc,comp.sys.ibm.pc.hardware,comp.graphics,does know ftp acquire latest video drivers fonts ati svga adapter floppy windows does know ati business thanks
63,6657,16,people god does believe evidence say,0.662,0.421,15,don just like know think good,sci.crypt,alt.atheism,rec.motorcycles,ergo life sufficiently boring need privacy meant personal just logical conclusion statement
64,5708,14,gun law guns government people state,0.662,0.354,8,president government people said program money,talk.politics.guns,talk.politics.guns,talk.politics.misc,interests thought readers newsgroups want fbi director william sessions statement released fbi press office fbi director statement waco national desk contact federal bureau investigation press office washington april following statement fbi director william sessions regarding branch davidian inciden
65,5245,16,people god does believe evidence say,0.660,0.429,15,don just like know think good,alt.atheism,alt.atheism,rec.motorcycles,holding people wrong hold people punish punishment hold punishment isn private person private person apparent reason lead punishment suppose
66,6602,15,don just like know think good,0.660,0.463,0,israel turkish armenian jews war israeli,talk.politics.mideast,rec.motorcycles,talk.politics.mideast,want say agree point hope sides stop civilians
67,8749,9,edu com mail information send list,0.659,0.436,2,car new bike price sale cars,rec.autos,comp.sys.mac.hardware,misc.forsale,monthly posting regarding grand national type mailing list list owners parties interested grand types discussions include technical information parts sources particular emphasis given performance enhancements racing join ask mailing list contact request com
68,9132,9,edu com mail information send list,0.659,0.334,15,don just like know think good,sci.electronics,comp.sys.mac.hardware,rec.motorcycles,plug series scope mainframe going use scope interested let know price probably real cheap notice appeared posted showed local server dave medin phone ssd networking intergraph corp internet dtmedin catbyte ingr com huntsville uucp uunet ingr catbyte dtmedin look office
69,3538,8,president government people said program money,0.657,0.449,15,don just like know think good,alt.atheism,talk.politics.misc,rec.motorcycles,smell sig material bob beauchaine bobbe vice ico tek com said queens stay blew bronx away sank manhattan sea
70,734,5,drive card scsi disk dos windows,0.657,0.450,15,don just like know think good,comp.graphics,comp.sys.ibm.pc.hardware,rec.motorcycles,trying configure use logitech hand scanner acknowledge scanner anybody using scanner help thanks
71,2941,2,car new bike price sale cars,0.655,0.430,15,don just like know think good,misc.forsale,misc.forsale,rec.motorcycles,integrated amplifier looking rid works great integra series problem asking obo interested email address make offer todd
72,4398,4,health medical disease use patients food,0.653,0.370,15,don just like know think good,sci.med,sci.med,rec.motorcycles,extremely rare humans usually involved just mess sort birds vision don gordon banks skepticism chastity intellect geb cadre dsl pitt edu shameful surrender soon
73,9839,9,edu com mail information send list,0.652,0.398,15,don just like know think good,rec.autos,comp.sys.mac.hardware,rec.motorcycles,request discussion request discussion creation newsgroup concerning saab cars allow exchange information purchasing maintaining group rec autos saab status rationale people saab cars interested buying saab interested knowing reason justify new newsgroup recent growth net improve time question receiv
74,6307,5,drive card scsi disk dos windows,0.651,0.373,9,edu com mail information send list,comp.sys.mac.hardware,comp.sys.ibm.pc.hardware,comp.sys.mac.hardware,send follow ups comp sys mac advocacy sorry header does let easily change headers gave year trying sheet available ftp sumex aim stanford edu info mac report mac ibm txt mac ibm info version reason general data sheet information people camps clear accurate saying machines computer technology changin
75,3031,15,don just like know think good,0.650,0.373,2,car new bike price sale cars,rec.autos,rec.motorcycles,misc.forsale,popularity market room station comfortable sedan don carry say wants wagon anymore demand certainly economical build product jason
76,7165,8,president government people said program money,0.650,0.356,15,don just like know think good,talk.politics.misc,talk.politics.misc,rec.motorcycles,yea turned fool voters accepting borrow spend policies years expand economy trillion credit cards big deal deficit spending economy short term long term economy numerous reasons preferred taxpayers trillion instead reagan kept campaign promise balance budget need bush clinton raise taxes reagan bala
77,7803,9,edu com mail information send list,0.649,0.359,8,president government people said program money,alt.atheism,comp.sys.mac.hardware,talk.politics.misc,andrew cmu edu david andrew cmu edu yes mac michael cobb won raise taxes middle university illinois class pay programs champaign urbana clinton debate cobb lis uiuc edu
78,1674,0,israel turkish armenian jews war israeli,0.646,0.289,15,don just like know think good,talk.politics.mideast,talk.politics.mideast,rec.motorcycles,post deleted tell young men attack syrian troops guarantee peace happens lebanese youth unable violence unable realize actions stay south lebanon lebanese army able maintain peace israel israel soldiers die children israel withdraw lebanon peace treaty signed day withdraw casualties tell lebanese pe
79,1453,0,israel turkish armenian jews war israeli,0.646,0.351,15,don just like know think good,talk.politics.misc,talk.politics.mideast,rec.motorcycles,fishing rights disputed nations matter friendly fishing getting fight old stuff dealing land dispute saying fight fishing rights territorial dispute oregon territory called long resolved fishing rights small
80,695,16,people god does believe evidence say,0.645,0.414,15,don just like know think good,alt.atheism,alt.atheism,rec.motorcycles,quotation marks laws rules ones ones surely sort random chance lead society chaos
81,6510,4,health medical disease use patients food,0.644,0.432,15,don just like know think good,sci.med,sci.med,rec.motorcycles,gee risk high exercise low fat diet long term effects drug
82,9584,18,god jesus church bible christ christian,0.641,0.413,16,people god does believe evidence say,soc.religion.christian,soc.religion.christian,alt.atheism,posting deleted moderator replies generally contains error catholics believe god revealed truth explicitly recorded bible passed tradition church noted tradition church known sacred tradition ordinary human traditions believe additional truth revealed church public revelation basis catholic doctrine
83,9649,10,said people went didn came told,0.640,0.427,15,don just like know think good,talk.politics.guns,talk.religion.misc,rec.motorcycles,happened adobe kept hearing thought cult knew didn just talking heads line start
84,9879,10,said people went didn came told,0.639,0.374,15,don just like know think good,sci.med,talk.religion.misc,rec.motorcycles,mean comfortable putting bit hard evaluate straight point hands pointer fingers pointing straight forward spot wall feet away spot eyes open close left eye open left eye close right eye open right eye image jumped closed right eye right eye dominant image jumped closed left eye left eye dominant
85,6245,19,file entry output program section char,0.636,0.369,11,image software available ftp files graphics,comp.graphics,rec.sport.baseball,comp.graphics,places temp files just places current directory beg differ point batch file use launch cview dir cview resides time crash cview byte temp file root dir drive cview posted cview expert apparently thought knew better
86,4685,2,car new bike price sale cars,0.636,0.468,5,drive card scsi disk dos windows,misc.forsale,misc.forsale,comp.sys.ibm.pc.hardware,bought calculator month ago used box includes manual including high density disks packed dozens hundreds games programs need buy cable bucks use software shipping included best offer
87,1901,19,file entry output program section char,0.636,0.435,11,image software available ftp files graphics,comp.graphics,rec.sport.baseball,comp.graphics,places temp files just places current directory beg differ point batch file use launch cview dir cview resides time crash cview byte temp file root dir drive cview posted cview uses root directory drive cview trouble reading large files floppy suspect uses root directory drive image files
88,8868,2,car new bike price sale cars,0.634,0.457,17,power use water ground wire used,misc.forsale,misc.forsale,sci.electronics,integrated amplifier looking rid integra series works great problem asking obo interested email address make offer todd
89,8980,4,health medical disease use patients food,0.634,0.483,15,don just like know think good,sci.med,sci.med,rec.motorcycles,effective treating effective fact drug choice cases community acquired
90,7942,4,health medical disease use patients food,0.634,0.367,15,don just like know think good,sci.med,sci.med,rec.motorcycles,gosh famous liking makes like spite just kidding gordon banks skepticism chastity intellect geb cadre dsl pitt edu shameful surrender soon
91,1678,9,edu com mail information send list,0.632,0.398,11,image software available ftp files graphics,comp.sys.ibm.pc.hardware,comp.sys.mac.hardware,comp.graphics,email post microsoft file format wish research using format disks available video clips interesting sound video thank mark gregory gregory edu fax royal institute technology department communication electronic engineering box australia
92,3870,7,time use used number point different,0.632,0.401,17,power use water ground wire used,comp.sys.mac.hardware,rec.autos,sci.electronics,clearly depends type questions asking cases fine critical information firing frequency maximum action seconds signal details signal shape resolution bit sufficient does problem cases interested level pre amplifier coupled critical point lowest frequency pass point high action slightly distorted norm
93,7505,7,time use used number point different,0.631,0.485,13,team game year games play season,sci.space,rec.autos,rec.sport.hockey,missed big difference plane exactly state positions equal addition proposed bob
94,6458,5,drive card scsi disk dos windows,0.630,0.431,11,image software available ftp files graphics,comp.os.ms-windows.misc,comp.sys.ibm.pc.hardware,comp.graphics,using canon printer driver comes windows having problem printing page numbers page print page number page anybody similar problem does anybody solution problem thanks business uwo
95,6249,7,time use used number point different,0.629,0.382,5,drive card scsi disk dos windows,comp.sys.ibm.pc.hardware,rec.autos,comp.sys.ibm.pc.hardware,interesting idea worst case data patterns developed test magnetic media totally different patterns used detect common faults memory chips
96,7291,13,team game year games play season,0.629,0.457,15,don just like know think good,rec.sport.baseball,rec.sport.hockey,rec.motorcycles,shouldn read braves hitters aaa club dale stephenson uiuc edu baseball fanatic
97,4942,15,don just like know think good,0.628,0.339,17,power use water ground wire used,sci.electronics,rec.motorcycles,sci.electronics,heh heh heh heh laugh damn did thing actually essentially electronics just different face plate fortunately tubes don explode think want make possibility remote possible glass blows result glass tube case don kick fixed getting hold turned blown resistor feeding transformer guess original resistor b
98,9869,15,don just like know think good,0.627,0.407,13,team game year games play season,rec.sport.hockey,rec.motorcycles,rec.sport.hockey,wow probably reason current assistant coach drew won thanks news finnish netters comment
99,6436,2,car new bike price sale cars,0.627,0.407,5,drive card scsi disk dos windows,misc.forsale,misc.forsale,comp.sys.ibm.pc.hardware,brand new used seagate hard drive forsale paid includes mounting bought ended buying new computer
100,5214,13,team game year games play season,0.627,0.363,15,don just like know think good,rec.sport.baseball,rec.sport.hockey,rec.motorcycles,hey fans knocking prediction baltimore mailbox good good noticed got strong chance columbus don tell relying guy fourth fifth fourth starter pitching staff early braves chop chop michael
101,9875,15,don just like know think good,0.626,0.390,2,car new bike price sale cars,rec.motorcycles,rec.motorcycles,misc.forsale,bet price helmet okay feet higher maybe wear way worried wind blast face inability hear police helmet little damaged helmet subject fitting just like looks current getting little old crashed couple years ago hard impact head hip took care price consideration hear good cheap mildly mildly paranoid he
102,993,8,president government people said program money,0.625,0.484,15,don just like know think good,sci.space,talk.politics.misc,rec.motorcycles,current mining regulations fees set called want simply bring fees line current economic reality currently mining companies access public lands low prices like mining lobby decades managed block reform fees fact latest attempt reform blocked president clinton compromised taking mining fee budget plan
103,4815,12,key encryption chip clipper keys privacy,0.625,0.403,6,window server motif widget use application,sci.crypt,sci.crypt,comp.windows.x,begin pgp signed message btw able pgp produce signature end message procedure thanks try pgp sat signing enjoy derek pgp key available request key server pgp public keys mit edu begin pgp signature version end pgp signature
104,1728,16,people god does believe evidence say,0.625,0.473,15,don just like know think good,alt.atheism,alt.atheism,rec.motorcycles,explain position statement typing practice using think relates said
105,689,16,people god does believe evidence say,0.624,0.342,7,time use used number point different,alt.atheism,alt.atheism,rec.autos,science process modeling real world based commonly agreed interpretations observations perceptions values refer meaning example computer science value true false science based commonly agreed values interpretation observations science result values values science objective fully agreed change time v
106,9696,11,image software available ftp files graphics,0.624,0.386,9,edu com mail information send list,comp.os.ms-windows.misc,comp.graphics,comp.sys.mac.hardware,look ftp cica indiana edu pub util misc program zip close want want hope helps
107,4320,2,car new bike price sale cars,0.624,0.334,15,don just like know think good,rec.autos,misc.forsale,rec.motorcycles,yes consumer confusion early fuel crisis wanted better fuel mileage fuel cheapest fuel available usually provides better mileage comparable engines decided gas engine engine think liter big mistake engine converted engine handle higher compression lots problems cars big red flag casual observer don 
108,774,9,edu com mail information send list,0.624,0.346,5,drive card scsi disk dos windows,comp.sys.ibm.pc.hardware,comp.sys.mac.hardware,comp.sys.ibm.pc.hardware,edu tue apr received edu edu tue apr edt received edu tue apr edt message edu date tue apr edt edu david edu subject problem status running dos problem dos loaded alt del computer times rapidly hangs use obscure reset requires power switch reboot does solution problem mail edu dave thanks dave david
109,4191,11,image software available ftp files graphics,0.624,0.505,5,drive card scsi disk dos windows,comp.windows.x,comp.graphics,comp.sys.ibm.pc.hardware,written device driver use ascension bird xwindows
110,71,11,image software available ftp files graphics,0.624,0.463,6,window server motif widget use application,comp.os.ms-windows.misc,comp.graphics,comp.windows.x,developing windows based product uses screen window display data product microsoft windows enable blind individuals access data efficiently quickly email responses post summary group
111,4667,5,drive card scsi disk dos windows,0.623,0.442,15,don just like know think good,comp.sys.ibm.pc.hardware,comp.sys.ibm.pc.hardware,rec.motorcycles,looking buy monitor soon decide monitor buy mag dpi version using tube nanao mind does know specification problems monitor actually related opinions buying monitor welcomed thanks advance
112,2809,7,time use used number point different,0.622,0.488,15,don just like know think good,sci.med,rec.autos,rec.motorcycles,center laser small material center surgeon cuts near edge heal entirely different mechanisms action different place
113,7162,19,file entry output program section char,0.622,0.481,11,image software available ftp files graphics,comp.sys.mac.hardware,rec.sport.baseball,comp.graphics,following postscript works laserwriter version roms begin true begin add pop exit loop quit
114,149,15,don just like know think good,0.621,0.345,11,image software available ftp files graphics,comp.os.ms-windows.misc,rec.motorcycles,comp.graphics,edited newsgroup line don like compare recently got deskjet pleased output remember used laser postscript printers school looks good careful let dry touching deskjet slow comparison printers mentioned idea interface printer just problems hope helps moore
115,7369,2,car new bike price sale cars,0.620,0.421,15,don just like know think good,rec.autos,misc.forsale,rec.motorcycles,definitely safety important buying car won buy small car like civic great safety handling speed dead small car large car accident
116,83,5,drive card scsi disk dos windows,0.618,0.394,15,don just like know think good,sci.electronics,comp.sys.ibm.pc.hardware,rec.motorcycles,does know processor atari used looking pin outs atari does idea related information rom chips used games available email important thanks million btw works worked atari really use help old email willing help alot
117,4734,16,people god does believe evidence say,0.617,0.339,15,don just like know think good,soc.religion.christian,alt.atheism,rec.motorcycles,thank people given good answers questions follow jason smith posting address issues caused misunderstanding yes degree excellent discussion sci nature scientific work weeks ago hope did escape notice correct word likely way sure models theories absolutely correct theories backed evidence proved theo
118,696,15,don just like know think good,0.617,0.411,4,health medical disease use patients food,sci.med,rec.motorcycles,sci.med,need information particularly result skin really wanted know occur result yes disappear long does heal hair grow healed tissue cream applied regularly better exposed let fresh air help info matter small appreciated greatly
119,5008,5,drive card scsi disk dos windows,0.617,0.473,2,car new bike price sale cars,sci.electronics,comp.sys.ibm.pc.hardware,misc.forsale,info modern better dual trace appreciated buy used new mail thanks advance ken
120,6040,8,president government people said program money,0.616,0.351,7,time use used number point different,sci.med,talk.politics.misc,rec.autos,intensive japanese university pittsburgh summer university pittsburgh offering intensive japanese language courses summer courses intensive elementary japanese intensive intermediate japanese week credit courses equivalent year japanese language study begin june end august courses meet days week hou
121,9287,4,health medical disease use patients food,0.616,0.367,15,don just like know think good,sci.med,sci.med,rec.motorcycles,try skin base hard don want hurt nice little gordon banks skepticism chastity intellect geb cadre dsl pitt edu shameful surrender soon
122,7413,8,president government people said program money,0.615,0.475,15,don just like know think good,alt.atheism,talk.politics.misc,rec.motorcycles,anne frank exhibit makes small little world afternoon bob beauchaine bobbe vice ico tek com said queens stay blew bronx away sank manhattan sea
123,6705,2,car new bike price sale cars,0.615,0.483,15,don just like know think good,misc.forsale,misc.forsale,rec.motorcycles,years old model ccd zoom works perfectly uses tapes years ago plus shipping best offer
124,6235,9,edu com mail information send list,0.615,0.448,15,don just like know think good,sci.space,comp.sys.mac.hardware,rec.motorcycles,good idea just leave tommy mac tom radius vision increases ibm msu edu circumference mystery grows
125,4150,17,power use water ground wire used,0.614,0.425,15,don just like know think good,comp.sys.mac.hardware,sci.electronics,rec.motorcycles,boot problem usually low power supply adjustment supply voltage low probably bad
126,2570,17,power use water ground wire used,0.613,0.447,7,time use used number point different,comp.sys.mac.hardware,sci.electronics,rec.autos,reply did information specs use term follows bit converter bit accuracy khz bit accuracy khz specs inputs sharing single inputs samples time conversion specs channel sample rate used channels unknown quality bits khz channel quality national instruments sample rate bit converter specs output channel
127,7568,1,space nasa launch earth satellite shuttle,0.612,0.501,17,power use water ground wire used,sci.space,sci.space,sci.electronics,national air space museum prototype film years ago prototype display film continuously repeating
128,3528,6,window server motif widget use application,0.611,0.479,15,don just like know think good,comp.windows.x,comp.windows.x,rec.motorcycles,possible run mit based sun board patches supporting sun frame buffers does appear know buying ipx
129,6561,15,don just like know think good,0.609,0.370,2,car new bike price sale cars,sci.electronics,rec.motorcycles,misc.forsale,catalog dunno happened long ago forget company make legend slip really nice reasonably priced tell tried places allow use legend suggestion appreciated
130,5536,9,edu com mail information send list,0.608,0.504,11,image software available ftp files graphics,sci.med,comp.sys.mac.hardware,comp.graphics,britain information different complete isbn published britain
131,4366,14,gun law guns government people state,0.605,0.409,15,don just like know think good,talk.politics.guns,talk.politics.guns,rec.motorcycles,far affects crime rate did rate crime fall ban use rate violent crime matters tools used crime stupid apparently weapon choice shotguns banned decide car choice saab propose ban yes trust honest people time jmd handheld com
132,720,9,edu com mail information send list,0.604,0.473,15,don just like know think good,comp.os.ms-windows.misc,comp.sys.mac.hardware,rec.motorcycles,beats want real fun rob winter philips research building box netherlands tel mail philips
133,2409,15,don just like know think good,0.604,0.362,13,team game year games play season,rec.sport.hockey,rec.motorcycles,rec.sport.hockey,mentioned question chip yep asked days ago agree raymond play took time did chelios gets close second barrasso finally gets close eddie eagle case bias acceptable shows norris pick impressed coaches mentioned did pick folks thought isles playoffs let contend division granted did little help like isl
134,1755,9,edu com mail information send list,0.604,0.475,15,don just like know think good,talk.politics.guns,comp.sys.mac.hardware,rec.motorcycles,people expect act republicans did steve phone nasa lewis research center cleveland ohio email lerc nasa gov
135,4605,2,car new bike price sale cars,0.604,0.392,15,don just like know think good,rec.autos,misc.forsale,rec.motorcycles,tire leak fix doesn work engine hot accurate check oil engine cool gas station
136,6239,15,don just like know think good,0.603,0.314,13,team game year games play season,rec.sport.hockey,rec.motorcycles,rec.sport.hockey,worst thing exactly did year rangers msg different games time yes cover just coverage think money best way devils announcer unbiased goes goals despite team scores excited possible great saves did good job explaining certain things non hockey types offending follow sport unlike nbc playoff time flam
137,5394,5,drive card scsi disk dos windows,0.602,0.398,2,car new bike price sale cars,misc.forsale,comp.sys.ibm.pc.hardware,misc.forsale,unless noted mainly interested used items following sale contact email edu phone michael beck progress street virginia info possible brand age condition wanted computer cheap tape drive pretty kind used memory model new used macintosh computer chip new used colorado tape drive megabyte tapes used ke
138,7021,2,car new bike price sale cars,0.602,0.447,15,don just like know think good,rec.autos,misc.forsale,rec.motorcycles,wasn original intent reverse lights driver backing reverse lights sides useful telling cars backing path car don think warnings original colored white
139,6609,11,image software available ftp files graphics,0.601,0.464,15,don just like know think good,comp.os.ms-windows.misc,comp.graphics,rec.motorcycles,need use service bureau set use type fonts heard pure results fonts type good using high quality type fonts place
140,3306,10,said people went didn came told,0.600,0.485,15,don just like know think good,talk.politics.misc,talk.religion.misc,rec.motorcycles,just power does house lords said snapped authur garrett johnson just culture shock wait till garrett ingres com settled situation start douglas adams
141,4835,15,don just like know think good,0.600,0.469,2,car new bike price sale cars,rec.autos,rec.motorcycles,misc.forsale,answer question sort robust version army vehicle early called thing course convertible seen good luck
142,7775,15,don just like know think good,0.600,0.421,5,drive card scsi disk dos windows,comp.sys.mac.hardware,rec.motorcycles,comp.sys.ibm.pc.hardware,just read article thing puzzles article says serial device does mean modem time want print
143,6313,17,power use water ground wire used,0.600,0.498,15,don just like know think good,sci.electronics,sci.electronics,rec.motorcycles,illegal receive land mobile telephone service don mobile land mobile telephone service ship shore telephone service
144,2522,15,don just like know think good,0.600,0.462,6,window server motif widget use application,comp.windows.x,rec.motorcycles,comp.windows.x,heard italian guy motif binaries haven heard anybody doing thing linux follow linux news group pretty closely missed love hold motif linux
145,2708,15,don just like know think good,0.600,0.348,13,team game year games play season,rec.sport.hockey,rec.motorcycles,rec.sport.hockey,local joe louis arena mean local stadium red wings games played fairly recently early comes mind far know rest post basically correct meant local simply detroit incredibly picky okay sorry
146,8974,8,president government people said program money,0.600,0.413,15,don just like know think good,talk.politics.misc,talk.politics.misc,rec.motorcycles,bit unfair blame clinton administration initiative underway bush administration basically effort establishment effort brought
147,5381,12,key encryption chip clipper keys privacy,0.600,0.415,15,don just like know think good,sci.crypt,sci.crypt,rec.motorcycles,david sure flaws logic naive market proprietary weak encryption truly strong encryption unable compete suppose govt secret broadcast standard sold cost private industry better standard widespread govt early market cheap proprietary sets industry technology better programming broadcast govt standard 
148,6885,12,key encryption chip clipper keys privacy,0.599,0.455,15,don just like know think good,sci.crypt,sci.crypt,rec.motorcycles,sure aren watched let remind tip nixon extensively used nsa watch people didn like according puzzle presumably nsa restricted conducting american surveillance foreign intelligence surveillance act series presidential beginning issued president ford following richard nixon bold misuse nsa explicitly 
149,2143,0,israel turkish armenian jews war israeli,0.599,0.393,16,people god does believe evidence say,talk.politics.mideast,talk.politics.mideast,alt.atheism,wrong zionism fact anti exist prevent jews living peace does mean agree jews jews kill christian children commited acknowledge believe things adam adam shostack adam das harvard edu
150,6707,0,israel turkish armenian jews war israeli,0.599,0.354,15,don just like know think good,talk.politics.mideast,talk.politics.mideast,rec.motorcycles,funny suppose fact israel attack jordan till jordan attacked israel explain attack syria syria enter war israel till day way funny implying reason israel capture egypt
151,8472,2,car new bike price sale cars,0.597,0.379,15,don just like know think good,rec.autos,misc.forsale,rec.motorcycles,friend brought subaru recently drove times think great car esp snow took local subaru dealer oil change came dollars dealer told change oil filter necessary metal cover engine took hour think ripped phone dealer toronto charging roughly price owner problem oil change story true engineer subaru looks
152,2250,7,time use used number point different,0.596,0.405,12,key encryption chip clipper keys privacy,sci.crypt,rec.autos,sci.crypt,recently published new privacy protecting line electronic cash technical report phd student david cryptography group group long history research field privacy protecting cash systems report called contains pages ftp directory pub postscript file suitable abstract present new line electronic cash bas
153,5730,16,people god does believe evidence say,0.594,0.459,15,don just like know think good,alt.atheism,alt.atheism,rec.motorcycles,agree hard feeling believing grand grand mother told dancing outside early preferred accept statement provided truth life hard cheers kent
154,6489,2,car new bike price sale cars,0.593,0.468,15,don just like know think good,misc.forsale,misc.forsale,rec.motorcycles,month old sega genesis barely used controller original box gets bundle shipped turns mail interested marvel modern technology
155,9908,5,drive card scsi disk dos windows,0.593,0.373,2,car new bike price sale cars,misc.forsale,comp.sys.ibm.pc.hardware,misc.forsale,unless noted mainly interested used items following sale contact email edu phone michael beck progress street virginia info possible brand age condition wanted computer cheap tape drive pretty kind used memory model new used macintosh computer chip new used colorado tape drive megabyte tapes used ke
156,1649,15,don just like know think good,0.593,0.301,13,team game year games play season,rec.sport.baseball,rec.motorcycles,rec.sport.hockey,certainly didn earn games did blow world series ones started yes definitely morris better clemens don shit boston alomar ward toronto jack clark jeff reardon things looked little different fall credit credit praise morris makes sick willing bet don finish sixth willing bet don finish odds willing be
157,3396,5,drive card scsi disk dos windows,0.593,0.495,15,don just like know think good,comp.sys.ibm.pc.hardware,comp.sys.ibm.pc.hardware,rec.motorcycles,documentation says wordperfect windows requires ram try install laptop memory error message unloaded possibly memory ideas happening
158,5379,13,team game year games play season,0.592,0.384,15,don just like know think good,rec.sport.baseball,rec.sport.hockey,rec.motorcycles,just lost rangers minutes ago happy pitching rick runs innings puts season didn winter wound know mussina mcdonald better pitching prospects fans scared steve
159,5198,16,people god does believe evidence say,0.592,0.459,15,don just like know think good,rec.sport.baseball,alt.atheism,rec.motorcycles,actually simply reasoning called genius writer agree reasoning foolish time say foolish aware responding
160,3823,8,president government people said program money,0.592,0.423,15,don just like know think good,alt.atheism,talk.politics.misc,rec.motorcycles,bobby hell sig learn stands really mean bob beauchaine bobbe vice ico tek com said queens stay blew bronx away sank manhattan sea
161,9186,17,power use water ground wire used,0.592,0.448,2,car new bike price sale cars,sci.electronics,sci.electronics,misc.forsale,understand radar passive device like radio car work antenna picking radar signals radar gun sends way detecting radar detector detecting radio car
162,8554,2,car new bike price sale cars,0.591,0.329,15,don just like know think good,rec.autos,misc.forsale,rec.motorcycles,hand land just simply nice shit load power room fully cost think worth money problem accident doesn usually break unless forget oil change miles stupid like body parts parts hard locate parts priced friend accident past snow storm waiting bumper passenger test drive land cruiser look like toys magaz
163,981,2,car new bike price sale cars,0.590,0.415,15,don just like know think good,rec.motorcycles,misc.forsale,rec.motorcycles,tue apr gmt wibbled came right hand going mph going mph driving traffic lane crossing line fully totally south bound lane lane direction haven got nick english biker dod concise oxford left right lud
164,7598,0,israel turkish armenian jews war israeli,0.590,0.392,10,said people went didn came told,talk.politics.mideast,talk.politics.mideast,talk.religion.misc,israel line thursday april today reports women injured rocket fell center community rocket dozen fired communities northern israel yesterday terrorist organization brave men lebanese resistance israeli son place grave moral israel occupation drawing attention israeli government policy disregard civi
165,7641,10,said people went didn came told,0.590,0.401,0,israel turkish armenian jews war israeli,talk.politics.mideast,talk.religion.misc,talk.politics.mideast,source men like leonard company indianapolis pages memoirs armenian officer participated genocide million muslim people paragraph soon asleep night persistent crying child went investigate moon enabled make way revealed tragedy enacted child crying entered yard house judged appearance home turkish f
166,6534,15,don just like know think good,0.589,0.312,4,health medical disease use patients food,sci.med,rec.motorcycles,sci.med,waiting thinking good large group possible experience kind thing know members medical community admit importance diet foods play general health guess worried sick appreciate ideas sorry wanted really going don know specifically colleague child disease mental comes seizure disorder parents noticed th
167,7601,11,image software available ftp files graphics,0.588,0.471,15,don just like know think good,comp.graphics,comp.graphics,rec.motorcycles,understand difference studio mainly interface small bug fixes code runs lot faster newest version
168,7747,15,don just like know think good,0.588,0.387,1,space nasa launch earth satellite shuttle,sci.space,rec.motorcycles,sci.space,assuming won moon base unless makes profit actually does gives larger gnp leads able spend money military including gosh wow space stuff assuming paying able hardly think couple centuries significant activity moon
169,917,15,don just like know think good,0.588,0.478,17,power use water ground wire used,rec.autos,rec.motorcycles,sci.electronics,exactly problem cal did local pick heater set worked little bit slow change better
170,5753,15,don just like know think good,0.588,0.390,18,god jesus church bible christ christian,soc.religion.christian,rec.motorcycles,soc.religion.christian,long think good things come want miss point love god come love loves doing good sign try harder romans sign seek god aware jesus presence usually want wants love weakness
171,2875,12,key encryption chip clipper keys privacy,0.587,0.530,7,time use used number point different,sci.crypt,sci.crypt,rec.autos,thanks topic wider audience making decision intend prevent private sector developing government approval algorithms effective privacy
172,5883,11,image software available ftp files graphics,0.587,0.447,6,window server motif widget use application,comp.graphics,comp.graphics,comp.windows.x,hello trying map gif sphere work image mapping works mapping simple file working kind soul tell whats wrong include colors include include camera location direction right object color white object sphere texture gif gif note gif plasma fractal using palette map thanks advance daniel
173,8102,15,don just like know think good,0.587,0.434,18,god jesus church bible christ christian,alt.atheism,rec.motorcycles,soc.religion.christian,readers asked post list church fundamental beliefs warn long list post sunday sabbath coming soon won reading saturday don time greatly appreciate touch going hope weekend hope best far
174,7759,1,space nasa launch earth satellite shuttle,0.587,0.277,9,edu com mail information send list,comp.graphics,sci.space,comp.sys.mac.hardware,presentations navy scientific visualization virtual reality seminar tuesday june division naval surface warfare center david taylor research center bethesda maryland sponsor ness navy engineering software day navy scientific visualization virtual reality seminar purpose seminar present exchange info
175,6764,15,don just like know think good,0.586,0.450,2,car new bike price sale cars,rec.motorcycles,rec.motorcycles,misc.forsale,question shall carry thing bike given metal frame big approx high hoping able cord experiences experimentation pack possible able just make sure doesn bend break like rear
176,9148,15,don just like know think good,0.585,0.432,5,drive card scsi disk dos windows,comp.sys.mac.hardware,rec.motorcycles,comp.sys.ibm.pc.hardware,fine experts try track yup kinda curious scsi problems encountered cabling
177,9821,15,don just like know think good,0.584,0.401,5,drive card scsi disk dos windows,comp.sys.mac.hardware,rec.motorcycles,comp.sys.ibm.pc.hardware,hmmm sounds vaguely similar problem long time ago trying use kermit building serial connection duo think problem basically need make sure protocol sides safe place start selecting end problem serial chip permanently talk wrong reset clear don know specifics screws attempts doing things right eventua
178,1693,15,don just like know think good,0.584,0.444,16,people god does believe evidence say,talk.politics.mideast,rec.motorcycles,alt.atheism,mis labels fundamentalists isn sort thing help understand muslims label
179,5328,8,president government people said program money,0.584,0.379,7,time use used number point different,sci.med,talk.politics.misc,rec.autos,intensive japanese university pittsburgh summer university pittsburgh offering intensive japanese language courses summer courses intensive elementary japanese intensive intermediate japanese week credit courses equivalent year japanese language study begin june end august courses meet days week hou
180,8103,4,health medical disease use patients food,0.584,0.434,15,don just like know think good,sci.med,sci.med,rec.motorcycles,huge good mri sets big cost millions dollars wants reading scan gordon banks skepticism chastity intellect geb cadre dsl pitt edu shameful surrender soon
181,337,9,edu com mail information send list,0.583,0.347,4,health medical disease use patients food,sci.med,comp.sys.mac.hardware,sci.med,newsgroups sci med path news larc nasa gov wisc edu com jpl nasa gov mps ohio state edu reston net eng com athena uga edu uga edu michael covington sender usenet athena uga edu nntp posting host uga edu organization programs university georgia athens references larc nasa gov edu date fri apr gmt lin
182,5550,7,time use used number point different,0.583,0.504,15,don just like know think good,sci.med,rec.autos,rec.motorcycles,difference purposes sampling sound similar intended detect different things
183,6136,5,drive card scsi disk dos windows,0.581,0.461,15,don just like know think good,sci.electronics,comp.sys.ibm.pc.hardware,rec.motorcycles,bought chip technology tried build decoder circuit working pinouts possibly voltage specs sure appreciated fax email snail mail copy spec sheet chip better email help thanks advance
184,6988,11,image software available ftp files graphics,0.581,0.481,5,drive card scsi disk dos windows,comp.graphics,comp.graphics,comp.sys.ibm.pc.hardware,majority users floppy picture roms like use cview fast works moron lacked create temp file program path current
185,5572,11,image software available ftp files graphics,0.580,0.507,7,time use used number point different,comp.graphics,comp.graphics,rec.autos,anybody know algorithm cube surfaces siggraph hints
186,494,1,space nasa launch earth satellite shuttle,0.580,0.493,15,don just like know think good,comp.graphics,sci.space,rec.motorcycles,andrew graphics got think little bit make deal bizarre problem working time known work feb thu mar est include stdio include math define double static double radius static double static double static double double int double double double int pole double double double radius north pole radius sin ra
187,9460,8,president government people said program money,0.579,0.350,0,israel turkish armenian jews war israeli,talk.politics.mideast,talk.politics.misc,talk.politics.mideast,washington senior state department official tuesday ruled attitudes iraq said relations iran islamic regime improve substantially government international terrorism despite calling harsh rhetoric gulf despite position permanent hostility islamic republic iran david mack deputy assistant secretary ne
188,2621,15,don just like know think good,0.579,0.474,2,car new bike price sale cars,rec.autos,rec.motorcycles,misc.forsale,real horn come hard little pressure plate hope toyota doesn follow make little buttons wouldn want john
189,5893,15,don just like know think good,0.579,0.469,11,image software available ftp files graphics,comp.graphics,rec.motorcycles,comp.graphics,successfully converted graphics heard love hear mike
190,9312,9,edu com mail information send list,0.578,0.420,5,drive card scsi disk dos windows,comp.sys.ibm.pc.hardware,comp.sys.mac.hardware,comp.sys.ibm.pc.hardware,list rom scsi interface known present market mail reading group post summary wanted thanks phone iii email sub org bach fax iii
191,7777,13,team game year games play season,0.577,0.356,15,don just like know think good,rec.sport.baseball,rec.sport.hockey,rec.motorcycles,depends mean living year led league pinch hit bats getting lot abs earlier time player abs early career year just going dodgers peak years talking guy year career career batting average career hits
192,7157,5,drive card scsi disk dos windows,0.576,0.490,15,don just like know think good,comp.sys.ibm.pc.hardware,comp.sys.ibm.pc.hardware,rec.motorcycles,info regarding usr recently dropped going buy used external fax fax selling brand new good modems warranty carry info appreciated kevin
193,553,15,don just like know think good,0.576,0.397,5,drive card scsi disk dos windows,comp.sys.mac.hardware,rec.motorcycles,comp.sys.ibm.pc.hardware,absolutely reason differences dram access time cause difference simms problem used memory different speeds problems whatsoever long fast faster minimum requirement fine just curiosity did actually try problem told wouldn work tried curiosity know exactly dealer talked like basing recommendation
194,8081,10,said people went didn came told,0.576,0.355,0,israel turkish armenian jews war israeli,talk.politics.mideast,talk.religion.misc,talk.politics.mideast,attention israel line friday april arabs killed soldiers wounded west bank car bomb explosion israel defense forces radio reports today car bomb explosion west bank today killed palestinians wounded soldiers blast believed work suicide radio reports said car packed gas parked buses belonging civilia
195,6786,10,said people went didn came told,0.576,0.275,0,israel turkish armenian jews war israeli,talk.politics.mideast,talk.religion.misc,talk.politics.mideast,sdpa org criminals nazis action fascist government got away genocide million turkish men women children enjoying fruits genocide criminal organization away genocide cover june major uprising took place leadership famous nazi moslem burnt hundreds soldiers killed hundreds civilians armenians occupied
196,8604,7,time use used number point different,0.576,0.379,18,god jesus church bible christ christian,soc.religion.christian,rec.autos,soc.religion.christian,knowing greek hebrew probably picky translations english translations source information verse comes substantially different different trans certainly unclear original bad practice shop translation fits positions personally like good strong preference beginning verse verses paragraphs verse relative
197,3610,10,said people went didn came told,0.575,0.439,15,don just like know think good,talk.politics.misc,talk.religion.misc,rec.motorcycles,easy right american know said snapped authur garrett johnson just culture shock wait till garrett ingres com settled situation start douglas adams
198,3468,15,don just like know think good,0.574,0.394,16,people god does believe evidence say,alt.atheism,rec.motorcycles,alt.atheism,hypothetical conscious beings ignore circumstances genetics environment experiences self determined course idea hell makes idea free dubious hand idea hell powerful idea parable main character blah blah blah day pointed mean looking gun said say hell thought believe follow instructions given avoid g
199,6908,15,don just like know think good,0.574,0.453,2,car new bike price sale cars,rec.motorcycles,rec.motorcycles,misc.forsale,wave just eye course hard shield hey true rider real riding attitude sense
200,5447,10,said people went didn came told,0.574,0.481,2,car new bike price sale cars,rec.motorcycles,talk.religion.misc,misc.forsale,professionals train guard dogs gave chance survival trained dog unarmed trained guard dog story local dog used chase time really annoying finally started stopping time chase didn know usually just road couple weeks stopped altogether chase cars bikes think recognized went mike rose dod research tita
201,1726,16,people god does believe evidence say,0.573,0.430,15,don just like know think good,talk.politics.misc,alt.atheism,rec.motorcycles,gay men promiscuous straight men shows damaged screwed gay men
202,3355,2,car new bike price sale cars,0.573,0.519,15,don just like know think good,rec.motorcycles,misc.forsale,rec.motorcycles,make new york state pleasant ride beautiful good road surface minimal traffic want seven lakes drive just reasons plus road hills sweeping turns old forest
203,8186,15,don just like know think good,0.572,0.463,11,image software available ftp files graphics,comp.os.ms-windows.misc,rec.motorcycles,comp.graphics,shows file having lots spaces means broken try download did uudecode successfully
204,862,15,don just like know think good,0.572,0.440,17,power use water ground wire used,sci.electronics,rec.motorcycles,sci.electronics,really don know post question figured board appropriate wondering massive concrete cylinders present nuclear sites look like cylinders middle does anybody know actual purpose things hear called cooling towers heck cool hope help
205,4142,5,drive card scsi disk dos windows,0.572,0.476,15,don just like know think good,comp.sys.ibm.pc.hardware,comp.sys.ibm.pc.hardware,rec.motorcycles,stuff deleted just note address megs dram stealth vlb handle meg unless diamond newer design special deal
206,2117,9,edu com mail information send list,0.571,0.443,15,don just like know think good,misc.forsale,comp.sys.mac.hardware,rec.motorcycles,hotel nights mid week sun hotel available canada nights days june letter credit fully issued hotel room number available hotels canada reputable hotel company provides hotel stays low prices letter credit normally works solid summer check directly available dates member hotels use letter credit june
207,1663,15,don just like know think good,0.571,0.327,2,car new bike price sale cars,rec.motorcycles,rec.motorcycles,misc.forsale,motorcycle motorcycle sucks really like advice good starter bike know thing need make bike good buying second time soon question specifically interested racing bikes cbr know sound kind crazy considering bike responsible fast love advice think help search including places look specific bikes want se
208,8348,16,people god does believe evidence say,0.571,0.473,15,don just like know think good,alt.atheism,alt.atheism,rec.motorcycles,try thing relates navy men say mom love mom makes men bobby mozumder isc edu april
209,3931,9,edu com mail information send list,0.570,0.452,15,don just like know think good,sci.electronics,comp.sys.mac.hardware,rec.motorcycles,interested information subject better know start say saves packet thanks advance chris chris smith ole guitar uni university quest build hardware computer science sun certainly ball flaming gas lawrence
210,2732,9,edu com mail information send list,0.570,0.497,15,don just like know think good,soc.religion.christian,comp.sys.mac.hardware,rec.motorcycles,excuse seeking pro life activists page opinions activities willing participate research email privately bitnet replies anonymous prior kept confidential thank help purdue
211,5208,1,space nasa launch earth satellite shuttle,0.569,0.278,9,edu com mail information send list,comp.os.ms-windows.misc,sci.space,comp.sys.mac.hardware,presentations navy scientific visualization virtual reality seminar tuesday june division naval surface warfare center david taylor research center bethesda maryland sponsor ness navy engineering software day navy scientific visualization virtual reality seminar purpose seminar present exchange info
212,308,15,don just like know think good,0.569,0.380,13,team game year games play season,rec.sport.hockey,rec.motorcycles,rec.sport.hockey,good old days lived florida florida sake watch hockey night espn usa coverage nights guess simple home office look past solve problem present course shouldn complain getting watch playoffs change espn realise teams patrick sounds like book
213,4978,15,don just like know think good,0.569,0.379,2,car new bike price sale cars,rec.motorcycles,rec.motorcycles,misc.forsale,step rear cage pass make positive possible pass fully make sure attempt make driver aware getting area vision applies lane making pass positively possible try look rear view shoulder accelerate lane speed missed seeing potential trying thing worse saw pass successfully aren going fast suite tries ri
214,7183,19,file entry output program section char,0.569,0.496,11,image software available ftp files graphics,sci.electronics,rec.sport.baseball,comp.graphics,sorry german hope understand der die board job pads logic reports net list select pads pcb net list output file filename pads pcb ascii ascii input file filename errors file filename mit
215,5332,15,don just like know think good,0.569,0.430,6,window server motif widget use application,comp.windows.x,rec.motorcycles,comp.windows.x,yes possible fact widget code usr named ibm right exact location warning code feels quite bogus does things like calling extracting window worked just fine aix spent weekend trying port doesn like turning hard job check info pages pretty good documentation mixing doing
216,6022,2,car new bike price sale cars,0.568,0.510,15,don just like know think good,misc.forsale,misc.forsale,rec.motorcycles,hello folks super scope sale comes boxes instructions included shipping included got month used twice
217,7987,2,car new bike price sale cars,0.568,0.481,15,don just like know think good,misc.forsale,misc.forsale,rec.motorcycles,windows package sale new shrink wrapped asking consider trade used floppy drive leave message interested
218,2546,9,edu com mail information send list,0.567,0.429,15,don just like know think good,sci.space,comp.sys.mac.hardware,rec.motorcycles,wondering faq files posted quarterly monthly days feeling
219,4795,15,don just like know think good,0.565,0.552,2,car new bike price sale cars,talk.politics.guns,rec.motorcycles,misc.forsale,questions like ask able dealers license second dear old good place learn replies appreciated john
220,397,12,key encryption chip clipper keys privacy,0.565,0.471,15,don just like know think good,sci.crypt,sci.crypt,rec.motorcycles,just question provider public bbs service aren bound law access data users bbs police comes guessed basic condition systems did run bbs time ago switzerland friendly greetings
221,9982,7,time use used number point different,0.565,0.495,15,don just like know think good,comp.sys.ibm.pc.hardware,rec.autos,rec.motorcycles,favorite line post general prepare looking ways useful parts
222,1187,0,israel turkish armenian jews war israeli,0.564,0.411,15,don just like know think good,talk.politics.mideast,talk.politics.mideast,rec.motorcycles,ignorance obvious posting cyprus independent country turkish greek inhabitants greek island like ignorant posting claims cyprus english time read learn post
223,4315,1,space nasa launch earth satellite shuttle,0.564,0.357,15,don just like know think good,sci.space,sci.space,rec.motorcycles,command loss timer timer does just says indicates probe lost data link receiving commands command loss timer believe probe starts search earth sequence involving antenna pointing attitude changes consume fuel try communications ops sent periodically periods real commands sent just probe knows haven 
224,4756,15,don just like know think good,0.564,0.375,0,israel turkish armenian jews war israeli,talk.politics.mideast,rec.motorcycles,talk.politics.mideast,maybe maybe working secret turkish service know called shit don worry turks turn terrorist actions like armenians sure killed know torture sounds like tough guy watch going translate consistently translate things serve ugly purpose people ottoman times usually killed cutting heads sending country ot
225,2718,9,edu com mail information send list,0.564,0.545,15,don just like know think good,comp.sys.mac.hardware,comp.sys.mac.hardware,rec.motorcycles,check issue macworld new servers cover favorite
226,9955,0,israel turkish armenian jews war israeli,0.564,0.518,15,don just like know think good,talk.politics.misc,talk.politics.mideast,rec.motorcycles,czech republic republic admitted early year recently admitted san months incredible passes nation state nowadays
227,7522,15,don just like know think good,0.563,0.504,2,car new bike price sale cars,comp.os.ms-windows.misc,rec.motorcycles,misc.forsale,included package advertising net couple weeks ago good way ted low price does remember
228,9260,4,health medical disease use patients food,0.563,0.534,18,god jesus church bible christ christian,talk.religion.misc,sci.med,soc.religion.christian,christian washed blood lamb washed blood bull netland process new religion use lamb bull reserved choose animal preferably species list
229,7569,15,don just like know think good,0.563,0.361,2,car new bike price sale cars,rec.motorcycles,rec.motorcycles,misc.forsale,motorcycle motorcycle sucks really like advice good starter bike know thing need make bike good buying second time soon question specifically interested racing bikes cbr know sound kind crazy considering bike responsible fast love advice think help search including places look specific bikes want se
230,2493,15,don just like know think good,0.562,0.450,2,car new bike price sale cars,sci.space,rec.motorcycles,misc.forsale,doug actually memory serves atlas old titan icbm probably quite old pads albeit need able buy pad including facility prices strikes pretty damned cheap
231,8128,5,drive card scsi disk dos windows,0.561,0.462,11,image software available ftp files graphics,comp.os.ms-windows.misc,comp.sys.ibm.pc.hardware,comp.graphics,looking printer driver windows does anybody happen know beast thanks advance jerry
232,3107,15,don just like know think good,0.561,0.324,5,drive card scsi disk dos windows,comp.sys.ibm.pc.hardware,rec.motorcycles,comp.sys.ibm.pc.hardware,help really got ripped need help bought maxtor esdi tech paid repaired deal thing works fine low level formats bad spots music sectors start going bad time norton disk doctor keeps fixes minutes day run dice sectors just use heard works happens goes returns active use course problem getting worse wo
233,3090,7,time use used number point different,0.561,0.413,1,space nasa launch earth satellite shuttle,sci.space,rec.autos,sci.space,astronomy physics orthodox claim looking field theory forces universe explained single set laws equations systematically ignoring excellent years late comprehensive general theory physical universe calls built fundamental physical mathematical space time physical universe composed entirely component
234,700,15,don just like know think good,0.561,0.512,16,people god does believe evidence say,talk.politics.misc,rec.motorcycles,alt.atheism,don know everybody convicted evidence mind quite sufficient
235,916,17,power use water ground wire used,0.561,0.350,2,car new bike price sale cars,misc.forsale,sci.electronics,misc.forsale,heavy duty commercial tiny inch vhf watt channel handheld way radio motorola expo purchased new amateur frequencies absolute condition dropped opened business band slot original price motorola expo vhf comes portable charger antenna manual new cad pack housing belt clip motorola extra new cad pack m
236,8256,15,don just like know think good,0.560,0.427,0,israel turkish armenian jews war israeli,talk.politics.mideast,rec.motorcycles,talk.politics.mideast,gives right home muslim jewish religion heck mentions shamir did years ago way does today arabs right does
237,9043,8,president government people said program money,0.560,0.507,15,don just like know think good,alt.atheism,talk.politics.misc,rec.motorcycles,dictionary available gain hand knowledge suffering posts bob beauchaine bobbe vice ico tek com said queens stay blew bronx away sank manhattan sea
238,2625,15,don just like know think good,0.560,0.419,2,car new bike price sale cars,rec.motorcycles,rec.motorcycles,misc.forsale,actually believe discussed countersteering horse basically ways steer horse neck keeping separate pull direction wish neck horse holding hand pulling horse neck direction wish training steering horse neck technique cross neck left right pulls right neck left bit horse used days sorry asked
239,7936,0,israel turkish armenian jews war israeli,0.559,0.497,15,don just like know think good,talk.politics.mideast,talk.politics.mideast,rec.motorcycles,people commented figured add comments kong higher population fundamental right work country closing strip punishment security measure stop people israelis dozens minus stabbed death days ago adam adam shostack adam das harvard edu
240,6860,6,window server motif widget use application,0.559,0.402,11,image software available ftp files graphics,comp.windows.x,comp.windows.x,comp.graphics,developed toolkit running window toolkit languages based facility know kinds implementation mit release original implementation toolkit uses toolkit manages character size based font management order typed character strings character sets means type compound string ascii mixed example given element 
241,3469,16,people god does believe evidence say,0.559,0.340,15,don just like know think good,talk.religion.misc,alt.atheism,rec.motorcycles,stuff deleted andy think agree given clarification using terms fact theory add think feel strongly separating usage quite valid add rejection does way reduce current usefulness long accurately predicts describes things observe pain ass reason don just say theory evolution asking thread got started b
242,9608,18,god jesus church bible christ christian,0.559,0.405,16,people god does believe evidence say,soc.religion.christian,soc.religion.christian,alt.atheism,deletion trying explain immaculate conception assumption mary true genesis story god concerned adam eve eat tree life live forever like gods eating tree life away effects eating tree knowledge reason assume eaten tree life eternal life basis saying taken away wages sin spiritual death necessarily ph
243,9854,0,israel turkish armenian jews war israeli,0.559,0.371,15,don just like know think good,talk.politics.mideast,talk.politics.mideast,rec.motorcycles,trying say massacres let tell good jokes thing like jewish killing wwii palestinians just did davidians did years fact killed war time place people die gets killed maybe didn die vietnam war killed american just maybe jews just liked gas chambers forced thought like cocaine think isn stupid say stup
244,4919,15,don just like know think good,0.559,0.443,7,time use used number point different,talk.religion.misc,rec.motorcycles,rec.autos,like described joseph campbell described levels initiation think don know campbell got info remember thinking little quite bit haven read campbell try
245,2590,0,israel turkish armenian jews war israeli,0.558,0.426,15,don just like know think good,talk.politics.mideast,talk.politics.mideast,rec.motorcycles,just comment early israelis said willing rule occupied palestineans palestineans refused refuse settlement denies right self determination period know israeli voices negotiations guess refuse giving land right palestinean voices current negotiations called peace process peace founded predictions isr
246,3007,10,said people went didn came told,0.558,0.427,15,don just like know think good,talk.politics.misc,talk.religion.misc,rec.motorcycles,isn calling fun think happened think broke building wasn just look draw picture said snapped authur garrett johnson just culture shock wait till garrett ingres com settled situation start douglas adams
247,9039,15,don just like know think good,0.558,0.402,2,car new bike price sale cars,rec.motorcycles,rec.motorcycles,misc.forsale,help got friend shopping motorcycle great unfortunately needs seat great far thing old unhappy looking time tap collective memory anybody know models old models used bikes problem lower seat make difficult prefer end cruiser bonus points listing tiny standards remember thread point similar passing m
248,1764,11,image software available ftp files graphics,0.558,0.532,5,drive card scsi disk dos windows,comp.windows.x,comp.graphics,comp.sys.ibm.pc.hardware,written device driver use ascension bird xwindows
249,5777,9,edu com mail information send list,0.558,0.397,1,space nasa launch earth satellite shuttle,sci.space,comp.sys.mac.hardware,sci.space,need information rocket possible purpose launch date location short help tony ryan astronomy space new international magazine available astronomy ireland box ireland issues year sub pounds surface add access visa accepted number date address
250,3219,10,said people went didn came told,0.557,0.355,0,israel turkish armenian jews war israeli,talk.politics.mideast,talk.religion.misc,talk.politics.mideast,article reflects ignorance people turkiye know quite greece greek abandon idea cyprus remain eternally greece someday cost parties involved history speaks greece sole invasion island sent troops july attempt legitimate government following greek attempt island greece aid greek army turkiye using leg
251,9295,7,time use used number point different,0.557,0.449,11,image software available ftp files graphics,comp.graphics,rec.autos,comp.graphics,rendering programs require surface point direction closed cube point use points faces determine direction normal making sure points clockwise counter clockwise order direction given set points edges faces say cube faces facing face best way realize face flipped points ordered thought good way tellin
252,2387,10,said people went didn came told,0.557,0.374,15,don just like know think good,talk.politics.guns,talk.religion.misc,rec.motorcycles,valley near virginia wife friend wife kids totally mountain area sudden large rocks began raining looking saw letting loose rocks obvious couple feet women kids screaming running cover laughter friend knock responded friend drew fired couple times trees heads ran pound rocks coming heads proceeded j
253,9633,9,edu com mail information send list,0.556,0.478,15,don just like know think good,sci.electronics,comp.sys.mac.hardware,rec.motorcycles,bob correct way look old picture tube manual backs does reference data handbook internal aluminum face referred outer didn need library water dave medin phone ssd networking intergraph corp internet dtmedin catbyte ingr com huntsville uucp uunet ingr catbyte dtmedin look office
254,4449,16,people god does believe evidence say,0.556,0.412,15,don just like know think good,alt.atheism,alt.atheism,rec.motorcycles,does anybody bobby post said like don know men women islamic countries maybe atheists killing female children personal favorite
255,2747,1,space nasa launch earth satellite shuttle,0.555,0.288,9,edu com mail information send list,comp.graphics,sci.space,comp.sys.mac.hardware,presentations navy scientific visualization virtual reality seminar tuesday june division naval surface warfare center david taylor research center bethesda maryland sponsor ness navy engineering software day navy scientific visualization virtual reality seminar purpose seminar present exchange info
256,3710,2,car new bike price sale cars,0.555,0.459,15,don just like know think good,rec.autos,misc.forsale,rec.motorcycles,stuff dodge shadow deleted mean models models cars chrysler models models fleet manager bought way hell shadow reliable car models sold chrysler dept lies damned lies statistics claim
257,4427,18,god jesus church bible christ christian,0.555,0.534,15,don just like know think good,soc.religion.christian,soc.religion.christian,rec.motorcycles,actually book called seventh day believe beliefs believe printed publishing association competition law cooperation law civilization
258,3564,9,edu com mail information send list,0.555,0.538,11,image software available ftp files graphics,comp.sys.ibm.pc.hardware,comp.sys.mac.hardware,comp.graphics,need definitions spec benchmarks background material welcome email point anonymous ftp server appreciate thanks
259,287,6,window server motif widget use application,0.554,0.459,5,drive card scsi disk dos windows,comp.windows.x,comp.windows.x,comp.sys.ibm.pc.hardware,remember reading ncd functionality given ncd mit inclusion true set mode cheap just wait compressed serial line server support thanks
260,9961,11,image software available ftp files graphics,0.554,0.460,15,don just like know think good,comp.os.ms-windows.misc,comp.graphics,rec.motorcycles,posted apps group didn response try trying use help feature available emacs windows read need separate zip file zip file convert windows help files gotten command help work
261,549,15,don just like know think good,0.554,0.521,17,power use water ground wire used,sci.med,rec.motorcycles,sci.electronics,somebody explain used vaguely test tubes really fast remember want purely bored sitting rack time
262,7040,15,don just like know think good,0.553,0.462,14,gun law guns government people state,sci.crypt,rec.motorcycles,talk.politics.guns,yes btw appropriate amendments posted time ago just month ago expressed belief right means shoot neighbor necessary ensure people right free got flamed lots american gun supporters thought mind new cripple chip purely american problem deal mess just wanted share bit experience living years regime th
263,3256,11,image software available ftp files graphics,0.553,0.374,1,space nasa launch earth satellite shuttle,sci.space,comp.graphics,sci.space,current orbital elements line element sets carried bbs updated daily possible documentation tracking software available service satellite user community current elements current shuttle mission provided bbs accessed hours day bps using data bits stop bit parity element sets updated daily shuttle ele
264,1073,7,time use used number point different,0.552,0.353,15,don just like know think good,sci.med,rec.autos,rec.motorcycles,does method work heard newsgroup years ago just got hold book improve sight simple daily authorized instructor method published talks vision improvement exercise study method actually works works actually previously increasing lens ability order compensate long result logical approach correction way
265,8131,15,don just like know think good,0.551,0.337,13,team game year games play season,rec.sport.baseball,rec.motorcycles,rec.sport.hockey,wasn injured yesterday hit face ball running bases heard possible broken nose park let feel era doubts fan favorite gets dumped gonna outstanding return let add cal recieved years game compare billy btw getting knocked pretty good rangers fourth
266,1956,13,team game year games play season,0.551,0.460,15,don just like know think good,rec.sport.baseball,rec.sport.hockey,rec.motorcycles,subject let forget shea designed accommodate mets jets stadium think box seats oriented right angles baseball parallel football course jets gone jersey truly good football stadium mets stadium circular seats far action mets murphy particular beautiful shea stadium truly
267,9464,9,edu com mail information send list,0.551,0.470,1,space nasa launch earth satellite shuttle,sci.space,comp.sys.mac.hardware,sci.space,neil prof tom son tom comets latest does bear observing latest comet jim arizona edu lunar planetary laboratory university arizona usa
268,3096,2,car new bike price sale cars,0.551,0.475,15,don just like know think good,rec.motorcycles,misc.forsale,rec.motorcycles,going buy bmw just cast vote thought gonna buy bmw superior power handling
269,9830,8,president government people said program money,0.551,0.446,15,don just like know think good,talk.politics.misc,talk.politics.misc,rec.motorcycles,selective service registration abolished start draft immoral agree don military experts agree quality armed forces superior volunteer army finally government lists computers irs social security motor vehicle needs maintaining list people utter waste money time let axe department reduce deficit littl
270,7771,13,team game year games play season,0.551,0.475,15,don just like know think good,rec.sport.hockey,rec.sport.hockey,rec.motorcycles,matter teams helsinki best finland eventually end teams big league
271,9905,8,president government people said program money,0.551,0.452,15,don just like know think good,sci.space,talk.politics.misc,rec.motorcycles,maybe russians involved resources need capital goal wonder russians resources
272,1477,15,don just like know think good,0.550,0.403,13,team game year games play season,rec.sport.baseball,rec.motorcycles,rec.sport.hockey,hal mcrae worst manager baseball seen guy waste talent like best raw talent league finding way lose surprised makes weeks unless improvement
273,6650,15,don just like know think good,0.550,0.423,13,team game year games play season,rec.sport.hockey,rec.motorcycles,rec.sport.hockey,guys need list teams hot cold games doesn need accurate rough guess enter playoff pool want know hot going playoffs don need mention pittsburgh need sunday
274,6012,14,gun law guns government people state,0.550,0.484,16,people god does believe evidence say,talk.politics.guns,talk.politics.guns,alt.atheism,citizens accepted moral responsibility protect lives innocent victims lying dead criminals walking streets crimes
275,9361,15,don just like know think good,0.550,0.384,5,drive card scsi disk dos windows,comp.os.ms-windows.misc,rec.motorcycles,comp.sys.ibm.pc.hardware,sorry don want alarm don think correlation crashes ami pro ran compress problems think problems related filling disk bytes left think wouldn matter ami pro wasn running time space available immediately anyways cause working
276,4032,13,team game year games play season,0.550,0.386,15,don just like know think good,rec.sport.hockey,rec.sport.hockey,rec.motorcycles,seen game player committed penalties like require attention creating scoring opportunity relationship free throws awarded certain number obviously easier score basketball opportunities basketball team scores points chances average number shots taken team hockey game total guess probably team lucky m
277,6340,18,god jesus church bible christ christian,0.550,0.341,16,people god does believe evidence say,talk.religion.misc,soc.religion.christian,alt.atheism,hardly consider christian acting direct contradiction scripture jesus second coming know jesus predicted false use prophecy fulfilled agree given life god god tells lay life save life judge christians acts christian scripture actions christian simple read media ask true believing christian deny asso
278,9769,17,power use water ground wire used,0.549,0.356,15,don just like know think good,sci.electronics,sci.electronics,rec.motorcycles,sound like simple minded question time need designing relatively simple chip circuits based things like know light logic high got lying wanted things using digital logic know having pulse signal just problem assuming need negative yes negative logic high thing turn direction opposite direction turn 
279,2394,16,people god does believe evidence say,0.548,0.348,15,don just like know think good,alt.atheism,alt.atheism,rec.motorcycles,thing heard doesn work moral really people discuss morality daily basis kind evolutionary like little novel use phrase based sufficiently familiar mean based significance argument like know particular moral beliefs raise topic considered quite happy invent moral belief air
280,3217,12,key encryption chip clipper keys privacy,0.548,0.491,2,car new bike price sale cars,sci.crypt,sci.crypt,misc.forsale,gee guess repository house keys car keys safety deposit keys
281,9542,6,window server motif widget use application,0.547,0.523,5,drive card scsi disk dos windows,comp.windows.x,comp.windows.x,comp.sys.ibm.pc.hardware,problem graphics card comes ipx fixed problem apply patch patch used file didn apply came patch jeff
282,3209,9,edu com mail information send list,0.547,0.461,15,don just like know think good,sci.electronics,comp.sys.mac.hardware,rec.motorcycles,seen speedometer reading model sure makes consider difficulty reading various makes cars use seen single beam moving mode split beam moving mode dave medin phone ssd networking intergraph corp internet dtmedin catbyte ingr com huntsville uucp uunet ingr catbyte dtmedin look office
283,4442,2,car new bike price sale cars,0.547,0.480,15,don just like know think good,rec.motorcycles,misc.forsale,rec.motorcycles,bike turn left lean right just like motorcycle supports contact patch centre mass theory lean contradicts need countersteering induced lean bike contradicts motorcycle morning saw bike sea care watched lengthy carefully case speed riders turned left left right right words countersteering bikes
284,9677,5,drive card scsi disk dos windows,0.546,0.458,7,time use used number point different,comp.sys.ibm.pc.hardware,comp.sys.ibm.pc.hardware,rec.autos,does experience report disk data compression effect optimal disk sector expect time required disk data increase disk sector alan
285,866,15,don just like know think good,0.545,0.360,2,car new bike price sale cars,rec.motorcycles,rec.motorcycles,misc.forsale,folks going buying bike considering honda miles does sound like reasonable choice special need know thanks
286,2629,0,israel turkish armenian jews war israeli,0.544,0.515,15,don just like know think good,talk.politics.mideast,talk.politics.mideast,rec.motorcycles,just address point rocket attacks lebanon claimed responsibility didn realize use disarmed page today new york times high ranking official month old son members attempts resulting deaths
287,1382,15,don just like know think good,0.544,0.439,13,team game year games play season,rec.sport.baseball,rec.motorcycles,rec.sport.hockey,responding yankees comment teams sure thing lost probably unreasonable pick team did
288,6487,0,israel turkish armenian jews war israeli,0.544,0.557,18,god jesus church bible christ christian,talk.politics.mideast,talk.politics.mideast,soc.religion.christian,islam just tax judaism non jews allowed wish effort convert adam shostack adam das harvard edu
289,2030,9,edu com mail information send list,0.543,0.446,17,power use water ground wire used,misc.forsale,comp.sys.mac.hardware,sci.electronics,got transmitter linear amplifier tube unused original packaging opened guarantee tube operate observation paperwork say unused transmitter test offers dave medin phone ssd networking intergraph corp internet dtmedin catbyte ingr com huntsville uucp uunet ingr catbyte dtmedin look office
290,4622,16,people god does believe evidence say,0.543,0.516,15,don just like know think good,talk.politics.guns,alt.atheism,rec.motorcycles,think legal term negligent homicide nice brain general lack paranoia willingness thoughts public tend agree said assume foul motives stupidity jim
291,6714,9,edu com mail information send list,0.543,0.441,2,car new bike price sale cars,rec.motorcycles,comp.sys.mac.hardware,misc.forsale,rec motorcycles gold tek com cleveland apr shop bike bay area prices higher state check newspapers prices large main public library ought number town papers hewlett packard communications components division san jose corp com dod
292,5067,0,israel turkish armenian jews war israeli,0.542,0.290,15,don just like know think good,talk.politics.mideast,talk.politics.mideast,rec.motorcycles,stuff deleted break capital letters pure nonsense short sighted armenians hoping turkey stay stop think moment armenia doesn need drag conflict huh didn expect azeri friendly forces fighting borders playing deck turkey invade throwing cyprus header hopes greek netters jump gun yes turkey military in
293,9143,7,time use used number point different,0.541,0.416,9,edu com mail information send list,sci.electronics,rec.autos,comp.sys.mac.hardware,seen various different numbers dial number read phone company list point book list different numbers failing tell ohio
294,9807,15,don just like know think good,0.541,0.417,5,drive card scsi disk dos windows,comp.os.ms-windows.misc,rec.motorcycles,comp.sys.ibm.pc.hardware,really hate make decision recently choose stacker dos double space poor using hope choose live windows help appreciated
295,1621,15,don just like know think good,0.541,0.403,9,edu com mail information send list,sci.electronics,rec.motorcycles,comp.sys.mac.hardware,tell decoder know link output circuit link make sorry like lame question newbie electronics circuit make mail possible
296,8602,18,god jesus church bible christ christian,0.540,0.527,15,don just like know think good,alt.atheism,soc.religion.christian,rec.motorcycles,agree spend energy god satan angels god tells
297,1473,13,team game year games play season,0.540,0.399,9,edu com mail information send list,rec.sport.hockey,rec.sport.hockey,comp.sys.mac.hardware,deal want know want know roger need keith keller let rangers let quakers kkeller mail sas upenn edu ivy league champs
298,7320,15,don just like know think good,0.539,0.429,5,drive card scsi disk dos windows,misc.forsale,rec.motorcycles,comp.sys.ibm.pc.hardware,amd recent won appeal intel use putting real chips near future
299,1760,10,said people went didn came told,0.538,0.481,15,don just like know think good,talk.politics.guns,talk.religion.misc,rec.motorcycles,mention story today admitted starting forget don exist today saw starting surveillance showed starting fires morning press conference tomorrow excuse reporter pointed brought shouted tanks knocking started
300,3060,15,don just like know think good,0.538,0.510,13,team game year games play season,rec.sport.hockey,rec.motorcycles,rec.sport.hockey,sick watching american names like gretzky names accept sitting bull wolves north america doing
301,4719,15,don just like know think good,0.538,0.454,16,people god does believe evidence say,alt.atheism,rec.motorcycles,alt.atheism,perfect perfect isn going stay way forever machines exist thought laws mechanics stating atheist
302,8431,2,car new bike price sale cars,0.538,0.501,9,edu com mail information send list,misc.forsale,misc.forsale,comp.sys.mac.hardware,diamond ring gold band diamond dollars sell dollars available request send mail edu
303,4865,7,time use used number point different,0.538,0.509,9,edu com mail information send list,comp.sys.ibm.pc.hardware,rec.autos,comp.sys.mac.hardware,market small like comments main names major differences particular preference look avoid thanks input provide tamu edu
304,2077,9,edu com mail information send list,0.538,0.502,11,image software available ftp files graphics,comp.graphics,comp.sys.mac.hardware,comp.graphics,address ftp site holds images correct address jupiter csd jupiter csd edu directory pub library info
305,5737,2,car new bike price sale cars,0.538,0.466,15,don just like know think good,rec.motorcycles,misc.forsale,rec.motorcycles,jonathan thu apr gmt wibbled lots things quoted think average dirt biker jump foot log log suspended ground matter log suspended ground little imagination don jump lay bike slide jonathan nice thing horses break middle eat fuel bit cheaper nick biker dod concise oxford lud
306,3433,15,don just like know think good,0.537,0.419,11,image software available ftp files graphics,comp.os.ms-windows.misc,rec.motorcycles,comp.graphics,package called cica haven able want don exact archive handy like blah zip tom convex com speak
307,2439,15,don just like know think good,0.537,0.419,0,israel turkish armenian jews war israeli,talk.politics.mideast,rec.motorcycles,talk.politics.mideast,true maybe worst possible true add stupid intifada israeli leader including shamir really thinks occupied territories worth trouble question question price best thing palestinians days stop intifada try live normally possible know hard occupation people think years stone throwing justified caused pa
308,2597,15,don just like know think good,0.537,0.346,13,team game year games play season,rec.sport.baseball,rec.motorcycles,rec.sport.hockey,don know rushed big ben mcdonald didn time minors course balls used aaa large gave mcdonald forcing times learning majors course wild thing olson mike deserved young mussina didn spend time minors read pitchers likely need time minors maybe let steve sept
309,9734,14,gun law guns government people state,0.536,0.514,15,don just like know think good,talk.politics.guns,talk.politics.guns,rec.motorcycles,com revolver try pistol trigger does hammer like glock requires slide gun function high capacity revolver think glock manual safety heavier trigger pull
310,8555,5,drive card scsi disk dos windows,0.536,0.493,11,image software available ftp files graphics,comp.os.ms-windows.misc,comp.sys.ibm.pc.hardware,comp.graphics,ftp site speaker sound driver sound exe file claims driver suspicious drv file thats file self extracting archive run drv file michael
311,9204,6,window server motif widget use application,0.536,0.501,15,don just like know think good,comp.windows.x,comp.windows.x,rec.motorcycles,code deleted man page discussion resources specifies bell sound action reversed verification callback setting false callback text field turn behavior set resource false
312,4278,15,don just like know think good,0.535,0.535,5,drive card scsi disk dos windows,comp.sys.ibm.pc.hardware,rec.motorcycles,comp.sys.ibm.pc.hardware,specs monitor changed know going new soon
313,9045,15,don just like know think good,0.534,0.357,13,team game year games play season,rec.sport.hockey,rec.motorcycles,rec.sport.hockey,patrick division got little interesting night islanders lost devils tied pens means isles beat devils friday meet caps playoffs comments islanders hockey general need chest islanders whalers think islanders shape guys suck wind period come little run gas soon goal games guys lost games pretty wide o
314,2574,10,said people went didn came told,0.534,0.421,15,don just like know think good,sci.med,talk.religion.misc,rec.motorcycles,justified pissed doctor saturday evening year old son cut finger badly knife took local general care clinic clinic open till went told doctor came told doctor someplace did want delayed minutes response questions trips room told doctor doing paperwork doctor look finger advise going emergency room d
315,5481,13,team game year games play season,0.534,0.446,15,don just like know think good,rec.sport.baseball,rec.sport.hockey,rec.motorcycles,clear certainly team winning games games game luck going play bigger role game
316,6007,7,time use used number point different,0.534,0.551,0,israel turkish armenian jews war israeli,talk.politics.misc,rec.autos,talk.politics.mideast,widely stated non mainstream sources cia large popular elected left leaning widely recognized outside seen mentioned mainstream media iran
317,7610,15,don just like know think good,0.534,0.426,13,team game year games play season,rec.sport.hockey,rec.motorcycles,rec.sport.hockey,yeah deal devils number year saying caps aren good team habs past years just won past
318,266,13,team game year games play season,0.534,0.504,15,don just like know think good,rec.sport.hockey,rec.sport.hockey,rec.motorcycles,detroit game mon night octopus thrown ice meaning used throw fish ice years ago knew came
319,1912,10,said people went didn came told,0.534,0.416,15,don just like know think good,talk.politics.guns,talk.religion.misc,rec.motorcycles,tell think happened people come hands weeks ago release children compound david koresh vernon jesus christ saw lengthy excerpts australian documentary clearly showed cult pleased batf handling affair think badly start don think responsible started different places
320,4760,6,window server motif widget use application,0.533,0.469,11,image software available ftp files graphics,comp.os.ms-windows.misc,comp.windows.x,comp.graphics,windows resource toolkit add entry ini file section sets command com size value setting value small big rounded value current size actual environment setting disabled specify environment size file command com setting setting default msdos versions earlier default value option shell command config sy
321,3182,2,car new bike price sale cars,0.533,0.534,17,power use water ground wire used,misc.forsale,misc.forsale,sci.electronics,pull window white light filtering wide high cut width brand new best quality vinyl coated mounting included bought
322,9201,0,israel turkish armenian jews war israeli,0.533,0.401,16,people god does believe evidence say,talk.politics.mideast,talk.politics.mideast,alt.atheism,based reasons mean opposed intervention somalia somalia european country instead world desire help somalia racist don think reason applies somalia point somalia world country willing send troops bosnia exactly european countries theory predict similarly desire help muslims fought christians exactly 
323,4172,5,drive card scsi disk dos windows,0.533,0.473,6,window server motif widget use application,comp.os.ms-windows.misc,comp.sys.ibm.pc.hardware,comp.windows.x,think need exe let expanded mem active use extended mem windows bases covered use familiar
324,6530,4,health medical disease use patients food,0.533,0.359,15,don just like know think good,sci.med,sci.med,rec.motorcycles,does stand couldn posting curiosity especially entity typically causes bone pain gets frequently manipulating cancer bone highly dangerous seen cases happened resulting damage including instance knowing read rays really help stay trouble know mets look like gordon banks skepticism chastity intellect
325,2641,4,health medical disease use patients food,0.533,0.423,15,don just like know think good,sci.med,sci.med,rec.motorcycles,recall reading recently revised edition yeast connection work researchers course working theory candida tissue associated mild inflammatory response does occur large number people reject yeast hypothesis guess view research stay tuned jon noring charter member infj club
326,5425,15,don just like know think good,0.533,0.372,18,god jesus church bible christ christian,alt.atheism,rec.motorcycles,soc.religion.christian,know just occurred today christian thing blamed solely mary married joseph gets knocked think joe finds getting mary comes ridiculous story god making pregnant nice attempt chris close missed conspiracy step joseph knew knocked couldn let known somebody got mary wouldn popularity local circles happe
327,2479,15,don just like know think good,0.532,0.367,2,car new bike price sale cars,rec.motorcycles,rec.motorcycles,misc.forsale,dropped seat bike trying rock heck paint spent bottle model paint scratches chips minutes realized cage currently running bike store wanting mess paint job said heck just use old helmet standard didn notice big difference switched switching really bad doesn fit worth damn wide sides short bloody nor
328,5909,5,drive card scsi disk dos windows,0.532,0.488,6,window server motif widget use application,comp.os.ms-windows.misc,comp.sys.ibm.pc.hardware,comp.windows.x,hey somebody tell possible work mouse non windows application runs window use windows clipper applications exists routines mail thanks efforts oliver university phone fax email uni simple mouse com mouse sys loaded dos run windows note don need files loaded use mouse windows need video driver comple
329,9513,12,key encryption chip clipper keys privacy,0.532,0.450,2,car new bike price sale cars,sci.crypt,sci.crypt,misc.forsale,don know classified remember unless authorized govt illegal tempest shield equipment effective tempest shielding difficult think jim edu agent
330,1330,6,window server motif widget use application,0.532,0.448,5,drive card scsi disk dos windows,comp.windows.x,comp.windows.x,comp.sys.ibm.pc.hardware,article boeing com boeing com timothy sounds suspiciously like company background series designed accelerators designed sun sun vendor systems said products support multi screen multi display workstation cards keyboard mouse port used provide additional displays example say sparcstation expansion al
331,6632,9,edu com mail information send list,0.531,0.419,7,time use used number point different,misc.forsale,comp.sys.mac.hardware,rec.autos,buy books asking just make offer probably geometry authur simon copyright date avg condition readable writing good software fortran graham smith handbook copyright page writing guide problem solving approach edition good condition general chemistry principles modern applications fourth edition big b
332,6294,16,people god does believe evidence say,0.531,0.429,15,don just like know think good,alt.atheism,alt.atheism,rec.motorcycles,apologize posting thought going talk origins took definitions nonetheless apparent past arguments words imply like commonly accepted definitions used care
333,8389,9,edu com mail information send list,0.530,0.512,5,drive card scsi disk dos windows,comp.sys.mac.hardware,comp.sys.mac.hardware,comp.sys.ibm.pc.hardware,psi contact really good modem fax macintosh uci net amiga dennis corporation america america online internet com
334,5487,15,don just like know think good,0.530,0.368,13,team game year games play season,rec.sport.baseball,rec.motorcycles,rec.sport.hockey,maybe banks year old prospect hasn quickly liked year old highly young looked good spring spot jim houston mike hasn looked good spring believe spot gone hadn wanted starters personally believe highly scott shortstop played year minors moved left split maybe great spring terry good looking kid portl
335,6164,2,car new bike price sale cars,0.530,0.492,15,don just like know think good,rec.motorcycles,misc.forsale,rec.motorcycles,kinda like people wave return wave harley harley riders seldom wave duck don wave return waves tell michael com accepted
336,4965,5,drive card scsi disk dos windows,0.530,0.495,15,don just like know think good,comp.os.ms-windows.misc,comp.sys.ibm.pc.hardware,rec.motorcycles,exact failure word windows quick microsoft indicated problem drivers need diamond new drivers think version fixes problem later versions unaware
337,6111,14,gun law guns government people state,0.530,0.541,15,don just like know think good,talk.politics.misc,talk.politics.guns,rec.motorcycles,com james donald writes hello decision means tax wrong demonstrate rules procedure make unlikely discussion purposes makes legally representing teel try approach recommend bargain setting hot water daniel write deed case involved construction jointly common equal rights said land survivor thereof fe
338,2635,4,health medical disease use patients food,0.530,0.471,15,don just like know think good,sci.med,sci.med,rec.motorcycles,probably years new type possible maybe sooner mapping human start work manipulation using genetic engineering able insert genes want breeding ethical question make race disease free long lived gordon banks skepticism chastity intellect geb cadre dsl pitt edu shameful surrender soon
339,6982,15,don just like know think good,0.529,0.421,11,image software available ftp files graphics,comp.windows.x,rec.motorcycles,comp.graphics,considering making reasonably large application free distribution probably going use huge number standards open systems created lived fairly environment tools produced athena widget set humble opinion look like crap don know characteristic just poor taste programmers like app look little like mwm un
340,3259,4,health medical disease use patients food,0.529,0.464,15,don just like know think good,sci.med,sci.med,rec.motorcycles,girlfriend pain kidney stones says medical insurance removed question way treat effects help deeply appreciated advice literature thank
341,9706,15,don just like know think good,0.529,0.295,13,team game year games play season,rec.sport.baseball,rec.motorcycles,rec.sport.hockey,points lopez olson realizing lopez second coming frank thomas wisdom supporters essentially doing comparing lopez best players game really looking forward seeing miss superstar thomas remember advocate brought remember did sox martinez spot talent sure say convinced lopez near thomas season convince
342,5454,15,don just like know think good,0.528,0.488,16,people god does believe evidence say,alt.atheism,rec.motorcycles,alt.atheism,guess scientists probably aren mentioned stock television precious know just deep childhood takes progress religion away substantial reasoning neurons don mind don exist
343,5844,9,edu com mail information send list,0.528,0.516,15,don just like know think good,comp.sys.ibm.pc.hardware,comp.sys.mac.hardware,rec.motorcycles,argument going direct national previous post topic info regarding said don know original source series strongly suspect developed tell won buy uart national semiconductor jim include internet jim com graham ieee org icbm amateur radio beach
344,9700,12,key encryption chip clipper keys privacy,0.528,0.468,9,edu com mail information send list,sci.crypt,sci.crypt,comp.sys.mac.hardware,archive ripem faq update sun mar posting rough listing likely questions information ripem program public key mail encryption faq ripem written maintained marc indiana edu posted variety newsgroups monthly basis follow discussion specific ripem group alt security ripem month posting attempt comply st
345,1983,15,don just like know think good,0.528,0.442,6,window server motif widget use application,comp.graphics,rec.motorcycles,comp.windows.x,sure got information looking post general public load image root window add line end file assuming course client switches think pretty explain going leave terminal locks till kill knew hope helps
346,8167,15,don just like know think good,0.528,0.377,13,team game year games play season,rec.sport.hockey,rec.motorcycles,rec.sport.hockey,comparing cullen say valid winnipeg lousy defensive team hell does stand team puck end excuse jets playing hockey let check yes just barely allowed goals scored sounds awful lot like sounds like just better played solid way game friends finland claim capable did wouldn league lead goals planes chall
347,4929,18,god jesus church bible christ christian,0.528,0.445,15,don just like know think good,soc.religion.christian,soc.religion.christian,rec.motorcycles,missed postings waco david koresh second coming does tell second coming real thing unless person claiming obviously insane saying david koresh second coming christ somebody breaks word second coming koresh did promise come compound allowed radio broadcast didn did fool people knowledge bible christi
348,1555,17,power use water ground wire used,0.527,0.449,2,car new bike price sale cars,misc.forsale,sci.electronics,misc.forsale,sold receiver sale integrated digital receiver sold audio control graphic awesome broke bands channel filter tape monitor amazing real time spectrum microphone pink noise generator range adjustment display display average energy band average great checking loud display action speed settings adjust q
349,7564,8,president government people said program money,0.527,0.476,15,don just like know think good,alt.atheism,talk.politics.misc,rec.motorcycles,praying young young comes later bright little boy finds priest really wears bob beauchaine bobbe vice ico tek com said queens stay blew bronx away sank manhattan sea
350,4947,6,window server motif widget use application,0.527,0.496,12,key encryption chip clipper keys privacy,comp.windows.x,comp.windows.x,sci.crypt,greetings question upcoming release provide strong authentication clients server feature based authentication mechanism version used reply email thanks andre andre bellcore security andre bellcore com lane data services
351,2893,7,time use used number point different,0.526,0.560,15,don just like know think good,rec.motorcycles,rec.autos,rec.motorcycles,word heavy heavy turns require alot effort hard access large motor weak small anti
352,261,2,car new bike price sale cars,0.526,0.512,15,don just like know think good,rec.motorcycles,misc.forsale,rec.motorcycles,replaced bolt barrel tap wanted coffee just rev engine boiling pour cup hot water used tastes
353,5621,15,don just like know think good,0.526,0.412,5,drive card scsi disk dos windows,comp.graphics,rec.motorcycles,comp.sys.ibm.pc.hardware,yes did punch wrong numbers working late intended stating bytes bios just vesa tsr
354,9781,1,space nasa launch earth satellite shuttle,0.525,0.440,15,don just like know think good,sci.space,sci.space,rec.motorcycles,want goal cheaper remember isn government instead expensive launch pad just use ssto launch cheaper facility allen
355,96,16,people god does believe evidence say,0.525,0.424,0,israel turkish armenian jews war israeli,talk.politics.mideast,alt.atheism,talk.politics.mideast,claimed israelis used arrest kill neutral reporters assertion course total fabrication truth sure document sad event assume piece anti israel bullshit posted family does know teach children tell truth care retract error glad retract accusation liar document claim glad apologize calling liar failing 
356,8236,18,god jesus church bible christ christian,0.525,0.557,15,don just like know think good,talk.religion.misc,soc.religion.christian,rec.motorcycles,instruct teach way thou guide eye
357,7213,5,drive card scsi disk dos windows,0.525,0.414,15,don just like know think good,comp.sys.ibm.pc.hardware,comp.sys.ibm.pc.hardware,rec.motorcycles,familiar insight distribution network multimedia kits seriously considering buying insight kit bundled rom drive access time multi session photo capability pas sound card familiar insight know kit mean believe drive nec clear actually bundle sales people couldn straight answer yes oem questions excu
358,3369,2,car new bike price sale cars,0.525,0.417,17,power use water ground wire used,misc.forsale,misc.forsale,sci.electronics,curtis vhs vcr remote included works universal heads works great replaced stereo vcr paid years ago sell delivered obo radio shack stereo amp inputs tone left right volume speakers included compact unit plus shipping great amiga stereo output soundblaster output interested mail keith unc edu
359,7180,2,car new bike price sale cars,0.525,0.484,5,drive card scsi disk dos windows,misc.forsale,misc.forsale,comp.sys.ibm.pc.hardware,tektronix scope sale bandwidth portable series delayed sweep works fine don manual available various places probes shipping email info regards keith
360,9670,1,space nasa launch earth satellite shuttle,0.524,0.364,17,power use water ground wire used,sci.space,sci.space,sci.electronics,going shelf technology doesn maybe ssf design goals gee fred bitter defense khz power basic technology ssf think support minor research program like does knows particle physics know prove technology
361,7163,15,don just like know think good,0.524,0.409,2,car new bike price sale cars,rec.motorcycles,rec.motorcycles,misc.forsale,need advice having ride ninja time taken extended ride read farther block riding fairly roads road hamilton loop bay communication work just slow reasonable speeds hear say mph really communicate balance new real pain know going react steering people catch immediately lean completely leaning thing b
362,650,15,don just like know think good,0.524,0.548,5,drive card scsi disk dos windows,comp.sys.mac.hardware,rec.motorcycles,comp.sys.ibm.pc.hardware,changed battery thing shortly problem happened noticed number bus errors lately
363,5806,11,image software available ftp files graphics,0.524,0.382,1,space nasa launch earth satellite shuttle,sci.space,comp.graphics,sci.space,current orbital elements line element sets carried bbs updated daily possible documentation tracking software available service satellite user community current elements current shuttle mission provided bbs accessed hours day bps using data bits stop bit parity element sets updated daily shuttle ele
364,5397,11,image software available ftp files graphics,0.523,0.528,6,window server motif widget use application,comp.windows.x,comp.graphics,comp.windows.x,sgi distribution indigo line possibly include source code widget fits motif based wish ask ibm support
365,6843,8,president government people said program money,0.523,0.431,15,don just like know think good,talk.politics.misc,talk.politics.misc,rec.motorcycles,true required insurance law method collection effectively makes tax right hoping selfish pity don look years bush selfish bastard country elect selfish bastard government run country thats selfish bush gave tax breaks ultra rich paid middle class
366,2624,2,car new bike price sale cars,0.522,0.362,15,don just like know think good,rec.motorcycles,misc.forsale,rec.motorcycles,thinking bike owner year bike experience far figure getting decent used bike thing pay grad school car permits going want ride bus looking advice bike best models years looking old loud thing sounds like monster quit newer engines liking advice thanks
367,7100,6,window server motif widget use application,0.522,0.410,11,image software available ftp files graphics,comp.windows.x,comp.windows.x,comp.graphics,archive faq modified subject based plotting program usually available uucp sites uunet sites marked consult archie server recent versions postscript bunch drivers export lcs mit edu contrib tar output comp sources unix graph pub graph tar comp sources unix berkeley edu src local tar berkeley edu src
368,8446,1,space nasa launch earth satellite shuttle,0.522,0.299,15,don just like know think good,sci.space,sci.space,rec.motorcycles,hmm billion probably launch tons leo million years gives tons lunar surface way say tons return vehicle fuel bigger mercury low tons leaving tons man year supplies gee sort mass build systems shelf million tops leaves million profit like idea let guys push make happen slightly seriously
369,6244,15,don just like know think good,0.522,0.445,2,car new bike price sale cars,talk.politics.guns,rec.motorcycles,misc.forsale,let maybe remember remember correctly correct wrong switch set position position gun semi automatic wouldn position semi auto auto maybe round correct wouldn easy distinguish gun course modified auto wouldn think easy talking guns switch switch semi auto fully auto actually pretty hard kids neighbor
370,6488,15,don just like know think good,0.522,0.479,11,image software available ftp files graphics,comp.windows.x,rec.motorcycles,comp.graphics,doubt old question didn answer faqs goes sunview application want convert openlook remember hearing quite time ago tools accomplish task public domain good advantages interface thanks
371,4199,18,god jesus church bible christ christian,0.522,0.434,15,don just like know think good,talk.religion.misc,soc.religion.christian,rec.motorcycles,think ought hold christ followers died hand romans fault believing god society reminds roman empire day guess just log watch american
372,2336,2,car new bike price sale cars,0.521,0.455,11,image software available ftp files graphics,misc.forsale,misc.forsale,comp.graphics,mac classic sale year old excellent condition includes freeware shareware including fonts email bay area
373,7378,15,don just like know think good,0.521,0.542,2,car new bike price sale cars,rec.motorcycles,rec.motorcycles,misc.forsale,new ones suggest ones family france grin michael
374,3935,15,don just like know think good,0.521,0.483,6,window server motif widget use application,comp.graphics,rec.motorcycles,comp.windows.x,compiler think mixed pascal compiler wouldn complain steve
375,2690,11,image software available ftp files graphics,0.521,0.541,15,don just like know think good,comp.graphics,comp.graphics,rec.motorcycles,currently using povray mac wondering netland knows public domain anti utilities skip step pov slow machine suggestions opinions post trace anti greatly appreciated
376,4223,15,don just like know think good,0.520,0.354,2,car new bike price sale cars,rec.autos,rec.motorcycles,misc.forsale,actually want special good luck sorry let grew new york city rode jump seats fun kid cars good design flaw don understand fixed rear tended fall seats driver wouldn want long ride seat vehicles did like drove ask
377,2933,17,power use water ground wire used,0.520,0.468,2,car new bike price sale cars,misc.forsale,sci.electronics,misc.forsale,used line portable player months used car long trips hours use unit best seen listened going install disc car features include batteries wireless remote control adaptor carrying belt case digital band graphic spectrum user programmable connections cord capability cord included programmable remote in
378,2237,6,window server motif widget use application,0.520,0.491,11,image software available ftp files graphics,comp.windows.x,comp.windows.x,comp.graphics,look types algorithms relatively simple available export lcs mit edu contrib patches tar
379,1963,9,edu com mail information send list,0.520,0.458,15,don just like know think good,talk.politics.guns,comp.sys.mac.hardware,rec.motorcycles,smith posting neil smith dear good day post thanks lot neil smith
380,1636,5,drive card scsi disk dos windows,0.519,0.496,6,window server motif widget use application,comp.sys.ibm.pc.hardware,comp.sys.ibm.pc.hardware,comp.windows.x,remember reading qemm manual think stack needed windows setup program use stack
381,1483,5,drive card scsi disk dos windows,0.519,0.481,6,window server motif widget use application,comp.os.ms-windows.misc,comp.sys.ibm.pc.hardware,comp.windows.x,items group typically called norton desktop applications labelled norton desktop need say
382,1176,7,time use used number point different,0.519,0.503,15,don just like know think good,sci.med,rec.autos,rec.motorcycles,develop inner ear problems flying hear pilots limit maximum number flying hours limits main problems associated long haul hours trips
383,6783,15,don just like know think good,0.519,0.419,2,car new bike price sale cars,misc.forsale,rec.motorcycles,misc.forsale,motorola expo vhf new like best offer sure motorola worth kind thing price good new dual band fully yes yes know motorola bullet proof unbreakable based drive tank work just does come willing spend price dual channel note flame said sure good deal just amazed good deal guessed channel worth dual ham
384,6568,0,israel turkish armenian jews war israeli,0.519,0.435,13,team game year games play season,rec.sport.hockey,talk.politics.mideast,rec.sport.hockey,german born forwards team fact majority players german born average arena possible nhl european league site list switzerland germany berlin munich sweden stockholm finland helsinki italy france paris norway austria russia moscow great britain netherlands
385,5482,6,window server motif widget use application,0.518,0.382,11,image software available ftp files graphics,comp.windows.x,comp.windows.x,comp.graphics,archive faq modified subject make print application client distributions used select window background produces format file image window file post processed useful printed client local printing mechanism use command csh sleep root output spend seconds setting screen entire current display saved file
386,9921,5,drive card scsi disk dos windows,0.518,0.566,15,don just like know think good,comp.sys.ibm.pc.hardware,comp.sys.ibm.pc.hardware,rec.motorcycles,anybody send conner harddisk specifications time values
387,2589,8,president government people said program money,0.518,0.358,1,space nasa launch earth satellite shuttle,sci.space,talk.politics.misc,sci.space,nasa headquarters distributed following press release today typed folks topics recently discussed sci space covered outlines space station redesign guidance john director office science technology policy outlined members advisory committee redesign space station april budget options guidance committ
388,5043,7,time use used number point different,0.518,0.385,16,people god does believe evidence say,sci.med,rec.autos,alt.atheism,noted distinction experimental result accepted unless described sufficient reproduce result theoretical argument accepted unless presented sufficient followed reasonable people agree force logic people try experiments pursue arguments sorts crazy reasons irrational motivations just large history sci
389,472,15,don just like know think good,0.517,0.372,13,team game year games play season,rec.sport.baseball,rec.motorcycles,rec.sport.hockey,saying quite time absent net figured stick neck bit royals set record runs scored team rule ideas fall easily short runs damn sure believe media fools picking win division like tom detroit news claiming robinson kind genius trades sean
390,2674,14,gun law guns government people state,0.517,0.517,10,said people went didn came told,talk.religion.misc,talk.politics.guns,talk.religion.misc,places bit coincidence faults fbi fact responsibility deaths lies koresh
391,8071,15,don just like know think good,0.517,0.409,5,drive card scsi disk dos windows,comp.graphics,rec.motorcycles,comp.sys.ibm.pc.hardware,kind polygons comes play fast routines just polygons nice know vga start processor specifics implementation need info want answers ian dancing fool
392,2949,13,team game year games play season,0.517,0.529,15,don just like know think good,rec.sport.baseball,rec.sport.hockey,rec.motorcycles,said radio developed shoulder throwing didn cold night denver decided remove game let pitch expected pitch turn rotation expected april shea giants
393,6999,2,car new bike price sale cars,0.517,0.318,15,don just like know think good,rec.autos,misc.forsale,rec.motorcycles,folks recently bought mercury car noticed problems car gives low gas mileage like miles hear car owners speak gas mileage figures like miles wow start car goes high like rpm driving miles comes rpm like know way fix problems natural old car like miles suggested change rebuild prepared unless sure fi
394,9558,7,time use used number point different,0.517,0.487,15,don just like know think good,sci.electronics,rec.autos,rec.motorcycles,correct fastest complete image presented field second approximately course phrase screen thrown reference display researcher wasn using normal rates vector display case lower limit image time guess probably limited
395,8591,16,people god does believe evidence say,0.517,0.566,15,don just like know think good,alt.atheism,alt.atheism,rec.motorcycles,successful year logic student logically correct poster logically incorrect
396,3211,2,car new bike price sale cars,0.517,0.489,5,drive card scsi disk dos windows,comp.sys.ibm.pc.hardware,misc.forsale,comp.sys.ibm.pc.hardware,piece assume talking simms speed pieces week price port waiting offer price dream tiger
397,5057,5,drive card scsi disk dos windows,0.516,0.436,15,don just like know think good,comp.sys.ibm.pc.hardware,comp.sys.ibm.pc.hardware,rec.motorcycles,stuff deleted actually does make reasonable sense fixed disk sectors controller transferring memory rep instruction called quite efficient single instruction goes fast controller cpu know use bus wasn bus likely critical resource relative cpu performance possible dma bus interference cause loss cpu 
398,1837,10,said people went didn came told,0.516,0.464,18,god jesus church bible christ christian,soc.religion.christian,talk.religion.misc,soc.religion.christian,probably seen news time read branch davidian compound morning feds punched holes compound walls using tank started using non lethal tear gas shortly noon cult members seen setting compound far people seen outside compound fate people unknown fate children inside compound did burn ground koresh times
399,881,7,time use used number point different,0.516,0.492,1,space nasa launch earth satellite shuttle,sci.space,rec.autos,sci.space,called gas sufficiently low orbit experienced air resistance finally internal needed maintain spherical shape resistance caused large remained easily visible time longer useful passive
400,3605,13,team game year games play season,0.516,0.372,15,don just like know think good,rec.sport.hockey,rec.sport.hockey,rec.motorcycles,account doesn sound like saw goal mike smith came net fired pass hit fuhr leg fuhr backing time saw happened puck went straight fuhr leg net fuhr chance play goaltender fact perry calgary just dumped smith unfortunate happened smith nice guy rookie time birthday blame lies starting wee coaches tell 
401,4095,15,don just like know think good,0.516,0.504,11,image software available ftp files graphics,comp.os.ms-windows.misc,rec.motorcycles,comp.graphics,just bought printer couple days ago compared sample print deskjet knew wasn pretty fast really prints good quality compare laserjet postscript look identical depending kind paper don problems ink dry dry fast probably second canon giving end really good buy sean computer support representative colle
402,6740,15,don just like know think good,0.515,0.378,13,team game year games play season,rec.sport.baseball,rec.motorcycles,rec.sport.hockey,add mike need people mark remain bullpen long lefty terry platoon backup looked pretty miserable yesterday guy lead league routine heck probably gotten did exceptional noticed missed ball think reached certainly miss glove season looked pretty good contrary saying looked reasonable isn mid pretty bi
403,1781,11,image software available ftp files graphics,0.515,0.587,5,drive card scsi disk dos windows,comp.os.ms-windows.misc,comp.graphics,comp.sys.ibm.pc.hardware,tried install foreign language windows application required file named dll checked windows installation disks file does anybody idea file
404,1032,15,don just like know think good,0.515,0.486,7,time use used number point different,comp.windows.x,rec.motorcycles,rec.autos,working problem classroom like know software papers articles relate let know thanks
405,221,7,time use used number point different,0.515,0.350,4,health medical disease use patients food,sci.med,rec.autos,sci.med,effects real concern conducting studies new treatments researchers try limit kind effect performing studies blind various ways subjects study know receive placebo test treatment control group test group treatment know subjects receive placebo test treatment evaluating individual results know subject
406,3272,14,gun law guns government people state,0.515,0.497,15,don just like know think good,talk.politics.guns,talk.politics.guns,rec.motorcycles,atf agent interviewed street stories reported raid ill planned went ahead knew atf coming believe raid ill planned days plan continued failure obvious bit larger political agenda president clinton suggest loss atf agents context political agenda beneficial agenda helps point just evil weapons proof 
407,3853,10,said people went didn came told,0.515,0.352,0,israel turkish armenian jews war israeli,talk.politics.mideast,talk.religion.misc,talk.politics.mideast,arabs killed soldiers wounded west bank car bomb explosion israel defense forces radio reports today car bomb explosion west bank today killed palestinians wounded soldiers blast believed work suicide radio reports said car packed gas parked buses belonging civilian busses went flames blast killed a
408,65,17,power use water ground wire used,0.515,0.410,15,don just like know think good,sci.electronics,sci.electronics,rec.motorcycles,good idea need amps minutes good memory using autocad thought idea days ago got fairly new car battery camping sits useless home wish ups use use heavy duty volt supply guess need batteries alternative leave amp battery charger hooked battery run converter running time power goes converter keeps run
409,4933,17,power use water ground wire used,0.514,0.450,5,drive card scsi disk dos windows,comp.sys.mac.hardware,sci.electronics,comp.sys.ibm.pc.hardware,getting lot requests information thought post interested parties sorry length increase speed clock changed respectively going static free work station putting aluminum foil work open lifting case remove hard disk power scsi cables spreading lifting drive remove drive remove power supply spreading ta
410,7896,15,don just like know think good,0.514,0.352,13,team game year games play season,rec.sport.baseball,rec.motorcycles,rec.sport.hockey,responsible threads approx posts going braves better injury happens inject little fuel flame beginning spring training lopez make squad easily olson late season injury knee believe questions able play june looking forward believe lopez hit field position season braves defensive catcher prospect bria
411,9430,16,people god does believe evidence say,0.514,0.433,15,don just like know think good,soc.religion.christian,alt.atheism,rec.motorcycles,just scientific facts heard thing science proves theory history does tim
412,3362,16,people god does believe evidence say,0.514,0.379,15,don just like know think good,alt.atheism,alt.atheism,rec.motorcycles,judge death dead right judge religion having experienced people said religion bad account way useful don totally agree course really say religious folk act exposed religion people helped ways basically judge religion right route given individual general population say best personally choose use reli
413,3647,15,don just like know think good,0.514,0.431,4,health medical disease use patients food,sci.med,rec.motorcycles,sci.med,lovely area sure physician sick usually going don mild case really sick unusual situation medical school particularly younger went suddenly sorts infectious challenges body ready solid months illness temp took final think happens training constantly exposed new things usual reactions later challenge
414,5371,7,time use used number point different,0.513,0.480,15,don just like know think good,sci.med,rec.autos,rec.motorcycles,ask practitioner uses pre use case conceivable way aids case highly unlikely use variety
415,8950,16,people god does believe evidence say,0.513,0.508,15,don just like know think good,soc.religion.christian,alt.atheism,rec.motorcycles,despite liberal fact basically agree saying basic question know supposed true situation comes people think merely follow claim just dangerous following authority site sexually transmitted diseases drug abuse manner criminal activity savings loan car accidents thrown house examples people following a
416,1777,18,god jesus church bible christ christian,0.513,0.406,15,don just like know think good,soc.religion.christian,soc.religion.christian,rec.motorcycles,babies supposed doesn bible say comes right says people know right wrong taught christ did say assure enter god kingdom born water spirit surprised tell born original sin
417,1659,4,health medical disease use patients food,0.513,0.337,15,don just like know think good,sci.med,sci.med,rec.motorcycles,read said personally people order exact food different times restaurant people ordered food did tell time msg food time food time reaction time did reaction came time msg food difference restaurant ingredients eat lots chinese food love chinese food just learned following food restaurants does use m
418,8222,15,don just like know think good,0.513,0.417,5,drive card scsi disk dos windows,comp.sys.ibm.pc.hardware,rec.motorcycles,comp.sys.ibm.pc.hardware,tell meg big sticker says rotate big big sticking drive pretty hard turn removing drive turned drive won spin data controller cables plugged just power won spin help thanks paul
419,1520,9,edu com mail information send list,0.513,0.531,15,don just like know think good,sci.med,comp.sys.mac.hardware,rec.motorcycles,looking rat cell line cell type looking success appreciate help thank reading institute fax mail helsinki university helsinki finland helsinki
420,2557,10,said people went didn came told,0.513,0.445,15,don just like know think good,rec.motorcycles,talk.religion.misc,rec.motorcycles,large counts yes heard seen irresponsible childish dog needed assistance board owner lift legs dog throw driver pilots shoulders said dog shit eating grin face away dogs ass firmly seat dog dog actively seek camping party hate think personal
421,5764,4,health medical disease use patients food,0.512,0.381,15,don just like know think good,sci.med,sci.med,rec.motorcycles,told corn allergy fairly common wife sugar eaten corn suppose person just having allergic reaction cause seizure don really know gordon
422,6849,11,image software available ftp files graphics,0.512,0.516,6,window server motif widget use application,comp.os.ms-windows.misc,comp.graphics,comp.windows.x,think make changes ole registration database program manager file manager choose run type included windows documented
423,8910,15,don just like know think good,0.512,0.484,14,gun law guns government people state,sci.crypt,rec.motorcycles,talk.politics.guns,use murder instead copyright violation just things straight applies criminal cases copyright civil steve sorry waste bandwidth just don want confused think bunch gifs make better test case bunch strips criminal distribution
424,1344,9,edu com mail information send list,0.512,0.427,15,don just like know think good,talk.politics.misc,comp.sys.mac.hardware,rec.motorcycles,account important issues important ones discussed net daily basis just informed feel important things discuss censorship fellow posters people don like says thinks seen postings teel agreed content sure somewhat interested live thought country people like teel allowed say don read just skip unfortun
425,4513,15,don just like know think good,0.512,0.406,5,drive card scsi disk dos windows,comp.sys.mac.hardware,rec.motorcycles,comp.sys.ibm.pc.hardware,alternatives express modem duo owners want baud place town says ordered reason want laptop mac use remote terminal really hate wait months modem settle baud
426,3692,7,time use used number point different,0.511,0.487,16,people god does believe evidence say,soc.religion.christian,rec.autos,alt.atheism,places christians attempts films banned given restrictive showing problem christians burning pieces art tragic waste problem attempts view
427,2947,7,time use used number point different,0.511,0.532,15,don just like know think good,talk.politics.misc,rec.autos,rec.motorcycles,comprehensive survey sexuality years chance size common number scale talking said said actually report used high percentage prisoners
428,395,15,don just like know think good,0.510,0.499,17,power use water ground wire used,sci.space,rec.motorcycles,sci.electronics,consideration remember don turn able later isn case reaching switch spacecraft working correctly execute turn command successfully spacecraft old age big concern radio idle spacecraft radio spacecraft longer turned
429,5530,4,health medical disease use patients food,0.510,0.360,15,don just like know think good,sci.med,sci.med,rec.motorcycles,absolutely unfortunately weeks medical school month maybe hospital rarely seen supposed learn read learn don unfortunately ones headaches spend time history diagnose primary care physician headache loses giving patient getting office interesting hope meant gordon banks skepticism chastity intellect 
430,7684,13,team game year games play season,0.510,0.404,15,don just like know think good,rec.sport.hockey,rec.sport.hockey,rec.motorcycles,known savard syndrome talking denis team win likes denis savard lineup tell savard stay home watch games sounds like cordially
431,4614,16,people god does believe evidence say,0.510,0.432,15,don just like know think good,alt.atheism,alt.atheism,rec.motorcycles,disagree society thinks irrelevant individual decides important think fairly obvious generally feel right idiotic policy think thinking
432,2167,16,people god does believe evidence say,0.509,0.442,18,god jesus church bible christ christian,soc.religion.christian,alt.atheism,soc.religion.christian,involved natural respect earth fundamental pagan denominations doesn mean wrong supporting peace middle east wrong jews muslims work nonetheless certainly rise christians address look draws people christianity like pagan religions addressing needs christianity isn believe hit major truths christiani
433,1683,10,said people went didn came told,0.509,0.479,15,don just like know think good,talk.religion.misc,talk.religion.misc,rec.motorcycles,sheesh didn know beast apartment hall beast neighbor rest floor doesn
434,6407,10,said people went didn came told,0.509,0.527,15,don just like know think good,alt.atheism,talk.religion.misc,rec.motorcycles,nickname weren koresh compound noon today chance remember koresh dried sins
435,332,15,don just like know think good,0.509,0.356,11,image software available ftp files graphics,comp.graphics,rec.motorcycles,comp.graphics,looking software called shadow far know simple used visualization beam lines old version program unfortunately don documentation knows docs maybe newer version program program does sort thing love hear think shadow written ideas
436,7079,15,don just like know think good,0.509,0.420,13,team game year games play season,rec.sport.baseball,rec.motorcycles,rec.sport.hockey,crap deleted dead wrong time checked jim managing phillies doing quite fine job thank best record baseball prediction jim win manager year
437,1070,16,people god does believe evidence say,0.509,0.485,15,don just like know think good,talk.politics.misc,alt.atheism,rec.motorcycles,wait minute agree people responsibility behavior assume meant word account behavior immediate community immediate talking secondly lot trouble theory social behavior justice charges duty taking responsibility accounting actions different person
438,5566,15,don just like know think good,0.509,0.426,13,team game year games play season,rec.sport.baseball,rec.motorcycles,rec.sport.hockey,like mariners lot heart belongs cubs imagine saw cubs lefebvre john
439,1802,15,don just like know think good,0.509,0.361,13,team game year games play season,rec.sport.hockey,rec.motorcycles,rec.sport.hockey,speaking great players man man quebec skate haven seen team rush long time watching break zone especially sundin treat watch remind red army pissed habs fan yeah look like going good excuse bias watched pens rush don answer seen footage near end season pens played like watching younger double pens l
440,1055,17,power use water ground wire used,0.508,0.329,2,car new bike price sale cars,misc.forsale,sci.electronics,misc.forsale,channel model pro home base unit connectors external speaker speaker internal speaker button buttons volume gain tone gain controls comes mount measures plugs black like new actually brand new asking shipping included international model car unit used black silver comes power cord cigarette lighter 
441,4178,2,car new bike price sale cars,0.508,0.525,15,don just like know think good,rec.autos,misc.forsale,rec.motorcycles,guess ripped worth damage miata body
442,1312,11,image software available ftp files graphics,0.508,0.481,7,time use used number point different,sci.electronics,comp.graphics,rec.autos,fyi actual horizontal dot placement deskjet inch electronics dynamics ink cartridge limit generating inch paper ink inch method toner printer results spread ink drop technology doesn investigation mechanical electronic laser printer complex inexpensive ink jet printers recall laser printers offer hi
443,6781,15,don just like know think good,0.508,0.354,13,team game year games play season,rec.sport.baseball,rec.motorcycles,rec.sport.hockey,baseball fans say don think deserves mean heck dave winfield seriously considered lee smith don dave kingman chance evans yeah yeah hall fame takes eddie murray jeff reardon case sick tired sick everybody giving hall fame consideration players today standards marginal honestly ozzie smith robin youn
444,10006,15,don just like know think good,0.508,0.532,16,people god does believe evidence say,alt.atheism,rec.motorcycles,alt.atheism,wouldn okay tell wouldn okay religions longer tax exempt wrong attempting influence politics
445,5715,2,car new bike price sale cars,0.508,0.396,15,don just like know think good,rec.autos,misc.forsale,rec.motorcycles,admit disgusting feature volvo marketing looks like volvo uses like dare risk family car attitude quite annoying long run volvo produced new good car volvo drive motor completely new british magazine car liked believe quite volvo american magazine road track said uncle car positive sense case like e
446,5113,16,people god does believe evidence say,0.507,0.397,15,don just like know think good,alt.atheism,alt.atheism,rec.motorcycles,says hear say god sure don understand award golden award pile bullshit seen afraid bit religion grand statement science explain origins large extent
447,5143,11,image software available ftp files graphics,0.507,0.461,9,edu com mail information send list,comp.windows.x,comp.graphics,comp.sys.mac.hardware,tried mail bounced terminal doesn support postscript extensions product use program view postscript files moved ncd terminal couldn use ftp compiled gnu software view postscript files terminals hope helps grant
448,7976,10,said people went didn came told,0.507,0.607,15,don just like know think good,talk.religion.misc,talk.religion.misc,rec.motorcycles,nut clearly liar said surrender local radio stations broadcast message didn said surrender passover didn
449,6936,4,health medical disease use patients food,0.507,0.530,18,god jesus church bible christ christian,talk.religion.misc,sci.med,soc.religion.christian,apr gmt eric observed christian washed blood lamb washed blood bull netland process new religion use lamb bull reserved choose animal preferably species list washed blood
450,6408,13,team game year games play season,0.507,0.466,15,don just like know think good,rec.sport.baseball,rec.sport.hockey,rec.motorcycles,expect remain best shortstop game reaches birthday strange concept year old ozzie smith defensive liability
451,244,5,drive card scsi disk dos windows,0.507,0.548,15,don just like know think good,misc.forsale,comp.sys.ibm.pc.hardware,rec.motorcycles,looking buy working keyboard preferably layout looking spend
452,3457,15,don just like know think good,0.506,0.442,9,edu com mail information send list,sci.med,rec.motorcycles,comp.sys.mac.hardware,help maybe anybody know names conferences help information keywords subjects years leave sorry bad english adress georgia
453,9864,16,people god does believe evidence say,0.506,0.515,15,don just like know think good,sci.crypt,alt.atheism,rec.motorcycles,teach surely use pop patent law examples discuss make sense consider case
454,4132,5,drive card scsi disk dos windows,0.506,0.510,11,image software available ftp files graphics,comp.sys.mac.hardware,comp.sys.ibm.pc.hardware,comp.graphics,list numbers compiled sources anybody got add formatted alpha looks fine don complain doesn look good adobe fax info apple dev apple computer apple customer non tech assistance alliance peripheral sys fax berkeley systems systems software software compatible systems computer associates mac fifth gen
455,8242,15,don just like know think good,0.506,0.390,2,car new bike price sale cars,rec.motorcycles,rec.motorcycles,misc.forsale,watch mirrors time turning just close night preparing right turn lane road right turn signals starting turn lady hits throttle starts pass right happened twice happen look ride work morning come stop light direction left turns straight right turns clearly marked plus clearly marked bicycle lane ride
456,5188,14,gun law guns government people state,0.505,0.501,15,don just like know think good,talk.politics.guns,talk.politics.guns,rec.motorcycles,clear clinton reno supported illegal raid did know authority use helicopters sorry missed update warrant hadn heard authority knock news wiretap
457,1468,9,edu com mail information send list,0.505,0.437,7,time use used number point different,misc.forsale,comp.sys.mac.hardware,rec.autos,buy books asking just make offer probably geometry authur simon copyright date avg condition readable writing good software fortran graham smith handbook copyright page writing guide problem solving approach edition good condition general chemistry principles modern applications fourth edition big b
458,8764,1,space nasa launch earth satellite shuttle,0.504,0.532,9,edu com mail information send list,sci.space,sci.space,comp.sys.mac.hardware,received copies soviet space space station mir handbook aerospace problem getting ready fax material huntsville include inquiry
459,3798,14,gun law guns government people state,0.504,0.501,9,edu com mail information send list,talk.politics.guns,talk.politics.guns,comp.sys.mac.hardware,heard hci claiming address member case membership rolls inflated address add false rolls copy existing membership pretend existing member thousand times hurt hci names power remeber nra uses fact million paid members order flex muscles politicians don realize lying tactics hci wait minute hci learne
460,5469,15,don just like know think good,0.504,0.341,18,god jesus church bible christ christian,soc.religion.christian,rec.motorcycles,soc.religion.christian,did happen jesus don think heard lived day suffering died wages sin paragraph jesus didn pay sins did surprised moderator let seriously want reasonable explanation
461,6343,6,window server motif widget use application,0.504,0.447,11,image software available ftp files graphics,comp.windows.x,comp.windows.x,comp.graphics,doubt old question didn answer faqs goes sunview application want convert openlook remember hearing quite time ago tools accomplish task public domain good advantages interface simple answer obtain use xview xview replacement sunview provided sun running openwindows free available contrib mit releas
462,3747,14,gun law guns government people state,0.504,0.454,15,don just like know think good,talk.politics.guns,talk.politics.guns,rec.motorcycles,believe raid ill planned days plan continued failure obvious bit larger political agenda president clinton suggest loss atf agents context political agenda beneficial agenda helps point just evil weapons proof atf denied agents street stories report requests sufficient power important dates feb asse
463,8344,10,said people went didn came told,0.504,0.474,15,don just like know think good,talk.politics.misc,talk.religion.misc,rec.motorcycles,guess strength isn math clinton hasn president months words bush initiative said snapped authur garrett johnson just culture shock wait till garrett ingres com settled situation start douglas adams
464,165,17,power use water ground wire used,0.504,0.441,5,drive card scsi disk dos windows,comp.sys.mac.hardware,sci.electronics,comp.sys.ibm.pc.hardware,turning faq violate quadra warranty install memory insert usual disclaimer remove lid machine floppy disk hard drive mounted plastic tower follow usual anti static precautions course make sure machine wall monitor power supply mac remove power supply pulling plastic tab tower forward simultaneously 
465,1077,5,drive card scsi disk dos windows,0.503,0.522,11,image software available ftp files graphics,comp.sys.mac.hardware,comp.sys.ibm.pc.hardware,comp.graphics,make lot difference understand graphics cpu does graphics help scanner photo shop combination practical mac iici kinds use
466,8946,15,don just like know think good,0.503,0.444,16,people god does believe evidence say,alt.atheism,rec.motorcycles,alt.atheism,okay rest come say isn guy lawyer info guy mind sure plenty responses post appear true make sure true cases die lie poverty sounds followers able tell liar necessarily died believed makes completely selfish like difference people historical proof earlier threads cause deaths make healing gave david 
467,3214,15,don just like know think good,0.503,0.402,18,god jesus church bible christ christian,talk.religion.misc,rec.motorcycles,soc.religion.christian,maintain people want enter light knowledge masters fear afraid having face world terms choice remain darkness sort like bugs rock people like darkness gets cold dark comfortable people crawl rock light enjoy things really heights reach places learn choose paths world learn mistakes world just narrow
468,3981,9,edu com mail information send list,0.503,0.544,15,don just like know think good,comp.graphics,comp.sys.mac.hardware,rec.motorcycles,binary forget answer question life universe quote douglas adams round way course question discovered mark university texas austin computation center graphics facility utexas edu utexas edu utexas edu
469,3304,14,gun law guns government people state,0.503,0.441,15,don just like know think good,alt.atheism,talk.politics.guns,rec.motorcycles,batman com responding dave official nickname means effective anti measure does say individual committing capital crime place true question threat death likely actually stop murdering capital crimes usa death penalty introduction deter criminal committing crime doubt step strong short complete reject
470,9612,2,car new bike price sale cars,0.502,0.464,15,don just like know think good,rec.autos,misc.forsale,rec.motorcycles,looking helpful advice university student spend looking used car does useful advice offer time buyer looking just functional reliable maintenance costs anybody ideas models suit thanks
471,8046,11,image software available ftp files graphics,0.502,0.551,5,drive card scsi disk dos windows,comp.graphics,comp.graphics,comp.sys.ibm.pc.hardware,tell mpeg viewer dos windows thanks advance alan jackson mail
472,3269,10,said people went didn came told,0.502,0.422,15,don just like know think good,talk.politics.guns,talk.religion.misc,rec.motorcycles,opinion truth believe wish people left compound alive leader preaching say wouldn mass suicide fbi simply stayed outside waited days bleeding heart making sense concern children inside compound days let sounds pretty just heard news survivors regret hadn stayed prove koresh makes sad sick heard sad 
473,234,10,said people went didn came told,0.501,0.469,15,don just like know think good,rec.autos,talk.religion.misc,rec.motorcycles,women pants rarely pockets use important woman keys hand goes building car protect broadcasting definite place locked car keys looks ugly breaks lines makes rear look wide cows habits work clothing situation functions wearing women suit coat lucky pockets outside inside men pockets fair wears men wo
474,6674,15,don just like know think good,0.501,0.421,6,window server motif widget use application,comp.windows.x,rec.motorcycles,comp.windows.x,need resources xterm true xterm true shell need good luck
475,4204,10,said people went didn came told,0.501,0.529,13,team game year games play season,rec.sport.baseball,talk.religion.misc,rec.sport.hockey,weiss just barely inside right field line corner driving rbis came later weiss knocked
476,3665,15,don just like know think good,0.501,0.498,2,car new bike price sale cars,talk.politics.misc,rec.motorcycles,misc.forsale,don know live case state funds area areas know people cost sorry
477,1554,8,president government people said program money,0.501,0.445,15,don just like know think good,talk.politics.misc,talk.politics.misc,rec.motorcycles,said enemy sarcastic want forcing point gun considered non policy market reform does happen russia certainly private capital private risk help economy incentive reason don reform government probably consider enemies spend money hurt help ideological point want win russia type government type rulers 
478,3474,11,image software available ftp files graphics,0.501,0.476,15,don just like know think good,comp.os.ms-windows.misc,comp.graphics,rec.motorcycles,considering buying borland paradox windows like use database windows don use work home use like advantage borland april offer package borland claims wondering anybody used opinions
479,4546,7,time use used number point different,0.501,0.549,15,don just like know think good,talk.religion.misc,rec.autos,rec.motorcycles,frank incredibly fucking stupid course text referring city buildings makes sense refer future tyre reduced spread fishing nets
480,5765,14,gun law guns government people state,0.501,0.557,9,edu com mail information send list,talk.politics.guns,talk.politics.guns,comp.sys.mac.hardware,member nra years recently joined hci wanted paid minimum membership sent nra
481,3781,17,power use water ground wire used,0.501,0.497,15,don just like know think good,sci.space,sci.electronics,rec.motorcycles,work cold gas need make tanks big working cold gas problem depending vehicle configuration flight duration storage pressure factor selecting tank wall
482,3497,15,don just like know think good,0.501,0.503,6,window server motif widget use application,comp.windows.x,rec.motorcycles,comp.windows.x,like doesn work way expecting right performs want know absolute window position respect root window info aren right does anybody know way information thanks mail unm edu possible
483,3651,15,don just like know think good,0.500,0.376,17,power use water ground wire used,sci.electronics,rec.motorcycles,sci.electronics,hat did pull ratio sorry unit current french man named studied electrical current term amp just company amp came unit use don know doesn sound right got thing right hello john jeff
484,7982,15,don just like know think good,0.500,0.392,13,team game year games play season,rec.sport.baseball,rec.motorcycles,rec.sport.hockey,don history handy don recall roy come winning teams fact think team performance generally irrelevant deserving candidate wins wrong necessarily losing team angels staff weak everyday lineup doing quite thank snow playing great learning make appears fine ready come manage hot corner curtis steady mye
485,6613,15,don just like know think good,0.500,0.293,13,team game year games play season,rec.sport.baseball,rec.motorcycles,rec.sport.hockey,buck just win bob pitching game life innings yanks lead buck decides let kid try complete game manages outs score sudden just buck goes bullpen gets guy faces night jimmy key pitching long string games life guy just keeps getting better innings yanks lead time buck thinks don want repeat near bullpe
486,4123,6,window server motif widget use application,0.500,0.511,11,image software available ftp files graphics,comp.windows.x,comp.windows.x,comp.graphics,source like binaries settle source try lcs mit edu contrib
487,460,17,power use water ground wire used,0.500,0.411,7,time use used number point different,rec.motorcycles,sci.electronics,rec.autos,discussion purposes ignore dynamic effects like exhaust pipe try paint useful mental picture unless engine pressure available force air intake tract time intake valve opened pressure differential available air difference combustion chamber pressure left exhaust stroke atmospheric intake stroke combu
488,8281,6,window server motif widget use application,0.500,0.567,15,don just like know think good,comp.graphics,comp.windows.x,rec.motorcycles,built motif machine works fine added objects used flying easy cool brian
489,6397,6,window server motif widget use application,0.500,0.552,11,image software available ftp files graphics,comp.windows.x,comp.windows.x,comp.graphics,ncd excellent document titled host loading considerations environment received copy support ncd com help
490,1442,16,people god does believe evidence say,0.500,0.440,15,don just like know think good,soc.religion.christian,alt.atheism,rec.motorcycles,sentence ironic readers soc religion christian embarrassed josh lewis odd sense history makes think masses day knew rhetoric logic people today writings period consider cream crop speak read write period knew rules matter accepting told
491,3034,4,health medical disease use patients food,0.500,0.401,15,don just like know think good,sci.med,sci.med,rec.motorcycles,short changes feds way difficult lot hassles best compromise way getting won hurt gordon banks skepticism chastity intellect geb cadre dsl pitt edu shameful surrender soon
492,1400,1,space nasa launch earth satellite shuttle,0.500,0.488,15,don just like know think good,sci.space,sci.space,rec.motorcycles,launch complex gosh polish american way joke space agency wanted send astronaut surface sun thing did solve problems sending man surface sun simple night larc nasa gov larc nasa gov
493,2787,4,health medical disease use patients food,0.499,0.483,15,don just like know think good,sci.med,sci.med,rec.motorcycles,cut university arizona arizona suggested reading tan campbell conception rates information physicians resource line medical newsletter page volume number april articles low levels particles linked attacks american lung association new study published american lung association shown surprisingly low 
494,1486,4,health medical disease use patients food,0.499,0.600,15,don just like know think good,sci.med,sci.med,rec.motorcycles,recall issue fat meat hot elements extreme heat fat carried meat smoke
495,9006,15,don just like know think good,0.499,0.383,2,car new bike price sale cars,rec.motorcycles,rec.motorcycles,misc.forsale,weight size rough roads definite starts going catch riding hard concern yes lighter bike beneficial riding hard concern having fun sure anybody attended spectacular great deal satisfaction riding fast fast overly concerned able maintain clean line known slide occasional tire prefer stay just sticky 
496,3267,2,car new bike price sale cars,0.499,0.432,5,drive card scsi disk dos windows,misc.forsale,misc.forsale,comp.sys.ibm.pc.hardware,hello items sale terms ups cod money order keyboards ibm compatibles floppy disk drive sony digital stereo drive cost keyboards sony radio cost sell best offers thank
497,9248,7,time use used number point different,0.499,0.452,5,drive card scsi disk dos windows,comp.sys.mac.hardware,rec.autos,comp.sys.ibm.pc.hardware,comment thermal general new drives perform order increase overall integrity data writes basically perform test data tracks certain physical tolerance media track inevitable drive monitor especially critical high recording used primarily large capacity mechanisms finding way smaller drives way drive 
498,5997,14,gun law guns government people state,0.499,0.358,15,don just like know think good,alt.atheism,talk.politics.guns,rec.motorcycles,death penalty conceived crime legal added automatic appeals lengthy court purpose small question death penalty meant crime rid entirely doubt death penalty supposed crime doesn crime carry death penalty wouldn death penalty punishment like fine speeding punishment somebody murder mind doesn care con
499,4599,16,people god does believe evidence say,0.499,0.495,15,don just like know think good,alt.atheism,alt.atheism,rec.motorcycles,good point think average people christianity fear quite simply way improve social life involved american culture kids example overwhelming major religion western world form simply choice people bored want new lives new ordinary little weak long doesn hurt anybody social pressure important factor maj
500,5935,8,president government people said program money,0.498,0.442,13,team game year games play season,rec.sport.hockey,talk.politics.misc,rec.sport.hockey,press release white house remarks president clinton division champion hockey team april following national desk contact white house office press secretary washington april following transcript remarks president clinton university maine black bears division hockey champions rose garden edt president 
501,7433,15,don just like know think good,0.498,0.408,14,gun law guns government people state,talk.politics.guns,rec.motorcycles,talk.politics.guns,people realize right bear isn primarily intended protecting criminals wild granted big need military style weapons fight government come door agents come door nice able shoot constitution best ability lot harder doing weapons listed read federalist papers clarification rkba documents cleared plenty 
502,8935,8,president government people said program money,0.498,0.512,14,gun law guns government people state,alt.atheism,talk.politics.misc,talk.politics.guns,answer position place people prison life depends murder success rate escape ability commit crimes words lifetime imprisonment doesn work executing people careful lock bob beauchaine bobbe vice ico tek com said queens stay blew bronx away sank manhattan sea
503,9746,2,car new bike price sale cars,0.498,0.515,9,edu com mail information send list,rec.motorcycles,misc.forsale,comp.sys.mac.hardware,brand new end chambers clean black paul contact email address contact seller cheers
504,6310,15,don just like know think good,0.498,0.417,5,drive card scsi disk dos windows,comp.sys.ibm.pc.hardware,rec.motorcycles,comp.sys.ibm.pc.hardware,yeah just got new yesterday replace old tried mode just great perfectly readable command windows screen need colors thing wondering isn file contains resolutions change pro time want switch instead simply going settings regards martin
505,2080,12,key encryption chip clipper keys privacy,0.497,0.490,6,window server motif widget use application,sci.crypt,sci.crypt,comp.windows.x,interesting server csrc ncsl nist gov longer recognizes commands telnet csrc ncsl nist gov trying connected csrc ncsl nist gov escape character org nist ready tue apr edt clipper command unrecognized like didn like marc
506,9697,15,don just like know think good,0.496,0.358,5,drive card scsi disk dos windows,comp.sys.mac.hardware,rec.motorcycles,comp.sys.ibm.pc.hardware,iisi floppy drive bad just alignment haven checked drive easily like replace easily assuming drives read write floppies fact true tell
507,6187,18,god jesus church bible christ christian,0.496,0.486,15,don just like know think good,soc.religion.christian,soc.religion.christian,rec.motorcycles,posted couple weeks ago doesn appeared newsgroup haven reply moderator having intermittent problems mail time excuse seen christians fight week posted questions fighting things justifiable wars started looking things findings haven answered questions know slightly different possibly able deeply late
508,3530,15,don just like know think good,0.496,0.425,2,car new bike price sale cars,rec.motorcycles,rec.motorcycles,misc.forsale,buy bmw expensive stuff kawasaki grown certain parts bmw dave said don worry just change yearly keeping happy guess kept aluminum radiator years miles guess aluminum safe owner late rochester bmw motorcycles good guy rochester dod care people think richard share garage space harvey
509,5,9,edu com mail information send list,0.496,0.439,15,don just like know think good,sci.med,comp.sys.mac.hardware,rec.motorcycles,people responded request info treatment email couldn thank directly mail bouncing sean sharon thought publicly thank thanks sure glad accidentally hit instead trying delete file september hmmm news
510,8293,15,don just like know think good,0.496,0.494,4,health medical disease use patients food,sci.med,rec.motorcycles,sci.med,don know fact asked questions doctor told cleaner sri produces fewer effects comparison able remember said differences drugs sorry
511,9799,7,time use used number point different,0.496,0.319,15,don just like know think good,sci.med,rec.autos,rec.motorcycles,suspect mean instead far best method diagnose old physical examination obvious coming brought increasing pressure obvious small detect putting finger canal related previous operation tell person examined best position make determination non ways folks write far expensive unlikely better trained exam
512,1739,8,president government people said program money,0.496,0.533,15,don just like know think good,sci.crypt,talk.politics.misc,rec.motorcycles,agreed like bay planned administration given final green light kennedy sure went kennedy man responsibility expect slick willie clinton
513,10013,15,don just like know think good,0.496,0.428,2,car new bike price sale cars,rec.autos,rec.motorcycles,misc.forsale,pretty like people buy mazda miata today small fun fool lot people performance far superior expensive cars
514,9656,10,said people went didn came told,0.495,0.441,18,god jesus church bible christ christian,soc.religion.christian,talk.religion.misc,soc.religion.christian,life posted kind permission editor australian catholic magazine morning star hope like prevent sin born october daughter family seven girl parents wish receive lord blessed date finally set little receive lord feast corpus time like slowly great day finally arrived priest celebrate mass children hol
515,5593,18,god jesus church bible christ christian,0.495,0.485,16,people god does believe evidence say,soc.religion.christian,soc.religion.christian,alt.atheism,andrew writes think need post creed pretty orthodox christian belief trinity pretty good statement beliefs eventually creed use catholic church lutheran orthodox churches minus delete original form creed evidence used orthodox churches far know purely western like apostles creed orthodox churches us
516,7990,15,don just like know think good,0.494,0.443,2,car new bike price sale cars,rec.motorcycles,rec.motorcycles,misc.forsale,look happier looking used example boss seat couple inches lower regular certainly cruiser
517,9178,0,israel turkish armenian jews war israeli,0.494,0.444,15,don just like know think good,talk.politics.mideast,talk.politics.mideast,rec.motorcycles,readers know jews living arab countries know jews live countries know circumstances arabic jews leaving just curious
518,7054,15,don just like know think good,0.494,0.403,5,drive card scsi disk dos windows,comp.sys.mac.hardware,rec.motorcycles,comp.sys.ibm.pc.hardware,interested getting external hard drive got internal pretty compression alot people talk good ratio thinking adding brands people suggest finally places buy popular mail order places better order places just sell hard drives ones advertise macworld macuser thanks advance mail replies sent compile pos
519,644,10,said people went didn came told,0.494,0.500,14,gun law guns government people state,talk.politics.guns,talk.religion.misc,talk.politics.guns,note trial updates reports local nbc television station channel randy weaver kevin harris trial update day monday april fifth day trial government kenneth randy weaver sold shotguns violation national firearms act district court judge edward asks hear accounts waco possible weaver harris case testim
520,7171,5,drive card scsi disk dos windows,0.494,0.447,15,don just like know think good,comp.sys.mac.hardware,comp.sys.ibm.pc.hardware,rec.motorcycles,like know people opinions real world differences coprocessor don use like maple don use sheets complicated don use cad apps used use extensive communications run bbs write software write papers btw just told local apple rep upgrading apple built extra socket coprocessor chip way just plug coprocesso
521,5551,12,key encryption chip clipper keys privacy,0.494,0.519,15,don just like know think good,sci.crypt,sci.crypt,rec.motorcycles,got secure device don need public keys secret key chips share just use date maybe jim reported
522,4582,15,don just like know think good,0.494,0.592,2,car new bike price sale cars,rec.autos,rec.motorcycles,misc.forsale,article business week weeks ago subject fact volvo cars laid example
523,10005,5,drive card scsi disk dos windows,0.493,0.480,15,don just like know think good,comp.sys.ibm.pc.hardware,comp.sys.ibm.pc.hardware,rec.motorcycles,seeing kinds complaints regarding lately thought post recent pleasant experiences machine past friday weeks day called order perfect order ordered properly installed jumbo rom impressed quantity quality gateway documentation software came original disks manuals gateway manual nice ring ati came driv
524,8711,1,space nasa launch earth satellite shuttle,0.493,0.545,7,time use used number point different,sci.space,sci.space,rec.autos,sure mary henry understand speed near wind like fluid pipe wind bend away wing edges wing pipes bend place begin force compression stealing power vehicle high drag squeeze pipes bend drag reduced essentially teh cross area aircraft remain constant areas wings teh cross area wings
525,9691,8,president government people said program money,0.493,0.473,15,don just like know think good,sci.space,talk.politics.misc,rec.motorcycles,writer reported today washington post joseph shea head space station redesign resigned health reasons shea shortly selection february returned yesterday lead formal presentation independent white house panel shea presentation shea deputy astronaut bryan connor effort asserted redesign effort track
526,2153,10,said people went didn came told,0.493,0.615,15,don just like know think good,rec.sport.hockey,talk.religion.misc,rec.motorcycles,maybe steel dead industry night liver night pittsburgh zoo
527,8201,15,don just like know think good,0.492,0.432,7,time use used number point different,comp.graphics,rec.motorcycles,rec.autos,problem surfaces does anybody easy understand algorithm maybe source
528,3179,8,president government people said program money,0.492,0.484,15,don just like know think good,comp.sys.mac.hardware,talk.politics.misc,rec.motorcycles,surprised learn technical issues terribly important working marketing plan
529,2232,15,don just like know think good,0.492,0.435,13,team game year games play season,rec.sport.hockey,rec.motorcycles,rec.sport.hockey,depends mean heard harold difference owners like okay comparison read book net worth view smythe norris adams campbell like specifically think roger saying said previously people league great divisions conferences named instead howe people did make great instead nhl chosen men got rich men game grea
530,2518,16,people god does believe evidence say,0.492,0.413,15,don just like know think good,alt.atheism,alt.atheism,rec.motorcycles,buddy second read wrote talking muslims allowed merely practice consider muslim don old tired true muslims bullshit gave names information going honestly think did come forward confess kind shown fat chance rate conclusive proof nature act people practice agree theory hope allah forgive end think ar
531,7490,16,people god does believe evidence say,0.492,0.410,15,don just like know think good,soc.religion.christian,alt.atheism,rec.motorcycles,agree need sleep disagree animals statement negative like saying true know sure
532,3937,5,drive card scsi disk dos windows,0.492,0.507,15,don just like know think good,comp.sys.ibm.pc.hardware,comp.sys.ibm.pc.hardware,rec.motorcycles,use irq disadvantage games assume board using irq way adjust setting trouble films games
533,6667,6,window server motif widget use application,0.492,0.499,5,drive card scsi disk dos windows,comp.windows.x,comp.windows.x,comp.sys.ibm.pc.hardware,archive faq modified maximize performance monthly posting compiled art art ram faster cpu disk space faster ethernet standard responses hear ask improve performance workstation hardware isn option wonder hardware necessity faq list collection suggestions ideas different people net best possible perf
534,6113,5,drive card scsi disk dos windows,0.492,0.465,15,don just like know think good,comp.sys.ibm.pc.hardware,comp.sys.ibm.pc.hardware,rec.motorcycles,steps deleted interesting idea worst case data patterns developed test magnetic media totally different patterns used detect common faults memory chips having major memory problems ago getting parity error error message windows ran plus check diagnose shareware memory total meg simm store bought sha
535,9179,15,don just like know think good,0.492,0.362,16,people god does believe evidence say,alt.atheism,rec.motorcycles,alt.atheism,fact exist bothers fact don able define wanted hear things principle exist long don think carefully ask religious person couldn
536,437,4,health medical disease use patients food,0.491,0.586,15,don just like know think good,sci.med,sci.med,rec.motorcycles,glutamate essential amino acid people survive quite eating keith access com
537,6132,14,gun law guns government people state,0.491,0.436,15,don just like know think good,talk.politics.guns,talk.politics.guns,rec.motorcycles,happened waco fault batf proper equipment personal captured compound initial assault happened batf needs people better weapons armored meet hostile able use force instead stand going job right batf protect proper equipment people job increased crime streets batf needed blast away good price pay law 
538,9562,5,drive card scsi disk dos windows,0.491,0.449,6,window server motif widget use application,comp.os.ms-windows.misc,comp.sys.ibm.pc.hardware,comp.windows.x,nice easy question running dos windows lose ability print screen problem running dos windows using expanded memory manager mail responses don read news thanks advance
539,5422,7,time use used number point different,0.491,0.389,11,image software available ftp files graphics,comp.graphics,rec.autos,comp.graphics,seeking alternate solutions turn postscript type truetype font outline polygons subsequently scan converted studying problem font conversion years need implement opportunity write font rendering software like questions answered jump deep end main problem face use odd non rules turn outlines single o
540,31,18,god jesus church bible christ christian,0.491,0.605,14,gun law guns government people state,talk.politics.misc,soc.religion.christian,talk.politics.guns,appears man appeared land sighted strange appointed supreme power
541,2435,6,window server motif widget use application,0.491,0.533,15,don just like know think good,comp.windows.x,comp.windows.x,rec.motorcycles,following problem really appreciate help create windows child root child events discarded events fall set fyi using doing fundamentally wrong
542,6083,5,drive card scsi disk dos windows,0.491,0.484,7,time use used number point different,comp.sys.mac.hardware,comp.sys.ibm.pc.hardware,rec.autos,wpi wpi edu writes specs page book highlights bit address space bit data width bit integer registers bit floating point registers capable caches way set typical integer instruction floating point interesting aside bit floating point numbers time bit multiple instruction figure instruction typical gu
543,4774,15,don just like know think good,0.490,0.332,6,window server motif widget use application,comp.windows.x,rec.motorcycles,comp.windows.x,folks say new quick question using notice comes small window pretty sure default font work normally supposed read font size appears right stuff use arguments xterm correct course simple script feeling missing simple comments suggestions appreciated thanks advance
544,9741,2,car new bike price sale cars,0.490,0.471,15,don just like know think good,rec.motorcycles,misc.forsale,rec.motorcycles,knee surgery navy doctors cast ass method honda time sliding seat use did mention left leg operate shift hook end lever lift entire leg shifts just drop leg lever shifts forget took way leg right bike passenger right sticking hole day rode miles physical therapy sessions doc hell riding bike riding 
545,8375,15,don just like know think good,0.490,0.437,18,god jesus church bible christ christian,alt.atheism,rec.motorcycles,soc.religion.christian,hear baptism birth isn young don know praying young young comes later bright little boy finds priest really wears does statement atheist cause way surely intended wit
546,9210,9,edu com mail information send list,0.490,0.618,0,israel turkish armenian jews war israeli,talk.politics.mideast,comp.sys.mac.hardware,talk.politics.mideast,does schedule israel different languages posted mailed assistance greatly appreciated
547,8095,15,don just like know think good,0.490,0.420,16,people god does believe evidence say,alt.atheism,rec.motorcycles,alt.atheism,yeah right let guy writes piece title implies case supports reason believe piece anti islamic slander job respect titles real content look article want true tell islamic bank seeing spending time responding propaganda responding little sub thread really don feel deep need make statements effect prop
548,4310,5,drive card scsi disk dos windows,0.490,0.416,15,don just like know think good,misc.forsale,comp.sys.ibm.pc.hardware,rec.motorcycles,according reports don dos don utilities qemm stacker norton worth people sort utility doesn offer know usual hype marketing able create
549,4712,15,don just like know think good,0.490,0.398,11,image software available ftp files graphics,comp.windows.x,rec.motorcycles,comp.graphics,don know great deal support tell good support method module use language interface code use application code tell real neat stuff coming soon regard details talk local sales rep doing near want example code look examples
550,5876,15,don just like know think good,0.490,0.483,18,god jesus church bible christ christian,soc.religion.christian,rec.motorcycles,soc.religion.christian,christians non christians laugh quote feel know true christians just know little better god trust christopher
551,2679,2,car new bike price sale cars,0.490,0.348,17,power use water ground wire used,misc.forsale,misc.forsale,sci.electronics,band specs bands boost cut size variable bands indicated variable output variable frequency originally paid unit used months selling car excellent condition wiring hardware intact manual original box asking price
552,5297,0,israel turkish armenian jews war israeli,0.489,0.500,15,don just like know think good,talk.religion.misc,talk.politics.mideast,rec.motorcycles,way know burned house batf fbi government word people started knock search grenades hardly observers day christmas served leftover turkey second day christmas served turkey leftover turkey days deleted flaming turkey wings pizza hut commercial bait
553,2784,14,gun law guns government people state,0.489,0.441,15,don just like know think good,talk.politics.guns,talk.politics.guns,rec.motorcycles,hmmm hadn heard rockets atf tall davidians attacked threatened governments right tell legitimate right child abuse jurisdiction department treasury attacking citizens process strength rumors violation law does fall jurisdiction pretty rights gets really trouble
554,5402,6,window server motif widget use application,0.489,0.523,11,image software available ftp files graphics,comp.windows.x,comp.windows.x,comp.graphics,source code simply look mit clients exactly
555,9814,15,don just like know think good,0.489,0.353,13,team game year games play season,rec.sport.baseball,rec.motorcycles,rec.sport.hockey,argument non camps agree fact catcher defense basically present talk important calling game pitches blocking balls dirt little way tell exactly various catcher rank defense looking lopez specifically reason suspect bad defensive catcher fact braves media labeled bad defensive catcher far tell doesn 
556,1797,5,drive card scsi disk dos windows,0.489,0.474,15,don just like know think good,comp.sys.ibm.pc.hardware,comp.sys.ibm.pc.hardware,rec.motorcycles,correct motherboard manufacturer usually buy boards says problem fixed weeks
557,6921,2,car new bike price sale cars,0.489,0.584,15,don just like know think good,sci.med,misc.forsale,rec.motorcycles,want buy self like friend load plastic case set spring automatically push needle skin live new york saturday night
558,9410,10,said people went didn came told,0.489,0.483,15,don just like know think good,talk.politics.guns,talk.religion.misc,rec.motorcycles,didn electrical power don idea davidians cooking lunch gas masks fbi buildings credible like discussion relevant started wholly wood stove fbi shot buildings feds far wild like ridiculous legitimate criticism conduct affair
559,8173,7,time use used number point different,0.489,0.647,15,don just like know think good,sci.med,rec.autos,rec.motorcycles,proper spelling effect soviet film developer recall visible static chemical reactions material silver films
560,7507,7,time use used number point different,0.489,0.505,15,don just like know think good,sci.med,rec.autos,rec.motorcycles,probably mean member family chemical strong probably best refered just knock ass effects similar
561,9341,15,don just like know think good,0.488,0.330,13,team game year games play season,rec.sport.baseball,rec.motorcycles,rec.sport.hockey,mark brings strawberry incident lost fan caught yes think way fans want catch ball really aware winning game important fan aware home stadium helping home team win way possible soon ball hit far root darryl catch try catch particularly sitting close enjoy attitude wrigley fans visiting team home run
562,3873,15,don just like know think good,0.488,0.330,13,team game year games play season,rec.sport.baseball,rec.motorcycles,rec.sport.hockey,boy hats cubs fan actually courage braves fans mean braves gone consecutive world series cubs fan really hand braves fans capable driving crazy cheer protest saying cubs fans stupid way just stupid acknowledge observation just plain wrong confused bear fans weeks ago just saying cubs finish division
563,1635,9,edu com mail information send list,0.488,0.413,13,team game year games play season,rec.sport.hockey,comp.sys.mac.hardware,rec.sport.hockey,hey patrick montana magic played great falls marc phoenix houston marc foster contact oklahoma city central hockey university oklahoma department league adams cup internet edu champions edu placed mailing list send email address
564,4537,1,space nasa launch earth satellite shuttle,0.487,0.467,7,time use used number point different,sci.space,sci.space,rec.autos,interesting atlas pressure maintain tank geometry leads question ssto concepts launch configuration significantly different long structures conceived built otto tank ssto sounds clever
565,8006,9,edu com mail information send list,0.487,0.516,5,drive card scsi disk dos windows,sci.electronics,comp.sys.mac.hardware,comp.sys.ibm.pc.hardware,surplus dealing buddy came emulator development station target processor dip head does include board plugs applied microsystems head let know look excellent condition doesn know mean cheap dave medin phone ssd networking intergraph corp internet dtmedin catbyte ingr com huntsville uucp uunet ingr ca
566,5248,16,people god does believe evidence say,0.487,0.491,15,don just like know think good,soc.religion.christian,alt.atheism,rec.motorcycles,unclear asking effective substance recovery programs involve peoples spiritual needs merely attempting peoples spiritual needs people regulars probably involve defining needs clear showing things exist filled say spiritual needs means higher power sort systems require work better identical systems c
567,9023,6,window server motif widget use application,0.487,0.477,11,image software available ftp files graphics,comp.windows.x,comp.windows.x,comp.graphics,new group bear years ago wrote sunview application fast animation raster files sunview rapidly finally decided rewrite scratch xview quick test xputimage considerably slower factor average sunview command moves image data memory sparc ipx protocol communication slowing things xputimage question fast
568,4471,15,don just like know think good,0.487,0.318,13,team game year games play season,rec.sport.hockey,rec.motorcycles,rec.sport.hockey,sorry red wings earned victory easily watched game espn soon realized game beginning second maple leafs flat flat red wings freely pace game didn detect bad penalty calls van did usual good job toronto looked like expected playoff game years nervous leafs sake hope rid game game indicative series go
569,8515,8,president government people said program money,0.487,0.436,15,don just like know think good,talk.politics.misc,talk.politics.misc,rec.motorcycles,regard post thought remind midst academia member generation likely pay crap reagan started deficit according brilliant curve think need look open minds ideas allow directly address problems federal deficit debt continue allow economy expand don remember complaining academia implemented policy approv
570,7812,15,don just like know think good,0.487,0.364,13,team game year games play season,rec.sport.hockey,rec.motorcycles,rec.sport.hockey,care phil liked lot pittsburgh didn score lot look stats year worked butt speed created opportunities offensive zone allowed pens utilize potential haven paying attention year say know injuries hasn offense isn speed like said created opportunities didn score thought money offered rangers little hig
571,2470,13,team game year games play season,0.487,0.485,15,don just like know think good,rec.sport.hockey,rec.sport.hockey,rec.motorcycles,course penalties changed males aggressive slashing males fighting proof males cope feelings penalties fall classes penalties foul illegal contact player stick body stick game contact intentional foul current fighting thrown game technical foul bad ref player coach penalty shot awarded thrown game pe
572,8298,11,image software available ftp files graphics,0.487,0.496,15,don just like know think good,comp.os.ms-windows.misc,comp.graphics,rec.motorcycles,heard good desktop windows anybody tell cica pub util wustl great number sites just post mail andreas email informatik
573,77,15,don just like know think good,0.487,0.449,2,car new bike price sale cars,rec.autos,rec.motorcycles,misc.forsale,assuming non turbo characteristic large doesn balance guess toyota didn care little details like mid engine configuration automatically cross car consideration recommendation larger balance good rule thumb mind want decent engine noise really bugs sell
574,7624,9,edu com mail information send list,0.487,0.349,6,window server motif widget use application,comp.windows.x,comp.sys.mac.hardware,comp.windows.x,doesnt matter window running use routine display display display window int does perform want newsgroups comp windows path shearson com uunet haven edu darwin net mps ohio state edu acs ohio state edu org org john sender news org news nntp posting host org organization colorado date thu apr gmt line
575,2880,15,don just like know think good,0.486,0.368,18,god jesus church bible christ christian,alt.atheism,rec.motorcycles,soc.religion.christian,know just occurred today christian thing blamed solely mary married joseph gets knocked think joe finds getting mary comes ridiculous story god making pregnant actually ridiculous considering number people believe tells truth tells poor little jesus hot shit son god tells bought mary story does mary
576,1517,17,power use water ground wire used,0.486,0.570,15,don just like know think good,sci.electronics,sci.electronics,rec.motorcycles,oddly don according wiring faq regularly posted misc consumers house senses live neutral wire cuts ground connection needed function
577,8371,16,people god does believe evidence say,0.486,0.499,18,god jesus church bible christ christian,soc.religion.christian,alt.atheism,soc.religion.christian,point mark comment valid suggest aids deserved ludicrous sin resolve sin weekly actually routinely fail surely deserve god provided logos jesus way situation aids deserved surely deserve instant death just paul judge deserving punishment height arrogance lack point aids engage sexual behavior fact e
578,8775,15,don just like know think good,0.486,0.417,12,key encryption chip clipper keys privacy,sci.crypt,rec.motorcycles,sci.crypt,feel like privacy clipper extent key escrow legitimate stop abuse wiretaps local cops company cops angry wives going hard cops cops bypass product flawed admit hard pressed good say actually takes certainly come real crypto chip pin compatable buy unless course big brother makes illegal real crypto 
579,7929,14,gun law guns government people state,0.486,0.560,12,key encryption chip clipper keys privacy,sci.crypt,talk.politics.guns,sci.crypt,following precedent areas government likely tax encryption technology tax imposed federal matter cryptographic tool bring batf fbi grenades house batf appears logical agency enforce regulations federal control tobacco firearms based taxes look fcc won allow sale receive bands supposed private desire
580,9231,15,don just like know think good,0.486,0.407,13,team game year games play season,rec.sport.hockey,rec.motorcycles,rec.sport.hockey,life simple savard played games playing like crap montreal problems run deeper savard unfortunately hope act playoffs line game coming pittsburgh said likely use playoffs let hope forget nice weather having play hockey
581,3860,5,drive card scsi disk dos windows,0.486,0.503,15,don just like know think good,comp.sys.mac.hardware,comp.sys.ibm.pc.hardware,rec.motorcycles,reason market size market size color don just small extra cost money buy color classic instead cheers jon nada mac hacker deluxe
582,1259,17,power use water ground wire used,0.486,0.531,6,window server motif widget use application,sci.electronics,sci.electronics,comp.windows.x,depends monitor timing don vertical use xor composite sync odd tearing screen sensitive control looks like expect scanned fields say sheet upper left corner fingers started tear tube proper composite sync rock solid
583,3441,11,image software available ftp files graphics,0.486,0.497,15,don just like know think good,comp.os.ms-windows.misc,comp.graphics,rec.motorcycles,things interested know today risc processors true fewer instructions commonly known causes size executables cases performance similar larger applications compromise risc processors today actually cross reduced instructions set complex say future processors intel certainly proved want know does group
584,10033,9,edu com mail information send list,0.486,0.482,5,drive card scsi disk dos windows,misc.forsale,comp.sys.mac.hardware,comp.sys.ibm.pc.hardware,article crossposted misc forsale computers clone author mark wilson posted fri apr gmt update sale items plus shipping core hard drive model works fine height reduced mfm controller like sell asking price sell combined style case process selling vga card asking max version asking email mark com use 
585,2315,9,edu com mail information send list,0.486,0.422,15,don just like know think good,rec.sport.baseball,comp.sys.mac.hardware,rec.motorcycles,supposed just wondering service entire baseball world usenet especially east coast final scores west coast games newspapers late helpful fans countries receive weekly scores updates week requested kind service previously available bbs pay news services way free charge copyright restrictions remember
586,9285,13,team game year games play season,0.486,0.444,7,time use used number point different,rec.sport.baseball,rec.sport.hockey,rec.autos,wouldn value effect clear effects hits double runner score alomar legs extra base hit gap runner need hold doubles advancement value alomar course alomar likely score hitting double reason extra value runs created work fast slow teams team ran teams certainly faster players current runs created work
587,1332,6,window server motif widget use application,0.486,0.510,5,drive card scsi disk dos windows,comp.windows.x,comp.windows.x,comp.sys.ibm.pc.hardware,probably incorrect pointer integer memory copies data returns pointer memory free memory
588,5331,16,people god does believe evidence say,0.486,0.637,15,don just like know think good,sci.crypt,alt.atheism,rec.motorcycles,post experts behavior agree speech robin
589,8792,7,time use used number point different,0.486,0.481,11,image software available ftp files graphics,comp.graphics,rec.autos,comp.graphics,algorithm works algorithm attempt facing mark faces unknown create edge dictionary allows faces sharing given edge edge representing shared pick arbitrary face mark using edge dictionary surrounding faces based orientation face surrounding faces consistently entire surface average surface using poin
590,10028,11,image software available ftp files graphics,0.486,0.580,12,key encryption chip clipper keys privacy,sci.crypt,comp.graphics,sci.crypt,interested source encryption algorithm does know source documentation thanks advance
591,5905,8,president government people said program money,0.486,0.439,15,don just like know think good,rec.motorcycles,talk.politics.misc,rec.motorcycles,organization act easy say says little really organization actually largely determined president directors far makes important vote election officers remember right heard election members actually cast votes wonder current board friends relatives make membership certainly plan staying club long vote 
592,5741,15,don just like know think good,0.485,0.475,13,team game year games play season,rec.sport.hockey,rec.motorcycles,rec.sport.hockey,just quick note immediate future rumor usa today page playing tampa bay couple days supposedly competing goaltender spot think performance damn good hasn played year seeing lot atlanta years come ward
593,4741,8,president government people said program money,0.485,0.481,15,don just like know think good,sci.space,talk.politics.misc,rec.motorcycles,today isn suitable sdio funds reusable sounding rocket sdio goal did lot going reports soon favorable bush briefing right people paying public support critical politics need constant pressure elected officials allen
594,7509,1,space nasa launch earth satellite shuttle,0.485,0.478,17,power use water ground wire used,sci.space,sci.space,sci.electronics,pat article shafer nasa gov pat gee thought cable controlled didn pat total electrical failure flight pat backup systems reaction controlled aircraft fly wire control surfaces controlled cables jets fly wire pat mean wings fail teh pat navy aircraft sweeping wings order save space deck wings sweep r
595,6494,13,team game year games play season,0.485,0.404,15,don just like know think good,rec.sport.hockey,rec.sport.hockey,rec.motorcycles,messier incident agree rick ulf cross check wasn illegal kind check dozen times game called tendency make things look worse really messier heat stay kitchen matt hasn playing elite league team just junior team predict needs years join saw play swedish championship game junior players year played phy
596,8737,16,people god does believe evidence say,0.484,0.449,18,god jesus church bible christ christian,talk.religion.misc,alt.atheism,soc.religion.christian,jim lame explanation trinity jesus provides people things trinity case wrong assumed trinity implies god entities cheers kent
597,1241,7,time use used number point different,0.484,0.479,15,don just like know think good,sci.med,rec.autos,rec.motorcycles,arguing lyme lab test accurate books read say general tests chance correct tests result large number false false case odds rolling dice
598,5152,15,don just like know think good,0.484,0.328,13,team game year games play season,rec.sport.hockey,rec.motorcycles,rec.sport.hockey,patrick roy reason game lost ron hextall reason quebec won everybody said come goaltending goaltending key key doesn quite fit montreal penalty kind let face literally left feet throw blaming stewart just excuse avoid facing fact roy allowed worst goals possibly allow saw shot stewart things bit cal
599,5531,2,car new bike price sale cars,0.484,0.553,15,don just like know think good,misc.forsale,misc.forsale,rec.motorcycles,hill studio efficiency available mid perfect looking temporary housing wants stay july nice short walk cmu month plenty parking space street quiet neighborhood nearly new
600,2101,15,don just like know think good,0.484,0.528,9,edu com mail information send list,misc.forsale,rec.motorcycles,comp.sys.mac.hardware,sorry waste bandwidth does know software mail order company called software unlimited ordered software charged credit card did send package times answer phone check computer don advertise anymore know business know contact tell thank
601,8889,15,don just like know think good,0.484,0.367,12,key encryption chip clipper keys privacy,sci.crypt,rec.motorcycles,sci.crypt,nice think naive fact millions people today sending highly confidential information easy receive cellular phones figure chances heard small risk people don understand crypto way sci crypt does clinton tells good crypto believe send important stuff thankful longer using clear voice cellular phones ti
602,932,15,don just like know think good,0.484,0.454,18,god jesus church bible christ christian,soc.religion.christian,rec.motorcycles,soc.religion.christian,just quick reminder way interpreting passages opinion make sound opinion fact interpret passages cite differently great theologians mentioned thing people expertise interpretation scripture probably reading newsgroup say wrong right opinion notice words coming pretty darn close sin pride future sugg
603,7845,2,car new bike price sale cars,0.484,0.532,15,don just like know think good,misc.forsale,misc.forsale,rec.motorcycles,add postage class makes shrink wrapped
604,1448,13,team game year games play season,0.484,0.384,15,don just like know think good,rec.sport.hockey,rec.sport.hockey,rec.motorcycles,stuff deleted solution problem canada yesterday able watch games pitt abc cal cbc bos fox mon que cbc think series goes max watching hockey playoffs odd consecutive nights haven counted pure guess house set watch mon que eye bos time did afternoon games btw abc great quite impressed know audience wa
605,197,16,people god does believe evidence say,0.484,0.550,15,don just like know think good,sci.med,alt.atheism,rec.motorcycles,contradiction essential sense body needs non essential sense body produce supplement
606,7988,10,said people went didn came told,0.484,0.464,15,don just like know think good,rec.motorcycles,talk.religion.misc,rec.motorcycles,saw bike parked bar weeks later dog happened said somebody stole damn dog left harley
607,5228,18,god jesus church bible christ christian,0.483,0.472,16,people god does believe evidence say,soc.religion.christian,soc.religion.christian,alt.atheism,true sure basis belief widely held belief church support lead declared true basically teaching holds pope infallible matters faith doctrine college bishops likewise infallible pope gets attention criticism consensus bodies equally infallible according teaching
608,8394,2,car new bike price sale cars,0.483,0.510,15,don just like know think good,misc.forsale,misc.forsale,rec.motorcycles,sale fly write ticket travel states canada country way round trip ticket restrictions fully travel completed buy june
609,9327,15,don just like know think good,0.483,0.454,13,team game year games play season,rec.sport.hockey,rec.motorcycles,rec.sport.hockey,left blues predicted right place blues yes course game hawks face wake playoffs given day
610,5020,9,edu com mail information send list,0.483,0.500,15,don just like know think good,sci.electronics,comp.sys.mac.hardware,rec.motorcycles,texas corpus pick phone dial phone company read number try work
611,7884,16,people god does believe evidence say,0.483,0.491,15,don just like know think good,alt.atheism,alt.atheism,rec.motorcycles,course planning pull rushdie declaring leaving religion little concerned compared plans rushdie case discussion tragic islamic countries islamic countries contains statements islamic law incorporated kuwait freely make statements fear story conditions clear care make point clear make public statemen
612,836,15,don just like know think good,0.483,0.407,16,people god does believe evidence say,soc.religion.christian,rec.motorcycles,alt.atheism,realize frequently getting trouble opinion thought ideas people intrinsically means reason sinners behave good message christ good great approach albeit different technique claim teaches realize sin peter problem walking water little doubt doesn david ask man god care just little lower angels probab
613,4245,15,don just like know think good,0.483,0.510,9,edu com mail information send list,sci.electronics,rec.motorcycles,comp.sys.mac.hardware,second try posting subject goes texas corpus pick phone dial phone company read number phone believe service department uses make certain correct lines open big boxes don know work try good luck
614,6910,16,people god does believe evidence say,0.483,0.520,15,don just like know think good,talk.politics.guns,alt.atheism,rec.motorcycles,case alive thanks gun twisted logic wrong brain trust huh planet wrong long freedom remains dictionary
615,9494,13,team game year games play season,0.482,0.438,15,don just like know think good,rec.sport.baseball,rec.sport.hockey,rec.motorcycles,mail doesn recognize worst pitcher yanks mean currently team scott sure occasionally guy pitch innings starts insane sure sign losing stuff mind starts yell worst time yanks pitcher gotta new york pitch new york said like alan
616,5023,4,health medical disease use patients food,0.482,0.336,15,don just like know think good,sci.med,sci.med,rec.motorcycles,answer gets forever just hope does don don just best job hope know months gordon banks skepticism chastity intellect geb cadre dsl pitt edu shameful surrender soon
617,3454,15,don just like know think good,0.482,0.421,2,car new bike price sale cars,comp.graphics,rec.motorcycles,misc.forsale,folks does copy willing sell love try retail moved bigger better imagine love buy table selling recommend place buy mail order cheap thanks advance mark
618,9629,10,said people went didn came told,0.482,0.473,15,don just like know think good,talk.politics.guns,talk.religion.misc,rec.motorcycles,corrected mistake earlier thread saw brief news report led seen detailed summaries tanks returned late morning didn leave gas introduced earlier morning didn care children didn release children weeks ago
619,4436,7,time use used number point different,0.482,0.534,5,drive card scsi disk dos windows,comp.os.ms-windows.misc,rec.autos,comp.sys.ibm.pc.hardware,used help comparison products devoted user tell set weekly monthly quarterly yearly transactions use feature ctrl record transactions define transaction group uses transactions specify frequency used monthly automatically make transactions recall group individual transactions entered additionally us
620,2328,4,health medical disease use patients food,0.482,0.504,15,don just like know think good,sci.med,sci.med,rec.motorcycles,just little anger normally don rip people lips candida man jon charter member infj club
621,7814,17,power use water ground wire used,0.482,0.600,2,car new bike price sale cars,sci.space,sci.electronics,misc.forsale,fold line look pictures carriers loads deck wings
622,7169,2,car new bike price sale cars,0.482,0.471,5,drive card scsi disk dos windows,comp.sys.ibm.pc.hardware,misc.forsale,comp.sys.ibm.pc.hardware,looking monitor larger card guess mono later becuase lower price email brand model condition asking price
623,5095,7,time use used number point different,0.481,0.436,4,health medical disease use patients food,sci.med,rec.autos,sci.med,fact mentions similar study search life events recent version problem anecdotal reports individuals lost weight kept don know caused weight gain place critical weight temporary drug effect life event appear successful weight loss really result temporary condition caused weight gain
624,140,15,don just like know think good,0.481,0.494,0,israel turkish armenian jews war israeli,talk.politics.mideast,rec.motorcycles,talk.politics.mideast,arab land owners doing responsible make provisions just leaving fate point land sold legally prices actual value legal good business left palestinians worked land poor situation don know share opinion sure agree don way caught circumstances control didn land didn say course sake greater arab unity a
625,2148,15,don just like know think good,0.481,0.601,10,said people went didn came told,talk.politics.guns,rec.motorcycles,talk.religion.misc,yes liberal come defend burning children probably watching coverage probably like nazi germany
626,8260,10,said people went didn came told,0.481,0.448,0,israel turkish armenian jews war israeli,talk.politics.mideast,talk.religion.misc,talk.politics.mideast,center policy research cpr subject israeli press written apr cpr org mideast forum israeli press israeli press paper tel aviv tel aviv time friday local tel aviv paper affiliated date february journalist guy subject interview soldiers served cherry units arabs operate occupied territories excerpts a
627,10031,5,drive card scsi disk dos windows,0.481,0.466,2,car new bike price sale cars,misc.forsale,comp.sys.ibm.pc.hardware,misc.forsale,following items sale buyer pays shipping costs hardware new unused unless marked software includes original disks manuals reasonable offers refused send offers questions cwru edu hardware hercules graphics card mono graphics printer ports hercules color card color graphics printer ports floppy drive
628,6572,15,don just like know think good,0.481,0.486,11,image software available ftp files graphics,comp.graphics,rec.motorcycles,comp.graphics,wondering knows information graphics series use think really awesome wouldn mind able use similar features programs thanks advance
629,6854,4,health medical disease use patients food,0.481,0.338,15,don just like know think good,sci.med,sci.med,rec.motorcycles,sure did poll took showed people thought physicians paid year tops make doubt physicians going work hard kind bread wouldn able service med school mike good column gordon banks skepticism chastity intellect geb cadre dsl pitt edu shameful surrender soon
630,5159,4,health medical disease use patients food,0.481,0.391,15,don just like know think good,sci.med,sci.med,rec.motorcycles,sure pittsburgh group published work don know chicago doing living sure published don read literature just liver patients trouble pretty frequent newspapers way doing howard works tell gordon banks skepticism chastity intellect geb cadre dsl pitt edu shameful surrender soon
631,6228,15,don just like know think good,0.481,0.377,2,car new bike price sale cars,rec.autos,rec.motorcycles,misc.forsale,options bmw offer smokers option just means lighter big deal btw just bought honda neat did consider guys miata just heart body kit
632,2450,15,don just like know think good,0.480,0.437,4,health medical disease use patients food,sci.med,rec.motorcycles,sci.med,obviously wouldn help treat problem introducing cancer imperfect understanding facts cancer particularly dangerous regard haven research don recall hearing case cancer transmitted blood probably just common sense kind arbitrary diseases like obviously story
633,442,16,people god does believe evidence say,0.480,0.435,0,israel turkish armenian jews war israeli,talk.politics.mideast,alt.atheism,talk.politics.mideast,certainly muslims believe dream global islamic community achieved force far visible accept establishment global islam force feel threatened accepting pursuing peaceful means jews advocating approach advocating force means expanding power certainly threat palestinians israel doing just maintaining do
634,5871,18,god jesus church bible christ christian,0.480,0.581,16,people god does believe evidence say,soc.religion.christian,soc.religion.christian,alt.atheism,hmmm food thought fear destroy soul body math
635,4595,15,don just like know think good,0.480,0.330,13,team game year games play season,rec.sport.hockey,rec.motorcycles,rec.sport.hockey,bruins fans playoff time looks like right time getting adams going cat fight end did montreal quebec teams revenge neely stay healthy moog stay sharp neely finally years ulf don fight don agree fighting nhl guy deserves taken good going good series bruins
636,9362,15,don just like know think good,0.480,0.457,4,health medical disease use patients food,sci.med,rec.motorcycles,sci.med,mom just diagnosed breast disease big relief cancer doctor says chocolate months stopping taking related reasons think especially just gave soon won left thought heard breasts common really health risk accurate told make various sacrifices treat big deal thanks information chris black com
637,6126,0,israel turkish armenian jews war israeli,0.480,0.568,15,don just like know think good,talk.politics.misc,talk.politics.mideast,rec.motorcycles,secret purpose war technology audio letter digitized jon mail address net audio letter registered audio books texas corporation originally produced tape recording reproduced open license granted audio books audio letter washington hello friends today april audio letter month war broke south atlantic
638,1411,9,edu com mail information send list,0.480,0.446,15,don just like know think good,sci.space,comp.sys.mac.hardware,rec.motorcycles,thanks got offers help appreciate contacting people mail thanks
639,2879,0,israel turkish armenian jews war israeli,0.480,0.334,15,don just like know think good,sci.crypt,talk.politics.mideast,rec.motorcycles,just does mean smart make job easier day christmas served leftover turkey second day christmas served turkey leftover turkey days deleted flaming turkey wings pizza hut commercial bait
640,1071,2,car new bike price sale cars,0.480,0.485,17,power use water ground wire used,misc.forsale,misc.forsale,sci.electronics,friend machine guitar effects way shifting rare collectors item unit rack mono signals seperate pan voltage outs input control interested contact kevin california make offer reply account nice day
641,4489,1,space nasa launch earth satellite shuttle,0.480,0.422,15,don just like know think good,sci.space,sci.space,rec.motorcycles,allen assume existence ssto need contest place think want contest development cheaper ways doing things exist just moon year insisting perfect safety people don balls live real world mary shafer nasa ames dryden
642,6014,5,drive card scsi disk dos windows,0.480,0.558,15,don just like know think good,misc.forsale,comp.sys.ibm.pc.hardware,rec.motorcycles,looking people interested getting rom list prices interested send mail guarantee price local shipping cost cod cost prefer shipped way american business dos animals dos animals birds dos dos bear goes school dos bible library dos religion dos book lists dos family choice dos select dos business econ
643,2871,14,gun law guns government people state,0.480,0.369,15,don just like know think good,talk.politics.guns,talk.politics.guns,rec.motorcycles,know reading just did make wondering help say provided paragraph shall unlawful person transfer possess got looking law dictionary person artificial entity created government rights federal constitution don understand statute like enforced individual tell government tell possess just passing law doe
644,3683,15,don just like know think good,0.480,0.434,16,people god does believe evidence say,alt.atheism,rec.motorcycles,alt.atheism,good point think average people christianity fear quite simply way improve social life involved american culture kids example overwhelming major religion western world form simply choice people bored want new lives new ordinary little weak long doesn hurt anybody good quotes agree let make sure alte
645,2798,15,don just like know think good,0.479,0.442,18,god jesus church bible christ christian,talk.religion.misc,rec.motorcycles,soc.religion.christian,response com david responded course feast accounts clear point difference connection bread wine body blood god old association line really related judaism case didn really intend argue point saw possible association pointed haven notion really happened
646,245,2,car new bike price sale cars,0.479,0.420,15,don just like know think good,rec.autos,misc.forsale,rec.motorcycles,agree hour long wheel really make especially consider failing car cup holder cup holder
647,5761,11,image software available ftp files graphics,0.479,0.513,6,window server motif widget use application,comp.windows.x,comp.graphics,comp.windows.x,does know difference does sun support available downloaded copy written eric widgets apparently available program available
648,7300,17,power use water ground wire used,0.479,0.524,15,don just like know think good,sci.electronics,sci.electronics,rec.motorcycles,think posted article days late april don like nuclear think fair tell let try explain tower used nuclear simple steam engine rest conventional visited seen cooling towers look good book chapter process describes energy temperature difference reason cooling towers energy temperature means steam need 
649,5418,15,don just like know think good,0.479,0.407,2,car new bike price sale cars,rec.motorcycles,rec.motorcycles,misc.forsale,selling bmw think miles says great condition perfect shape got hard bags good deal like awesome deal assuming says true thanks
650,4240,15,don just like know think good,0.479,0.487,5,drive card scsi disk dos windows,comp.sys.ibm.pc.hardware,rec.motorcycles,comp.sys.ibm.pc.hardware,netters troubles like fix book fix hardware monitor printer problems course book tell exact problem general idea wrong thanks lot help
651,2800,15,don just like know think good,0.479,0.446,0,israel turkish armenian jews war israeli,talk.politics.mideast,rec.motorcycles,talk.politics.mideast,hell calling arab land jews living long time jews didn just start arriving living thousands years periods expelled returned home steve
652,8272,15,don just like know think good,0.479,0.406,13,team game year games play season,rec.sport.baseball,rec.motorcycles,rec.sport.hockey,yeah valentine rings does clemens like good old canadian logic btw good thing say jay rotation year worse stewart stayed healthy
653,9501,15,don just like know think good,0.479,0.486,9,edu com mail information send list,misc.forsale,rec.motorcycles,comp.sys.mac.hardware,looking hint book indiana jones game ibm mail ask orion don hint book know answer questions
654,7706,15,don just like know think good,0.479,0.415,5,drive card scsi disk dos windows,comp.sys.ibm.pc.hardware,rec.motorcycles,comp.sys.ibm.pc.hardware,problems long didn set dma transfer area area dma controller probably programmed way anyways probably problem
655,1142,15,don just like know think good,0.478,0.399,18,god jesus church bible christ christian,soc.religion.christian,rec.motorcycles,soc.religion.christian,won recommend books congregation ask sounds attractive dangerous new christian don want people interpretation steep self scripture discuss christians read remember people write interpretation god promised light ask don wait long church just remember compare teach scripture like did
656,4377,15,don just like know think good,0.478,0.517,7,time use used number point different,talk.politics.misc,rec.motorcycles,rec.autos,understanding classes percentage like world wide really like know source figure
657,7426,15,don just like know think good,0.478,0.533,9,edu com mail information send list,rec.sport.baseball,rec.motorcycles,comp.sys.mac.hardware,count interested cardinal mailing list finds starts let know thanks dick
658,8682,15,don just like know think good,0.478,0.419,13,team game year games play season,rec.sport.baseball,rec.motorcycles,rec.sport.hockey,nichols writes young don strong possibility absolutely catching prospects minors point ready aaa majors duty main reason stayed prince just age especially mid things considered lot comfortable plate prince isn decent backup looking work
659,9628,15,don just like know think good,0.478,0.458,16,people god does believe evidence say,alt.atheism,rec.motorcycles,alt.atheism,haven taken account propoganda remember asked germans wwii jews slaughtered probably answer propoganda machine rolled able tolerate takes small group fanatics whip general haven managed outlaw abortion possible objectivity courts managed create quite problems people wanted abortion create similar pr
660,1415,4,health medical disease use patients food,0.478,0.394,15,don just like know think good,sci.med,sci.med,rec.motorcycles,approaches used bid doesn bad things like promoting abuse headache days hospital cold turkey way think doesn help wouldn know doctor haven seen successfully doesn mean gordon banks skepticism chastity intellect geb cadre dsl pitt edu shameful surrender soon
661,5535,13,team game year games play season,0.478,0.483,10,said people went didn came told,sci.space,rec.sport.hockey,talk.religion.misc,april van van van dat van met dies april van van van van van van stand van prof van van van half van van apart van van van prof van van door prof van experiment met dat pas van lamp van watt lang live lunch lunch door van bank men lid van lunch men henrik tel mail met opening prof prof prof prof van
662,5496,15,don just like know think good,0.477,0.476,5,drive card scsi disk dos windows,comp.sys.mac.hardware,rec.motorcycles,comp.sys.ibm.pc.hardware,position think replies sum fact place hard drive point sure work new drives lps drives smaller stable chance running maxtor lps flat year problems period like say trust manufacturer just like life right lane ends half mile
663,8212,2,car new bike price sale cars,0.477,0.543,15,don just like know think good,rec.autos,misc.forsale,rec.motorcycles,friend toyota using gas said internal leak air needs new costs likes know possible fix problem replacing
664,8398,15,don just like know think good,0.477,0.515,13,team game year games play season,rec.sport.baseball,rec.motorcycles,rec.sport.hockey,really sorry hear cubs sent minors
665,4630,15,don just like know think good,0.477,0.492,2,car new bike price sale cars,sci.electronics,rec.motorcycles,misc.forsale,driving middle picked clear channel station based los angeles claiming able traffic flow information thousands traffic sensors placed pavement does sell info does exclusive deal doug right second time believe listen colorado kind fun driving country listening traffic original question yes sensors ju
666,1875,5,drive card scsi disk dos windows,0.477,0.498,15,don just like know think good,comp.os.ms-windows.misc,comp.sys.ibm.pc.hardware,rec.motorcycles,just got manual clear matter page megabytes memory memory configured megabytes virtual memory common sense suggests able run new kinda subject laws common sense dan
667,9861,15,don just like know think good,0.477,0.325,5,drive card scsi disk dos windows,comp.sys.mac.hardware,rec.motorcycles,comp.sys.ibm.pc.hardware,say sure upgrade wondered thing ordered iii upgrade turns upgrade actually entire cpu minus disk drives pull floppy hard drives old stick new got iii thing look people unhappy apple sells macs pre drives course price quite bit higher trade
668,3885,7,time use used number point different,0.477,0.427,2,car new bike price sale cars,rec.autos,rec.autos,misc.forsale,grass roots long article month far speculation concerned think waste time especially later rubber models desirable original model reasons low value easy availability fact just good car
669,8082,8,president government people said program money,0.476,0.551,10,said people went didn came told,sci.space,talk.politics.misc,talk.religion.misc,missed presentations given morning session shea gave presentation did attend afternoon session meeting small conference room speaker wired mike table panel members use like sat outside conference room watched presentations closed circuit general sound fair poor speakers like committee member italian
670,3010,16,people god does believe evidence say,0.476,0.575,18,god jesus church bible christ christian,alt.atheism,alt.atheism,soc.religion.christian,add impossible actually tell god choose punish
671,5748,15,don just like know think good,0.476,0.512,9,edu com mail information send list,sci.electronics,rec.motorcycles,comp.sys.mac.hardware,title says contact email help mike university louisville know want like sell old copy
672,864,6,window server motif widget use application,0.476,0.500,15,don just like know think good,comp.windows.x,comp.windows.x,rec.motorcycles,hearing sounds like looking far release kind availability similar interviews code interviews code work motif heard mention versions interviews support motif feasible use motif information appreciated brad
673,2017,7,time use used number point different,0.476,0.507,14,gun law guns government people state,sci.crypt,rec.autos,talk.politics.guns,read twice replace prince government president appropriate read chapter translated daniel order lands secure disarmed subjects prompted division cities sought win approval initially destroyed impossible set definite measures considering particular circumstances states employed shall discuss broad te
674,6079,10,said people went didn came told,0.476,0.572,15,don just like know think good,misc.forsale,talk.religion.misc,rec.motorcycles,apartment rent downtown moscow room apartment nice location minutes walk station walking distance major shopping centers restaurants government buildings available early june
675,4654,15,don just like know think good,0.476,0.525,18,god jesus church bible christ christian,alt.atheism,rec.motorcycles,soc.religion.christian,don think really question god courts mean request help god request pick bible left hand hold right hand courts old new testament
676,620,4,health medical disease use patients food,0.476,0.332,15,don just like know think good,sci.med,sci.med,rec.motorcycles,literature let offer kidney stones times know pain going best doctor time kidney stones saw doctor thing did pain killers medication tract infection pain killers did kidney stones extremely painful stones judged just waited took days pass fun absolutely won doctor suggest drinking lots counter sleep
677,5094,13,team game year games play season,0.476,0.491,15,don just like know think good,rec.sport.hockey,rec.sport.hockey,rec.motorcycles,look belfour belfour kicked wings played hawks couple weeks ago penalty review suspension attacked bob probert previous period likewise belfour bad goes
678,4945,2,car new bike price sale cars,0.475,0.406,15,don just like know think good,rec.autos,misc.forsale,rec.motorcycles,maybe help looking buy nissan right car miles typical mileage cars seller just informed brought car told break pads replaced meet legal standards said replace components selling car ignorant technical stuff cars don know mean time typical replacing mentioned items indication car abused things break 
679,4057,1,space nasa launch earth satellite shuttle,0.475,0.455,15,don just like know think good,sci.space,sci.space,rec.motorcycles,nope confusing separate programs atlas generation icbm titan second generation titan titan launchers based generation heavy icbm essentially common programs yes programs despite similarity names titan titan completely different missiles didn use mind launch facilities
680,3093,15,don just like know think good,0.475,0.374,13,team game year games play season,rec.sport.baseball,rec.motorcycles,rec.sport.hockey,catching spring break bear lopez proven minor leagues ready play majors rushed players clearly good play major league level wasting time actually court case major league management keeping aaa unless lopez defensively born play second base belongs major leagues valentine isn saying saying position w
681,1107,15,don just like know think good,0.475,0.359,16,people god does believe evidence say,soc.religion.christian,rec.motorcycles,alt.atheism,huh okay eric feels life disagree life definitely meaningless precisely purpose meaning choose living living needed reason free completely free pick reason suited freedom probably closest religious experience glad atheist wouldn unless explaining subjective experience try convert merely explaining e
682,9699,11,image software available ftp files graphics,0.475,0.560,15,don just like know think good,comp.graphics,comp.graphics,rec.motorcycles,fairly routine request looking fast polygon routine used game works right slow point fairly documented flexible thanx
683,4374,11,image software available ftp files graphics,0.475,0.446,6,window server motif widget use application,sci.space,comp.graphics,comp.windows.x,nice little tool emacs called calendar request shows given coordinates times sunset sunrise code written lisp don know like idea editor right program calculate things
684,999,17,power use water ground wire used,0.475,0.497,11,image software available ftp files graphics,sci.electronics,sci.electronics,comp.graphics,decoder need commercial implementations allow use strictly decoder need lines make output change state according inputs hand uses control inputs determine outputs reflect state input signal inputs required decoder used equipped output enable input used data input high outputs high low selected contr
685,6258,13,team game year games play season,0.475,0.431,15,don just like know think good,rec.sport.baseball,rec.sport.hockey,rec.motorcycles,james say sounds like suggesting james kid death fairly critical roy campaign noting wasn world catcher hitter called basically average media predicting johnny bench roy reports like hernandez lot catch ball gotta play imho better hitter hernandez isn bad hitter right sounds like catch time hernande
686,2239,15,don just like know think good,0.475,0.355,13,team game year games play season,rec.sport.baseball,rec.motorcycles,rec.sport.hockey,agree going places san diego los angeles san francisco cincinnati denver atlanta miami philadelphia new york montreal pittsburgh chicago louis points home just used overly houston fan really shouldn hang shift key apparently new owner doesn particularly like excuses item paper austin american read s
687,7730,2,car new bike price sale cars,0.475,0.404,15,don just like know think good,rec.autos,misc.forsale,rec.motorcycles,fuel cleaning dealer probably little opening gas tank bottle fuel cleaner sending way buy cleaner just dealer sez need don mean necessarily suspicious
688,8179,15,don just like know think good,0.475,0.371,13,team game year games play season,rec.sport.hockey,rec.motorcycles,rec.sport.hockey,really believes caps beat let honest pens loose game definitely lose game remember regular season doesn mean comes playoff time caps shot flyers sure don
689,7493,15,don just like know think good,0.475,0.483,14,gun law guns government people state,talk.politics.guns,rec.motorcycles,talk.politics.guns,open debate certainly excessive number people murdered year people save innocent lives firearms media just don tell happens think federal crap simplistic thinking headed nuts
690,5064,2,car new bike price sale cars,0.475,0.442,15,don just like know think good,rec.motorcycles,misc.forsale,rec.motorcycles,mike possible motorcycle shaft drive sure fact shaft drive motorcycle moving just don try countersteering
691,9878,6,window server motif widget use application,0.475,0.413,5,drive card scsi disk dos windows,comp.sys.ibm.pc.hardware,comp.windows.x,comp.sys.ibm.pc.hardware,problems initialization described manual following steps initialization card bios resolution interrupt register lock access register set register lock access control extension register graphic command group set bit configuration register advanced display functions set bit function control register o
692,4190,17,power use water ground wire used,0.475,0.461,15,don just like know think good,sci.electronics,sci.electronics,rec.motorcycles,really don know post question figured board appropriate wondering massive concrete cylinders present nuclear sites look like cylinders middle does anybody know actual purpose things hear called cooling towers heck cool hope help nuclear reaction fuel hot happens liquid cooling tower air contact cool
693,1720,15,don just like know think good,0.474,0.537,5,drive card scsi disk dos windows,comp.windows.x,rec.motorcycles,comp.sys.ibm.pc.hardware,interesting like know try single ethernet terminals think slower
694,6831,15,don just like know think good,0.474,0.455,5,drive card scsi disk dos windows,comp.sys.ibm.pc.hardware,rec.motorcycles,comp.sys.ibm.pc.hardware,think simply dos doesn use irq does share irq
695,9759,11,image software available ftp files graphics,0.474,0.506,5,drive card scsi disk dos windows,comp.windows.x,comp.graphics,comp.sys.ibm.pc.hardware,amiga cost owned dale luck original amiga sells amiga options available including motif drive phone fax got connection satisfied customer
696,2860,15,don just like know think good,0.474,0.441,5,drive card scsi disk dos windows,comp.os.ms-windows.misc,rec.motorcycles,comp.sys.ibm.pc.hardware,just got based good ratings little impressed performance supposed comparable trident vga came performance good great second does know viewer saw cica does work better thanks help greg
697,534,7,time use used number point different,0.474,0.506,1,space nasa launch earth satellite shuttle,sci.space,rec.autos,sci.space,reading spaceflight handbook author discusses solar forces acting try gain initial acceleration passing close sun orbit magnitude estimated order says big problem manned craft humans published long question finally fact aid mechanical devices course possible used acceleration extended larger
698,6531,9,edu com mail information send list,0.474,0.498,15,don just like know think good,talk.politics.mideast,comp.sys.mac.hardware,rec.motorcycles,people sure posts forwarded operator forwarding similar file kept john
699,4963,16,people god does believe evidence say,0.473,0.387,15,don just like know think good,sci.crypt,alt.atheism,rec.motorcycles,means eff public stance complicated issues irrelevant encryption issue people care encryption issue don care associate network issue disagree eff position
700,8113,9,edu com mail information send list,0.473,0.476,15,don just like know think good,sci.space,comp.sys.mac.hardware,rec.motorcycles,nick sez level different levels heard rating care clue tommy mac tom radius vision increases ibm msu edu circumference mystery grows
701,2505,5,drive card scsi disk dos windows,0.473,0.365,9,edu com mail information send list,comp.sys.ibm.pc.hardware,comp.sys.ibm.pc.hardware,comp.sys.mac.hardware,hello following list books isa eisa buses isa architecture tom don anderson press eisa architecture tom don anderson press isa eisa isa isa eisa timing specs edward copyright isbn bus design edward copyright isbn ibm lewis copyright comments reply mail
702,7474,10,said people went didn came told,0.473,0.561,15,don just like know think good,rec.autos,talk.religion.misc,rec.motorcycles,history day early film came blue wanted know founder driver called guy
703,9627,15,don just like know think good,0.473,0.616,9,edu com mail information send list,comp.os.ms-windows.misc,rec.motorcycles,comp.sys.mac.hardware,does info coming fall asked info available point right direction help appreciated
704,8406,8,president government people said program money,0.473,0.469,15,don just like know think good,talk.politics.misc,talk.politics.misc,rec.motorcycles,similar saying clinton does little fix health care problem look picture just randomly picked libertarian positions government allowed use non initiated force achieve goals special influence government use non initiated force behalf means reaching restricted government topic address briefly certainly
705,7467,16,people god does believe evidence say,0.473,0.521,15,don just like know think good,rec.autos,alt.atheism,rec.motorcycles,org rob writes discussion purposes hand proven possible changed terms thrown question agreement contains clause evidence talking course looked little information say conclusive daniel
706,665,15,don just like know think good,0.472,0.481,5,drive card scsi disk dos windows,comp.sys.mac.hardware,rec.motorcycles,comp.sys.ibm.pc.hardware,yea thanks lots good information newsgroup prepared lots details shipping time got weeks guess biggest disappointment lack written specs documentation case load spec example setup section says apple monitors big ones couldn publish maximum load figure hope using partition button hard disk setup util
707,676,10,said people went didn came told,0.472,0.469,14,gun law guns government people state,talk.politics.guns,talk.religion.misc,talk.politics.guns,note trial updates reports local nbc television station channel randy weaver kevin harris trial update day friday april fourth day trial defense attorney gerry cross examined agent cooper repeated objections ronald moved denied day marked cross examination deputy larry cooper defense attorney gerry 
708,7525,10,said people went didn came told,0.472,0.481,14,gun law guns government people state,talk.politics.guns,talk.religion.misc,talk.politics.guns,armed citizen mere presence firearm shot fired prevents crime instances shown news reports sent armed citizen shooting usually justified crime constitutes immediate imminent threat life circumstances property accounts sent nra members free quote reproduce retired las vegas deputy police chief larry 
709,3816,18,god jesus church bible christ christian,0.472,0.544,15,don just like know think good,soc.religion.christian,soc.religion.christian,rec.motorcycles,thanks chuck sharing serve masters god money god lord savior far valuable
710,4437,6,window server motif widget use application,0.472,0.477,15,don just like know think good,comp.windows.x,comp.windows.x,rec.motorcycles,apollo gurus let know experiences building mit gcc particular watch thanks advance
711,1035,15,don just like know think good,0.472,0.519,5,drive card scsi disk dos windows,comp.sys.mac.hardware,rec.motorcycles,comp.sys.ibm.pc.hardware,does know exactly digital eclipse does upgrades suggesting chips able perform true does deal david
712,87,2,car new bike price sale cars,0.471,0.637,15,don just like know think good,rec.motorcycles,misc.forsale,rec.motorcycles,note users light hits just right giant glass hole dod technician speed student
713,10088,15,don just like know think good,0.471,0.389,2,car new bike price sale cars,rec.autos,rec.motorcycles,misc.forsale,true able better answer dump impressions wanted years came close ended buying instead biggest mistake life able nice car set price range taken nice pile shit common total failure car frame rust engine passenger compartment look yeah price range talking bucks parts engine pretty easy come old car loc
714,3321,18,god jesus church bible christ christian,0.471,0.492,16,people god does believe evidence say,talk.religion.misc,soc.religion.christian,alt.atheism,gordon banks quoted added article buffalo edu christians years creed statement beliefs drawn truths scripture officially accepted council church bishops leaders christians creed regularly public worship prior christians really believed creed really believe absurdity afraid really don honest creed me
715,5590,15,don just like know think good,0.471,0.465,14,gun law guns government people state,talk.politics.guns,rec.motorcycles,talk.politics.guns,yea millions cases say firearms deter criminals alas think actually cases think wrong ask fbi got proof look bulk used unworthy opponents cool want argue parking space woman short trivial worthless causes lie like vast majority million firearms country used anger feelings notwithstanding ruined caus
716,2990,10,said people went didn came told,0.471,0.441,14,gun law guns government people state,talk.politics.guns,talk.religion.misc,talk.politics.guns,people think cops responsible rest population article mountain colorado state university newspaper suspended police officer arrested revenge triple homicide providence police officer afraid fired allegedly walked auto body shop youth worked said going die shot police said fourth youth wounded fifth 
717,3687,14,gun law guns government people state,0.471,0.379,15,don just like know think good,talk.politics.misc,talk.politics.guns,rec.motorcycles,probably people access legal know course kid better selling crack neighborhood helping drugs legal neighborhood legally hell murder legal end murder crime saying crack babies way legally okay walk street night america drugs freedom ass
718,7015,2,car new bike price sale cars,0.471,0.426,15,don just like know think good,rec.autos,misc.forsale,rec.motorcycles,happened south africa year ago dealer sold mercedes odometer reading kilometers lady turned actual reading court case followed lady said wouldn bought car dealer car think case statement previous owner car dealer threaten
719,2183,15,don just like know think good,0.470,0.473,6,window server motif widget use application,comp.os.ms-windows.misc,rec.motorcycles,comp.windows.x,networking just hope forgot don use ndw like things modular think love instead adding line autoexec bat just drop icon extensions
720,3035,10,said people went didn came told,0.470,0.347,0,israel turkish armenian jews war israeli,talk.politics.mideast,talk.religion.misc,talk.politics.mideast,dog prayers answered bones rain sky did know word karabag turkish russians armenians drove turks muslims turkish majority town surprising armenians nazis wholly pro nazi pro russia pro soviet armenia pro arab pro jewish anti jewish anti zionist anti communist anti soviet whichever john roy arthur ne
721,9089,13,team game year games play season,0.470,0.377,15,don just like know think good,rec.sport.hockey,rec.sport.hockey,rec.motorcycles,think guy going just little bit disappointed lemieux tocchet mullen jagr friend forgot scored mullen goal said scored lemieux tocchet jagr funny said jagr non process scoring asking question abc coverage wasn bad scale games chi louis area stupid complain television network pirates game instead peng
722,3806,15,don just like know think good,0.470,0.345,13,team game year games play season,rec.sport.hockey,rec.motorcycles,rec.sport.hockey,lindros trade like ottawa stupid lindros think quebec traded lindros personal strike maybe talk ottawa trade agreed publicly maybe look baseball supposed american look damn latin americans playing aren american add sarcasm taste roger wow agree hope isn sign things come lunatic talks leafs best camp
723,9571,15,don just like know think good,0.470,0.420,2,car new bike price sale cars,rec.autos,rec.motorcycles,misc.forsale,car driver rated miles time checked automobile magazine rated new mile gee sounds like need race let newer version lend day wont hurt promise
724,1504,15,don just like know think good,0.470,0.420,5,drive card scsi disk dos windows,comp.sys.mac.hardware,rec.motorcycles,comp.sys.ibm.pc.hardware,problems duo dock duo properly got duo come dock couple inches pull rest way nowadays months duo doesn come despite fact mechanism makes appropriate grab hold pull simple fix return apple dealer weeks make colour display vram floppy scsi btw duo locked dock just doesn want slide
725,6189,15,don just like know think good,0.470,0.412,12,key encryption chip clipper keys privacy,sci.crypt,rec.motorcycles,sci.crypt,means fbi want track customer lists better encryption phones reason person want police don track customer lists merely listen phone line eliminate don clipper header signature said want bet non standard easily devices scan detect modems exist seen advertised trade press eliminate crypto devices ordi
726,1358,15,don just like know think good,0.470,0.495,12,key encryption chip clipper keys privacy,sci.crypt,rec.motorcycles,sci.crypt,agree expensive game town note think great boss double salary buy bunch stuff thing clipper offers higher degree security currently non proprietary voice encryption systems means cheaper proprietary scheme easier course bug feature depending look great buy note clipper increases incentive bring stro
727,8134,2,car new bike price sale cars,0.470,0.529,17,power use water ground wire used,misc.forsale,misc.forsale,sci.electronics,texas instruments new box manuals texas instruments statistics library module new box manual texas instruments chemical engineering module new box manual shipping
728,4372,15,don just like know think good,0.469,0.466,0,israel turkish armenian jews war israeli,talk.politics.mideast,rec.motorcycles,talk.politics.mideast,greek people died happened years ago greeks islands allowed churches instead turkey turned church got picture greeks spoke thousand year language left start start quoting argic somebody think know hard thing somebody equipped try turks greece badly come elected representatives greek government come 
729,2725,15,don just like know think good,0.469,0.413,18,god jesus church bible christ christian,soc.religion.christian,rec.motorcycles,soc.religion.christian,sorry taking sharon like add verses answer second verses corinthians knowing bit tricky people normally warn case conscience sin hebrews person idea doesn care course sins don know sinful begin searching examining scripture sinful change best question ask circumstance judge sinful possibilities jesu
730,7798,15,don just like know think good,0.469,0.486,0,israel turkish armenian jews war israeli,talk.politics.mideast,rec.motorcycles,talk.politics.mideast,gee better tell mental health branch israeli army medical corps sigh deer tel aviv probably accurate rest fantasy figures jerusalem post office really sad figure actually feel sorry concentration camp holocaust affected deeply
731,560,1,space nasa launch earth satellite shuttle,0.469,0.610,17,power use water ground wire used,sci.med,sci.space,sci.electronics,provide information chemical agent tear gas used recently waco just effects body gsfc nasa gov regards hughes code gsfc doug maryland
732,2382,10,said people went didn came told,0.469,0.574,15,don just like know think good,rec.motorcycles,talk.religion.misc,rec.motorcycles,times accident asked wearing protection yes wearing
733,134,11,image software available ftp files graphics,0.469,0.573,9,edu com mail information send list,comp.os.ms-windows.misc,comp.graphics,comp.sys.mac.hardware,suggestion contact microsoft sdk need developer services extension pacific time
734,5405,15,don just like know think good,0.469,0.481,16,people god does believe evidence say,alt.atheism,rec.motorcycles,alt.atheism,experience scout issue wasn gays principles thanks stan kind think discussion doesn belong acceptable position notice religious right core values survived spite leadership haven given seeing like reminds worth fighting note realize experience camp leader putting risk word leak
735,6975,16,people god does believe evidence say,0.469,0.450,15,don just like know think good,soc.religion.christian,alt.atheism,rec.motorcycles,sorry afraid friendship danger examine good friend unwilling accept friends life question faith friend changed fills need life need decide friend accommodate new life sounds criticizing fundamental belief bible quick reveal fundamental belief knew took seriously took light tried understand special l
736,7524,0,israel turkish armenian jews war israeli,0.469,0.510,15,don just like know think good,talk.politics.mideast,talk.politics.mideast,rec.motorcycles,mean talks jews self hatred spend time attacking judaism jews israel using anti don think need coin term like nazism refer jews endless desire accepted nazis dirty work just house jews fools anti jewish families think house jews reference person jewish issues statements company organization condemn 
737,283,6,window server motif widget use application,0.469,0.512,11,image software available ftp files graphics,comp.windows.x,comp.windows.x,comp.graphics,like compile sony running news distribution support config release notes say tested machine release notes sony listed supported servers supposed use server supported hardware binaries used server like silly questions really confused mike acs virginia edu
738,9800,2,car new bike price sale cars,0.469,0.431,15,don just like know think good,rec.motorcycles,misc.forsale,rec.motorcycles,christopher bradley andrew cmu edu compared unique helmet design seen new animated series huge opening mouth world enormous mouth opening batman helmet probably cuts degrees vision helmet like just better leather cap mask mon batman doesn need batman did notice takes bike snow rain let far weird hel
739,72,5,drive card scsi disk dos windows,0.468,0.494,6,window server motif widget use application,comp.os.ms-windows.misc,comp.sys.ibm.pc.hardware,comp.windows.x,using memory run variety programs problems lock trying run application wants lot memory period time bit rendered locking everytime ati ultra tried video modes excluded region video memory segments use tried adjusting swap large prevent swapping tsr utilities config autoexec tried using default progr
740,2008,18,god jesus church bible christ christian,0.468,0.564,15,don just like know think good,soc.religion.christian,soc.religion.christian,rec.motorcycles,james asks nature eternal life locked space time best analogy best lewis weight glory deals question recommend read chapter heaven book problem pain gives treatment book great divorce helpful helped treatment divine heaven imagine reading beginning urge use translation dorothy available penguin
741,7149,15,don just like know think good,0.468,0.439,14,gun law guns government people state,talk.politics.guns,rec.motorcycles,talk.politics.guns,don remember figures exactly deaths texas caused guns killed car accidents yes low sentences high poverty influence figures pretty high right believe texas liberal gun laws usa suffer agree live freedom note insurance pay buy paying return goods steal gets bonus live people want playing music loud h
742,3345,11,image software available ftp files graphics,0.468,0.552,6,window server motif widget use application,comp.os.ms-windows.misc,comp.graphics,comp.windows.x,hello like know modem upload initiated script file check works registering feature mentioned manual anybody help
743,2636,13,team game year games play season,0.468,0.443,15,don just like know think good,rec.sport.hockey,rec.sport.hockey,rec.motorcycles,obviously don understand works espn prior contracts baseball monday night games contracted shows advance nhl deal late process normally plus year nhl package finished weeks season started espn shown tremendous commitment nhl extra like minnesota game putting stanley cup games backup baseball favorab
744,3584,7,time use used number point different,0.468,0.550,18,god jesus church bible christ christian,soc.religion.christian,rec.autos,soc.religion.christian,actually little book looking titles books personally consider engaged bizarre form christian like heavily influenced eastern great titles like chapter original biased new book basically collection previously published works claim exist stories christ visited india china known period late teens age c
745,9904,16,people god does believe evidence say,0.468,0.557,15,don just like know think good,sci.crypt,alt.atheism,rec.motorcycles,poster brain wrong gear infer sentence meant consequences backup better consequences easy copy database
746,6680,11,image software available ftp files graphics,0.468,0.459,5,drive card scsi disk dos windows,comp.os.ms-windows.misc,comp.graphics,comp.sys.ibm.pc.hardware,using oak based vga card computer downloaded driver ftp cica indiana edu good luck does know faster driver available card thanks mike
747,7785,15,don just like know think good,0.468,0.463,5,drive card scsi disk dos windows,comp.sys.mac.hardware,rec.motorcycles,comp.sys.ibm.pc.hardware,officially experience included yes problem free brand mac matter hard drive mac long doesn fall doug
748,561,9,edu com mail information send list,0.468,0.575,11,image software available ftp files graphics,comp.graphics,comp.sys.mac.hardware,comp.graphics,stone geometric characterization cubic curves acm trans graphics detecting points curves computer geometric design
749,5145,15,don just like know think good,0.467,0.448,5,drive card scsi disk dos windows,comp.sys.mac.hardware,rec.motorcycles,comp.sys.ibm.pc.hardware,believe order new mouse remove label says apple desktop bus mouse screws haven tried ran label appeared assume screws question cheers john
750,1572,9,edu com mail information send list,0.467,0.533,15,don just like know think good,sci.crypt,comp.sys.mac.hardware,rec.motorcycles,date apr gmt rain com jim hart simply attitude people attitude hard core computer hackers make phone calls away computer
751,5268,17,power use water ground wire used,0.467,0.455,15,don just like know think good,sci.electronics,sci.electronics,rec.motorcycles,balls used reduce wire periods high winds seen looks like paint filled concrete used purpose mike senior tech est lab equipment computing div gov opinions lab don like
752,7770,9,edu com mail information send list,0.467,0.522,18,god jesus church bible christ christian,soc.religion.christian,comp.sys.mac.hardware,soc.religion.christian,does mean christian avoid hell isn really christian sounds like mit mail department applied mathematics internet csc theoretical physics janet csc university box england ergo est
753,1987,17,power use water ground wire used,0.467,0.484,15,don just like know think good,sci.electronics,sci.electronics,rec.motorcycles,little putting heavy filter deep ordinary bulb father used setup like law enforcement work circa good work like proceed getting cheap battery powered light going electrical supply house finding bulb fit
754,9795,18,god jesus church bible christ christian,0.467,0.455,15,don just like know think good,soc.religion.christian,soc.religion.christian,rec.motorcycles,hand really loved king did loved point eternal time spent eternal really choice
755,1218,5,drive card scsi disk dos windows,0.467,0.462,15,don just like know think good,comp.sys.mac.hardware,comp.sys.ibm.pc.hardware,rec.motorcycles,bought ago cache card fpu think cheapest saw
756,2447,2,car new bike price sale cars,0.467,0.429,15,don just like know think good,rec.motorcycles,misc.forsale,rec.motorcycles,moving left coast right coast actually waves harley riders really remember time truely event refuse bring thanks harley rider waves
757,5704,18,god jesus church bible christ christian,0.467,0.435,16,people god does believe evidence say,soc.religion.christian,soc.religion.christian,alt.atheism,notion god takes sort pleasure people purpose hell destroy devil angels earlier poster tried support eternal hell theory fact fallen angels destroyed remember bible teaches god reserved day judgement judgement soon come let suggest maybe believe eternal hell theory provide biblical evidence stay awa
758,4523,4,health medical disease use patients food,0.467,0.372,15,don just like know think good,sci.med,sci.med,rec.motorcycles,long ago said meant did long ago practices varied agencies gear provide good don need community service agencies provide blood people need testing fool proof fact got aids really did does mean red cross screwed prior wasn good test lot bad blood got wasn fault red cross did gordon banks skepticism c
759,7686,4,health medical disease use patients food,0.466,0.535,15,don just like know think good,sci.med,sci.med,rec.motorcycles,suppose died certainly heard employ law authorities refused hire similar law allows practice hospitals seen don know single hired lot net able tell provides gordon banks skepticism chastity intellect geb cadre dsl pitt edu shameful surrender soon
760,6186,9,edu com mail information send list,0.466,0.401,12,key encryption chip clipper keys privacy,sci.crypt,comp.sys.mac.hardware,sci.crypt,archive cryptography faq modified faq sci crypt references tenth parts sci crypt faq parts independent read rest don time send missing parts mail don ask notes refer reference list sections faq available anonymous ftp rtfm mit edu pub usenet news answers cryptography faq cryptography faq posted news
761,5029,6,window server motif widget use application,0.466,0.496,11,image software available ftp files graphics,comp.windows.x,comp.windows.x,comp.graphics,version ncsa window networked information systems world wide web released file ftp ncsa uiuc edu source tar binaries sun binaries sgi binaries ibm binaries dec binaries alpha ncsa provides consistent easy use based interface wide variety networked information sources including world wide web nntp us
762,4503,1,space nasa launch earth satellite shuttle,0.466,0.494,15,don just like know think good,sci.space,sci.space,rec.motorcycles,command spacecraft tells don hear earth hours assume wrong spacecraft attitude search mode attempt signal earth
763,2537,15,don just like know think good,0.466,0.394,13,team game year games play season,rec.sport.baseball,rec.motorcycles,rec.sport.hockey,obp important offensive statistic big margin points obp worth considerably points said think baerga slightly better year think close wash likely personally don care alomar defense don think nearly good people make turn save life comes bag release slow considering high long term alomar position jays 
764,1273,15,don just like know think good,0.466,0.464,17,power use water ground wire used,sci.electronics,rec.motorcycles,sci.electronics,just shot know bought real cheap power amp car tape player room sales sounded great channel quit entirely opened amplifier chip bad channel simply pcb soldered worked fine just volume bit lower did probably lousy heat said nice sure orders mag higher quality point look inside occasionally repair may
765,6507,15,don just like know think good,0.465,0.413,2,car new bike price sale cars,rec.motorcycles,rec.motorcycles,misc.forsale,unfortunately eat day matter ride don fuel die annual basis spend bike stuff wonder wife does horse stuff horses got bikes ride constantly rides times week count insurance cost garage built getting cheaper having fun imho fast chances
766,2104,15,don just like know think good,0.465,0.348,13,team game year games play season,rec.sport.hockey,rec.motorcycles,rec.sport.hockey,trade bad recall making pretty good centre right wing combination bruins got brad park deal lost somebody trade bruins finals semi final course lost montreal end doubt keeping difference series did rangers years boston matter
767,8694,16,people god does believe evidence say,0.465,0.435,15,don just like know think good,alt.atheism,alt.atheism,rec.motorcycles,seconds don reliable statistics sexual issue depression isn defined earlier centuries probably talking crap course pull mozumder say people having sex outside marriage defined depressed say noticed
768,9004,7,time use used number point different,0.465,0.412,15,don just like know think good,talk.religion.misc,rec.autos,rec.motorcycles,kent respect seriously names wrong place thing correct ancient mystical order thing clearly state pretend order orders study groups claims original order mean didn learn correct
769,4975,15,don just like know think good,0.465,0.375,11,image software available ftp files graphics,comp.os.ms-windows.misc,rec.motorcycles,comp.graphics,yes idea ripped adobe program called years does thing adobe type fonts adobe said version work adobe type truetype does things does including things apparently want
770,5801,15,don just like know think good,0.465,0.463,4,health medical disease use patients food,sci.med,rec.motorcycles,sci.med,reply geb pitt edu gordon banks decision getting studies like mri don think indicated patient won accept explanation think study waste time money suggest second opinion
771,951,15,don just like know think good,0.465,0.485,10,said people went didn came told,talk.politics.guns,rec.motorcycles,talk.religion.misc,flame guy really pay attention news oops forgot media loves jump right story facts known manipulate believe ways koresh devoted followers did repeat did survive mass slaughter innocent people survivors burn unit local hospital reported david towers shit hit fan majority children children supposed fa
772,9924,7,time use used number point different,0.465,0.415,15,don just like know think good,rec.motorcycles,rec.autos,rec.motorcycles,like use backs instead minds make living usually ignorant outside group level understanding confusion white trash confusion understandable substantial overlap sets let clarify primarily use backs instead minds make living usually somewhat ignorant somebody standards held education basic reading writ
773,2254,15,don just like know think good,0.464,0.600,11,image software available ftp files graphics,comp.graphics,rec.motorcycles,comp.graphics,sure did use version works fine software pro quite important pretty useless program thing working imho hope author fix daniel
774,10007,16,people god does believe evidence say,0.464,0.409,15,don just like know think good,alt.atheism,alt.atheism,rec.motorcycles,wrt pathetic posting hasn extended courtesy shown don pie respect beliefs don try stamp posters sole purpose appears
775,2564,9,edu com mail information send list,0.464,0.551,7,time use used number point different,talk.politics.guns,comp.sys.mac.hardware,rec.autos,statistical evidence claim requires limitation freedom steve phone nasa lewis research center cleveland ohio email lerc nasa gov
776,6501,11,image software available ftp files graphics,0.464,0.512,15,don just like know think good,misc.forsale,comp.graphics,rec.motorcycles,word processing utilities include complete printed manuals registration cards need rid excess latest versions priced programs half list price significantly cheapest mail order price windows rated grammar helps improve writing grammar usage mistakes owned wordperfect list sale dos rated grammar helps
777,1264,8,president government people said program money,0.464,0.568,15,don just like know think good,talk.politics.misc,talk.politics.misc,rec.motorcycles,need hop talk politics misc wee gem awhile challenge single supply said weeks challenge gone issue challenge
778,719,2,car new bike price sale cars,0.464,0.510,15,don just like know think good,rec.motorcycles,misc.forsale,rec.motorcycles,keith wed apr gmt wibbled remember correctly reason bmw come expensive relatively worthless short lived batteries cause bmw owns battery manufacturer wrong bmw battery problems know numerous people using original battery year old original battery nick sufficiently charged biker dod concise oxford lu
779,7838,15,don just like know think good,0.464,0.512,5,drive card scsi disk dos windows,comp.sys.mac.hardware,rec.motorcycles,comp.sys.ibm.pc.hardware,apple rgb monitor past months gone colors rich encountered similar problem happen know problem
780,3200,2,car new bike price sale cars,0.464,0.440,15,don just like know think good,rec.autos,misc.forsale,rec.motorcycles,edu subject taurus recall taurus clock apparently haven fixed problem try convincing ford service person fix free right tony heard horror stories taurus cars thought premium american automobiles way sell think ford really better late turning like taurus camry accord
781,6841,15,don just like know think good,0.463,0.364,18,god jesus church bible christ christian,soc.religion.christian,rec.motorcycles,soc.religion.christian,commited christian problem know romans talks saved faith deeds hebrews james say faith deeds useless saying fools think just believing stuff deleted opinion saved faith taught romans square mind teachings james christian help really bothers received tons mail people replying article wrote just like 
782,3387,16,people god does believe evidence say,0.463,0.498,15,don just like know think good,talk.religion.misc,alt.atheism,rec.motorcycles,looks results correctness meaningful sense chip said work does exist mean particular extremely complex configuration physical phenomena absolutely cares slightest does exist eric getting question des chip works doesn work mean like desired expected effect note way definition definition expected inst
783,8518,2,car new bike price sale cars,0.463,0.508,15,don just like know think good,misc.forsale,misc.forsale,rec.motorcycles,old integrated amp longer use integrated amp section does work right cost fix believe just chip used works great nice looking built set low profile amp heavy fine working condition match amp amp rated went new like obo pair anybody knowledge fix amp estimate cost parts email interested moving home s
784,3768,15,don just like know think good,0.463,0.410,13,team game year games play season,rec.sport.hockey,rec.motorcycles,rec.sport.hockey,expect burns playing anderson unless play puck position ain going scoring
785,6146,15,don just like know think good,0.463,0.476,2,car new bike price sale cars,rec.motorcycles,rec.motorcycles,misc.forsale,second saw list stuff buy stuff like toilet paper motorcycle helmets
786,5700,7,time use used number point different,0.463,0.448,5,drive card scsi disk dos windows,comp.sys.mac.hardware,rec.autos,comp.sys.ibm.pc.hardware,continuing collect user results produce comprehensive report iisi clock oscillator upgrades attempted modification drop note details experience reports obtained accurate numbers generate possible include following speed achieved configuration mhz setting speed rating cpu printed cpu presence additio
787,9220,10,said people went didn came told,0.462,0.468,18,god jesus church bible christ christian,soc.religion.christian,talk.religion.misc,soc.religion.christian,don claim expert branch davidians know branch davidian group led koresh actually group known rod rod far know broke church rod broke away church felt church weak falling felt spoken revelation koresh group koresh gained control control center proclaimed christ koresh came background young adult loca
788,740,15,don just like know think good,0.462,0.492,17,power use water ground wire used,sci.electronics,rec.motorcycles,sci.electronics,keen area hooking asking help know better hook line unless got sort circuitry involved small probably looked wondering use suggested replying message current limiting circuitry package illustrated hopefully help hmm different request thanks inspiration comes seek unknown
789,8400,13,team game year games play season,0.462,0.377,15,don just like know think good,rec.sport.hockey,rec.sport.hockey,rec.motorcycles,don think necessarily bad pick just trying locate beginning murray decisions trading carson delayed development wait longer big players good player point game player especially team yzerman joel otto gets goals season plays mean extremely good pick
790,4699,0,israel turkish armenian jews war israeli,0.462,0.493,16,people god does believe evidence say,talk.politics.mideast,talk.politics.mideast,alt.atheism,said similar comment value lack value elias proposal just want say people ignorant nazi racial doctrine like elias idea like opposite nazis believed racial purity racial example nazi attitude according nazi aryan race persecuted huge numbers murdered european considered pure formed pure race undesir
791,4873,15,don just like know think good,0.462,0.423,13,team game year games play season,rec.sport.hockey,rec.motorcycles,rec.sport.hockey,read wrote didn say exactly thought sure pens better team got size best skill players league got best clutch goaltending best team league point caps played ability level pens year choke mental problem number years tried point spirit mental win want missing caps play pens actually right won make diff
792,4732,5,drive card scsi disk dos windows,0.462,0.495,15,don just like know think good,comp.sys.mac.hardware,comp.sys.ibm.pc.hardware,rec.motorcycles,partition button apple setup lets set types won let create normal mac volume need similar allow advantage possible unused space hard disk don mind thing
793,1412,5,drive card scsi disk dos windows,0.461,0.551,15,don just like know think good,misc.forsale,comp.sys.ibm.pc.hardware,rec.motorcycles,looking people interested getting rom list prices interested send mail guarantee price local shipping cost cod cost prefer shipped way updated prices post american business dos animals dos animals birds dos dos bear goes school dos bible library dos religion dos book lists dos family choice dos sele
794,384,5,drive card scsi disk dos windows,0.461,0.420,2,car new bike price sale cars,comp.os.ms-windows.misc,comp.sys.ibm.pc.hardware,misc.forsale,used hercules adapter looks good paper steve gibson gave good review love real world impression speed drivers support looking replace ati ultra
795,5939,15,don just like know think good,0.461,0.411,5,drive card scsi disk dos windows,comp.sys.ibm.pc.hardware,rec.motorcycles,comp.sys.ibm.pc.hardware,yes running new chip trade little real technical knowledge wouldn let diskette boot demo machine demo machine long people nice demos linux diskette really wipe disk loaded virus deep trouble right mind let unless specifically invited people provided machines learn technology shipping vendors compati
796,9189,17,power use water ground wire used,0.461,0.370,15,don just like know think good,sci.electronics,sci.electronics,rec.motorcycles,want upgrade thinking buying heard alot people sounds great components cheaply won long time estimates heard like years true power amp far concerned amp touch price range build quality impressive far superior amps price range amplifier extremely solid massive heat solid open amp good quality compone
797,150,15,don just like know think good,0.461,0.433,18,god jesus church bible christ christian,soc.religion.christian,rec.motorcycles,soc.religion.christian,did workshop student gathering couple months ago wanted know answer far tell story specifically bible references primarily new testament old testament actually entirely different view satan excuse pun devil advocate book job getting fallen angel story references lucifer bible morning star king james
798,9176,3,max bhj giz bxn air qax,0.461,0.507,11,image software available ftp files graphics,comp.os.ms-windows.misc,comp.os.ms-windows.misc,comp.graphics,resolution size parts uuencoded bitmap colors picture desert blue sky background size just right wallpaper display leaves border just big icons fit picture image quality resolution seen better haven worked image files save parts individual files use text editor remove header file parts single file u
799,8830,6,window server motif widget use application,0.461,0.394,5,drive card scsi disk dos windows,comp.os.ms-windows.misc,comp.windows.x,comp.sys.ibm.pc.hardware,swapping generic vga card speedstar noticed new problems create dos session mode text starts scroll printing characters starts print horizontal lines desktop trash entire display ctrl alt del dos window desktop short time ncd remote windows characters displayed desktop changed unable restore color d
800,9683,15,don just like know think good,0.461,0.417,4,health medical disease use patients food,sci.med,rec.motorcycles,sci.med,sure say chronic just patients acute better eventually away patient left ear helped sure good general advice odds going miracle research secret hidden general knowledge disease good answers problems usually newspapers spending great deal time energy medical problem energy productive things life limi
801,3866,15,don just like know think good,0.460,0.491,13,team game year games play season,rec.sport.baseball,rec.motorcycles,rec.sport.hockey,tickets orioles red sox game baltimore saturday july haven new park wondering pointers good tips helpful place enjoy moment spent instance time gates open orioles red sox tell appreciated thank advance respond mail address know half months away
802,370,15,don just like know think good,0.460,0.421,8,president government people said program money,talk.politics.misc,rec.motorcycles,talk.politics.misc,read week don remember supply date magazine carry capability read land smaller pork depends job relies california right say pork peace people work huh shouldn read question social pork happy les clinton able face jobs pork happy congress
803,9585,10,said people went didn came told,0.460,0.528,15,don just like know think good,talk.politics.guns,talk.religion.misc,rec.motorcycles,mention men believed children didn gas masks respect children point feds knew children health danger proceeded assumption davidian women remove harm way gut net observed administration appeal woman wash liberals republican white house say justification come mindset btw read paper yesterday type gas 
804,5200,15,don just like know think good,0.460,0.388,2,car new bike price sale cars,rec.autos,rec.motorcycles,misc.forsale,help wife informed wants convertible car fyi just week motor week gave results thought best cars convertible category honda civic del sol achieved honor car interior looks inexpensive dull del sol interior really looks looks lot better person television saw needless say bit time watch convertible ta
805,9079,6,window server motif widget use application,0.460,0.508,5,drive card scsi disk dos windows,comp.windows.x,comp.windows.x,comp.sys.ibm.pc.hardware,information existence location dedicated server kernel send email trying neglected good use don memory sunos thanks advance help
806,9388,15,don just like know think good,0.460,0.426,2,car new bike price sale cars,rec.autos,rec.motorcycles,misc.forsale,great cars handle corner accelerate integra got ask question cars sliding pop power sliding opened air closed let just light comes just got know important
807,2214,15,don just like know think good,0.460,0.548,2,car new bike price sale cars,rec.autos,rec.motorcycles,misc.forsale,hard believe weights red head hell lot horse power pre production got sports cars seen
808,6597,17,power use water ground wire used,0.460,0.469,15,don just like know think good,rec.autos,sci.electronics,rec.motorcycles,come silly cut hole hood tube oil hole think big air intake things hot rod cars just looks little does know provide access oil hole
809,6450,17,power use water ground wire used,0.460,0.430,15,don just like know think good,sci.electronics,sci.electronics,rec.motorcycles,don just run led khz use flip receiving end divide good square signal just thought
810,4578,15,don just like know think good,0.460,0.434,12,key encryption chip clipper keys privacy,sci.crypt,rec.motorcycles,sci.crypt,bunch meaning maybe text screw thread sizes rights people standards non right gov regulate screw threads funny little comment little personal privacy citizen able look typed computer point clipper chip stuff seeds make nightmare movies look like roger neighborhood gov cryptography standard used pers
811,4746,15,don just like know think good,0.459,0.442,12,key encryption chip clipper keys privacy,sci.crypt,rec.motorcycles,sci.crypt,simple way convert clipper proposal make voluntary usually reading proposal does say voluntary program doesn make desirable high quality secure nsa classified technology agree escrow key secure know nsa trying make believe trust yeah right know tomorrow outlaw devices don use technology promising ge
812,3837,9,edu com mail information send list,0.459,0.520,2,car new bike price sale cars,misc.forsale,comp.sys.mac.hardware,misc.forsale,offer seller expense payment personal check sent mail hours receiving goods reserve right return goods expense defective unacceptable receive merchandise check mailed hours
813,9100,0,israel turkish armenian jews war israeli,0.459,0.585,15,don just like know think good,alt.atheism,talk.politics.mideast,rec.motorcycles,encyclopedia volume look hitler adolf people just germans
814,6305,7,time use used number point different,0.459,0.443,15,don just like know think good,rec.sport.baseball,rec.autos,rec.motorcycles,briefly sleep work pretty aaa players players younger tend numbers years players older levels generally inflated reliable having major league stats player
815,1096,2,car new bike price sale cars,0.459,0.425,15,don just like know think good,rec.motorcycles,misc.forsale,rec.motorcycles,mike apr gmt wibbled interesting stuff deleted like formal training view absolutely essential going able ride bike properly safely including countersteering theory newbie courses confusing people right time far important matters learn original point mike complete mike silver instructor learn counter
816,8160,11,image software available ftp files graphics,0.459,0.568,9,edu com mail information send list,comp.os.ms-windows.misc,comp.graphics,comp.sys.mac.hardware,posted behalf peter north american mirror beta test version contact peter details
817,3330,15,don just like know think good,0.459,0.414,4,health medical disease use patients food,sci.med,rec.motorcycles,sci.med,interesting statements simply told certainly questioning steve claims doctor agree foods don bring inflammation mildly drastically enhanced food having major resulting good told low diet called basically idea inflammation gut realized patient caught inflammation constantly problem doesn digest compl
818,2881,14,gun law guns government people state,0.459,0.454,15,don just like know think good,sci.crypt,talk.politics.guns,rec.motorcycles,definitely going write going make respect law violates freedom speech feds try enforce law protect freedoms force comes hopefully won doug holland
819,5864,2,car new bike price sale cars,0.459,0.415,15,don just like know think good,rec.autos,misc.forsale,rec.motorcycles,near people remember alarm prevention thief sees cars likes alarm doesn obviously going skip car avoid hassle way alarm got rob lehigh edu
820,4766,0,israel turkish armenian jews war israeli,0.459,0.450,15,don just like know think good,talk.politics.mideast,talk.politics.mideast,rec.motorcycles,andy claimed israeli press bit biased fact events politics mideast people read israeli press simply know events mentioned read israeli press learn important events know total reliance western media information israel read american media israeli media say absolute certainty anybody exclusively americ
821,9936,15,don just like know think good,0.458,0.525,17,power use water ground wire used,sci.electronics,rec.motorcycles,sci.electronics,don bother trying make just shop little dod brand boxes cheap higher end ones use bands wouldn bother making work getting hard heavy metal floor kicked lot additional questions topic want post rec audio pro edu
822,6465,5,drive card scsi disk dos windows,0.458,0.480,15,don just like know think good,misc.forsale,comp.sys.ibm.pc.hardware,rec.motorcycles,pay floppy drives new need documentation floppies installation things idiot proof just advice
823,3600,15,don just like know think good,0.458,0.398,2,car new bike price sale cars,rec.autos,rec.motorcycles,misc.forsale,looking buying jeep wondering bad good experiences model different looks feels sounds like nice vehicle thought price steep canadian
824,5745,15,don just like know think good,0.458,0.557,7,time use used number point different,sci.med,rec.motorcycles,rec.autos,live sea level called travel high altitude cities quite frequently business cities question feet altitude especially feel faint days feel heart pound lot sea level dry cities tend drink lot water away drinks containing alcohol thing symptoms ensure short trips don usually week comfortable possible l
825,7070,15,don just like know think good,0.458,0.499,12,key encryption chip clipper keys privacy,sci.crypt,rec.motorcycles,sci.crypt,really like claims did come hear practically daily nsa monitors crack release cryptosystem couldn crack people fascinating facts puzzle buck hand true pretty sure nsa supposed things provide high quality cryptosystems variety places don recall reading reliable supposed monitor monitor usenet provide
826,4896,2,car new bike price sale cars,0.458,0.561,5,drive card scsi disk dos windows,sci.electronics,misc.forsale,comp.sys.ibm.pc.hardware,giving hardware design selling precision model mhz dual trace barely used firm sells tax prefer people silicon valley don ship
827,5189,13,team game year games play season,0.458,0.391,15,don just like know think good,rec.sport.baseball,rec.sport.hockey,rec.motorcycles,reading local paper today phillies started season old heard talk choke job phillies did season ahead cardinals games season mid august managed lose bunch cardinals took division games ahead lost hope season different
828,7009,18,god jesus church bible christ christian,0.458,0.492,15,don just like know think good,alt.atheism,soc.religion.christian,rec.motorcycles,thought pope bear know little saying does bear shit woods pope catholic
829,1513,11,image software available ftp files graphics,0.458,0.457,6,window server motif widget use application,comp.os.ms-windows.misc,comp.graphics,comp.windows.x,common problem highly complex truetype fonts microsoft admits problem older versions postscript printer driver pretty generic problem adjusting parameter truetype section win ini entry specifies number windows render truetype fonts outline fonts instead bitmap fonts default generally able fonts work
830,5491,15,don just like know think good,0.457,0.416,4,health medical disease use patients food,sci.med,rec.motorcycles,sci.med,understood msg natural isn lots people terribly allergic lots natural things milk just natural doesn mean won cause problems folks foods taste allergic msg like taste shouldn use saying shouldn use like saying shouldn eat food neighbor people long modified taste food black salt cream things cloud fl
831,8716,14,gun law guns government people state,0.457,0.403,15,don just like know think good,talk.politics.guns,talk.politics.guns,rec.motorcycles,sure make sound like knows baseball bat considered deadly weapon run away old middle aged younger handgun effective means defense won shot time real lots knife kick living people trained unarmed self defense majority people gun effective form self defense
832,1699,10,said people went didn came told,0.457,0.365,0,israel turkish armenian jews war israeli,talk.politics.mideast,talk.religion.misc,talk.politics.mideast,convinced sense world grandparents cold exterminated armenians participate turkish genocide day millions turkish kurdish people april united states canada occasion justice turkish kurdish rights demand soviet armenian government admit responsibility turkish kurdish genocide render reparations muslim
833,2189,15,don just like know think good,0.457,0.366,4,health medical disease use patients food,sci.med,rec.motorcycles,sci.med,article lehigh edu lehigh edu saying best way diagnose hard culture cases point developed feel isn comes years experience match unfortunately quack accuse trying make quick buck think called quack don cultures doing lab tests lyme believe seen times lab tests aren accurate treat practice exclusively
834,9368,9,edu com mail information send list,0.457,0.485,15,don just like know think good,comp.os.ms-windows.misc,comp.sys.mac.hardware,rec.motorcycles,going open doors accept internet mail obviously post news mail
835,582,4,health medical disease use patients food,0.457,0.503,15,don just like know think good,sci.med,sci.med,rec.motorcycles,good story chuck won wash read sci couldn reference weight rebound saying isn cited responsibility index suspect knowledge base usual gordon banks skepticism chastity intellect geb cadre dsl pitt edu shameful surrender soon
836,6117,1,space nasa launch earth satellite shuttle,0.457,0.497,15,don just like know think good,sci.space,sci.space,rec.motorcycles,heard food product called space food sticks remember awful things dry recall asking grade teacher miss francisco kept floating zero clue seen like today space program apollo technology best forgotten ken nasa jsc space shuttle program office jsc nasa gov
837,6057,10,said people went didn came told,0.457,0.546,15,don just like know think good,rec.sport.baseball,talk.religion.misc,rec.motorcycles,remember sort asleep hotel room late night gets answers phone person end asks answered phone did
838,6327,1,space nasa launch earth satellite shuttle,0.457,0.408,15,don just like know think good,sci.space,sci.space,rec.motorcycles,don know lot proton given multi stage rocket stages really need centaur plus end seriously beating said centaur centaur small unless proton able centaur dennis know
839,6276,8,president government people said program money,0.457,0.437,16,people god does believe evidence say,alt.atheism,talk.politics.misc,alt.atheism,actually atheism based ignorance ignorance existence god don fall atheists don believe pride mistake bob beauchaine bobbe vice ico tek com said queens stay blew bronx away sank manhattan sea
840,854,13,team game year games play season,0.457,0.403,15,don just like know think good,rec.sport.hockey,rec.sport.hockey,rec.motorcycles,pretty sucked caps good playoffs season caps notorious making stupid trades seen trades sigh note say caps biggest surprise caps fans expecting lot
841,4213,8,president government people said program money,0.456,0.418,15,don just like know think good,talk.politics.misc,talk.politics.misc,rec.motorcycles,boy famous baker like basic plus cable tell don want example colonies western canada fundamentalist germany followers left new world diverse lot american idea today gives option live land selfish unfortunately number recently president gets hope trend right hoping selfish pity don look years bush se
842,6949,2,car new bike price sale cars,0.456,0.539,15,don just like know think good,rec.autos,misc.forsale,rec.motorcycles,local dealers used miles probe lot document taped window saying dealership bought car previous owner engine ford district rep car saying normal thought worth looking car clean mentioned worker proceeded tell horror story son probe problems ending engine said heads ford acknowledged noise said workin
843,5076,17,power use water ground wire used,0.456,0.479,15,don just like know think good,rec.motorcycles,sci.electronics,rec.motorcycles,suggest plastic polish help somewhat remove deep scratches making worse fine light stuff suggest calling local plastic shop calif tap plastic chain carries needed repair replacement plastic bits telephone bay area sure shipping excellent products cleaning removing crap face shields called lift works
844,9719,15,don just like know think good,0.456,0.620,9,edu com mail information send list,rec.autos,rec.motorcycles,comp.sys.mac.hardware,subject says brother law wants don reply posting numbers
845,6905,15,don just like know think good,0.456,0.453,5,drive card scsi disk dos windows,comp.sys.mac.hardware,rec.motorcycles,comp.sys.ibm.pc.hardware,macs years repair number motherboards damaged way rare does happen mind doesn mean shouldn parts blow adb power fuse filter aren expensive component level repair worth risk especially seattle cause pay fix hand repair option apple standard logic board swap major probably play safe scsi yes adb yes f
846,7423,14,gun law guns government people state,0.456,0.536,15,don just like know think good,sci.crypt,talk.politics.guns,rec.motorcycles,reason simple people want die riot new civil war
847,2127,8,president government people said program money,0.455,0.532,15,don just like know think good,sci.space,talk.politics.misc,rec.motorcycles,mean saying thought effort money efficiently spent providing max value money spent think answer yes questions exceptions places like french indian war end revolution colonies given british engaged trading colonies years american revolution england largest trading partner allen
848,7959,2,car new bike price sale cars,0.455,0.415,15,don just like know think good,rec.autos,misc.forsale,rec.motorcycles,yes problem oil parking lot reach underneath turn valve forget trip home wrench personally recommend installing special locking drain plug away
849,3224,17,power use water ground wire used,0.455,0.596,4,health medical disease use patients food,sci.med,sci.electronics,sci.med,press release natural resources defense council new data major water supplies vulnerable milwaukee type disease national desk environment writer contact erik olson sarah silver natural resources defense council washington april internal data released today natural resources defense council reveals l
850,6223,7,time use used number point different,0.455,0.380,5,drive card scsi disk dos windows,comp.os.ms-windows.misc,rec.autos,comp.sys.ibm.pc.hardware,risc used mean reduced instruction set computer true use acronym familiar risc really means recently designed cpu general risc cpus like large number general purpose registers fixed instruction size usually bits instruction make memory reference memory references delayed branches branch instruction 
851,6772,7,time use used number point different,0.455,0.442,14,gun law guns government people state,talk.politics.guns,rec.autos,talk.politics.guns,think attempt gun related crimes don result hand impossible know successful self defenses prevented lives lost words pretty clear homicide non negligent number lives saved percentage successful self defenses clearly percentage doesn real high semi related point check point blank believe goes related
852,880,15,don just like know think good,0.455,0.397,9,edu com mail information send list,sci.electronics,rec.motorcycles,comp.sys.mac.hardware,weeks ago posted article telling going help dayton unfortunately lost article wondering repost believe held month dayton convention center sure help details greatly appreciated
853,4740,13,team game year games play season,0.455,0.441,15,don just like know think good,rec.sport.baseball,rec.sport.hockey,rec.motorcycles,realize yankees paying matt dollars year gets way yankees going win yankees best
854,1231,5,drive card scsi disk dos windows,0.454,0.520,15,don just like know think good,sci.electronics,comp.sys.ibm.pc.hardware,rec.motorcycles,impression accepted digital input don know sure accepts interlaced non interlaced gotten conflicting info
855,1923,9,edu com mail information send list,0.454,0.528,5,drive card scsi disk dos windows,comp.os.ms-windows.misc,comp.sys.mac.hardware,comp.sys.ibm.pc.hardware,everybody interested following topics bios programming memory management developing visual basic custom controls like valuable opinion books best topics send mail paul rutgers edu post summary suggestions thanks advance
856,135,0,israel turkish armenian jews war israeli,0.454,0.478,15,don just like know think good,alt.atheism,talk.politics.mideast,rec.motorcycles,wait minute doug know better informed invaded far know protect citizens prevent completion strategic air strip invaded true twice century vietnam invited government vietnam guess invaded saudi arabia gulf war mexico invaded mexico times century missiles shoot time hawaii spain mean word invaded sort
857,4011,11,image software available ftp files graphics,0.454,0.466,15,don just like know think good,comp.windows.x,comp.graphics,rec.motorcycles,looking windows tool display data plot real time couple different signals anybody know gem email read group
858,9150,15,don just like know think good,0.454,0.418,13,team game year games play season,rec.sport.baseball,rec.motorcycles,rec.sport.hockey,like alomar like differ opinion city likely pour votes attended games year know great number attendees did left beer torn floor stands toronto gets votes city star game unfortunately time thing attended games seasons happened time attitude star really
859,3222,1,space nasa launch earth satellite shuttle,0.454,0.425,15,don just like know think good,sci.space,sci.space,rec.motorcycles,missed think takes intended land way insisting perfect safety people don balls live real world mary shafer nasa ames dryden
860,7419,2,car new bike price sale cars,0.454,0.466,5,drive card scsi disk dos windows,misc.forsale,misc.forsale,comp.sys.ibm.pc.hardware,brand new boxes floppy disks like sell disks boxes floppy disks boxes floppy disks selling disks box selling disks box best offer disks boxes want quantity floppy disks people getting rid probably upgrade newer drive disks used labels appear good physical shape make guarantees quality disks statisti
861,614,7,time use used number point different,0.454,0.562,15,don just like know think good,soc.religion.christian,rec.autos,rec.motorcycles,considerably better feel say wars war spelling optional event classical history close events think oldest extent cases
862,9276,9,edu com mail information send list,0.454,0.529,15,don just like know think good,sci.crypt,comp.sys.mac.hardware,rec.motorcycles,attending conference arlington week appreciate getting touch
863,4714,15,don just like know think good,0.454,0.374,16,people god does believe evidence say,talk.politics.misc,rec.motorcycles,alt.atheism,know women wear wearing suppose nope nice women good friends think rape don like way dress gee clayton engaging arguments calling names did ignorant argument provided absolutely evidence provided quote judge want
864,8736,14,gun law guns government people state,0.453,0.528,9,edu com mail information send list,talk.politics.guns,talk.politics.guns,comp.sys.mac.hardware,ohio house representative thursday april representatives davis johnson van white boggs amend section revised code add game bird list permit chief division department natural resources regulate hunting make allow hunting ohio pushing
865,8486,11,image software available ftp files graphics,0.453,0.426,15,don just like know think good,comp.graphics,comp.graphics,rec.motorcycles,idea clip polygon using polygon necessarily rectangular window problem finding new resulting simply matter extending usual algorithm edges polygon checked polygon simpler way comments welcome
866,2330,13,team game year games play season,0.453,0.451,15,don just like know think good,rec.sport.hockey,rec.sport.hockey,rec.motorcycles,opening game effect maybe pros arrive late rookie players problems lines make things hard going worse nations guess better team face opening game better chances upset greater reasons worse teams tough beat presented virus coach switzerland worse teams referring france switzerland austria italy usual
867,800,15,don just like know think good,0.453,0.461,13,team game year games play season,rec.sport.hockey,rec.motorcycles,rec.sport.hockey,answer simple dislike russians canadian hockey today europeans dont say european influence league bad game mean look way play days hockey imho canadian hockey positive curve development game brute beauty look don like bad europe hmmm kind doesn sound canadian
868,4303,15,don just like know think good,0.453,0.589,13,team game year games play season,rec.sport.baseball,rec.motorcycles,rec.sport.hockey,thought weiss jewish recall mentioned oakland
869,1713,15,don just like know think good,0.452,0.453,17,power use water ground wire used,sci.electronics,rec.motorcycles,sci.electronics,doing sound couple bands need direct input boxes keyboards little boxes line level keyboard transform low run mixer sadly cost like going need like looked inside belonging band looks like just transformer does plans building electronic projects book having hell time tracking thanks lot post email re
870,7556,9,edu com mail information send list,0.452,0.527,17,power use water ground wire used,sci.electronics,comp.sys.mac.hardware,sci.electronics,looking build dsp guitar processing lots background information really useful got info email thanks advance chris chris smith ole guitar csc uni university quest build hardware computer science sun certainly ball flaming gas lawrence
871,8401,13,team game year games play season,0.452,0.471,15,don just like know think good,rec.sport.baseball,rec.sport.hockey,rec.motorcycles,did notice words baseball printed picture joe stadium opening day season preview section usa today reason given just noticed looking nolan ryan preview nolan pitched hitter oakland believe game nolan pitched hitter day certain stole base nolan having lot publicity expense imo deserves net agrees see
872,6378,5,drive card scsi disk dos windows,0.452,0.455,11,image software available ftp files graphics,comp.os.ms-windows.misc,comp.sys.ibm.pc.hardware,comp.graphics,just purchased norton desktop windows norton utilities installed ndw wanted line installed command invoke image utility replaced image command new image command version image came ndw makes sense presumably image version ndw newer did install autoexec questions use image data saved newer version ima
873,4284,10,said people went didn came told,0.452,0.617,7,time use used number point different,sci.med,talk.religion.misc,rec.autos,photography involves taking pictures minute resident seas surrounding pictures taken
874,3143,7,time use used number point different,0.452,0.532,15,don just like know think good,alt.atheism,rec.autos,rec.motorcycles,necessarily especially known instance intentionally stick finger loaded snapped fault
875,9493,15,don just like know think good,0.452,0.468,14,gun law guns government people state,rec.autos,rec.motorcycles,talk.politics.guns,self defense advocate statement does course shooting throw rock car question disabled car rock wanted come kill rape rob beat harm wife kids think like power defend situation wouldn value lives rock family don think couldn happen sounds happened people misunderstand justification using deadly force 
876,8135,2,car new bike price sale cars,0.452,0.548,15,don just like know think good,rec.autos,misc.forsale,rec.motorcycles,building round tail light red generated eating got market hood started
877,5702,15,don just like know think good,0.452,0.531,9,edu com mail information send list,sci.electronics,rec.motorcycles,comp.sys.mac.hardware,interested like discuss popular secret life technical email starting newsgroup
878,4540,9,edu com mail information send list,0.452,0.574,7,time use used number point different,rec.autos,comp.sys.mac.hardware,rec.autos,presently doing masters thesis traffic new zealand lot books america australia wondering tell road rules country regard thanks math
879,7221,11,image software available ftp files graphics,0.452,0.494,5,drive card scsi disk dos windows,comp.sys.ibm.pc.hardware,comp.graphics,comp.sys.ibm.pc.hardware,anybody provide copy windows drivers orchid technologies use isa video card currently access modem dial orchid bbs help following convenient copy binary files directory readable user cell andrew file upload binary files anonymous ftp site allowed uuencode files send electronic mail notify electronic
880,3226,9,edu com mail information send list,0.452,0.573,15,don just like know think good,sci.electronics,comp.sys.mac.hardware,rec.motorcycles,following thread weeks happened come best project books seen book gordon offers excellent low cost projects including plasma van generator scope laser projects instructions come complete lists warnings diagrams interested building listed projects seriously consider getting book paperback version wan
881,3149,11,image software available ftp files graphics,0.451,0.504,5,drive card scsi disk dos windows,comp.os.ms-windows.misc,comp.graphics,comp.sys.ibm.pc.hardware,don bother offer options available stripped version examples proprietary format save space probably direct dma access tape drive
882,1205,7,time use used number point different,0.451,0.510,11,image software available ftp files graphics,comp.graphics,rec.autos,comp.graphics,complex bio medical images available net experimentation complex mean data point magnitude phase information
883,7041,15,don just like know think good,0.451,0.554,2,car new bike price sale cars,rec.autos,rec.motorcycles,misc.forsale,wondering net land opinions general know reliable cars summer approaching interested opinions appreciated thanks
884,8086,7,time use used number point different,0.451,0.578,15,don just like know think good,sci.space,rec.autos,rec.motorcycles,known quite earth actually shaped spherical does make globe accurate actual shape configuration long lines thanks advance uucp
885,8870,7,time use used number point different,0.451,0.499,16,people god does believe evidence say,sci.med,rec.autos,alt.atheism,carl believe mass evidence combined lack properly constructed scientific experiment hypothesis makes msg reaction hypothesis likely explanation events
886,8600,2,car new bike price sale cars,0.451,0.517,15,don just like know think good,sci.electronics,misc.forsale,rec.motorcycles,news article little ago reporting type car volvo used certain brand model cellular phone remember car recalled fix problem
887,5784,18,god jesus church bible christ christian,0.451,0.546,16,people god does believe evidence say,alt.atheism,soc.religion.christian,alt.atheism,does atheism mean religions god son
888,618,2,car new bike price sale cars,0.451,0.518,15,don just like know think good,rec.motorcycles,misc.forsale,rec.motorcycles,amazed number harley riders waving baby ninja let good attitudes said months car driver ready war rode busses bikers freedom wanna know world mirror try run sun
889,7620,6,window server motif widget use application,0.451,0.469,15,don just like know think good,comp.windows.x,comp.windows.x,rec.motorcycles,does know server character cell terminals doesn fancy long works
890,6654,18,god jesus church bible christ christian,0.450,0.654,15,don just like know think good,talk.religion.misc,soc.religion.christian,rec.motorcycles,newton apple com kent writes jews people language politically mean jews god chosen malcolm set word wrap avoid
891,5831,9,edu com mail information send list,0.450,0.496,11,image software available ftp files graphics,comp.windows.x,comp.sys.mac.hardware,comp.graphics,excerpts netnews comp windows apr toolkits paul internet site isn external tcp traffic use remote andrew demo andrew toolkit looks like remote andrew demo service network service allows run andrew toolkit applications overhead obtaining compiling andrew software need host machine internet need runni
892,8767,9,edu com mail information send list,0.450,0.479,17,power use water ground wire used,misc.forsale,comp.sys.mac.hardware,sci.electronics,model pressure meter precision digit meter measuring psi absolute psi case extremely good shape used stand meter panel mounted brass fitting looks like standard operates like make offer lot useful lab using dave medin phone ssd networking intergraph corp internet dtmedin catbyte ingr com huntsville 
893,3948,1,space nasa launch earth satellite shuttle,0.450,0.487,9,edu com mail information send list,sci.space,sci.space,comp.sys.mac.hardware,space shuttle program office mail traffic going joint missions mail addresses folks won post net obvious reasons need know yell ken nasa jsc space shuttle program office jsc nasa gov
894,8136,15,don just like know think good,0.450,0.396,12,key encryption chip clipper keys privacy,sci.crypt,rec.motorcycles,sci.crypt,incompetent like posted flamed sorry years background fortune companies lived years regime boy recognize plot sure happy use tell secure talking intelligent people criminal ones don like previous sentence don want privacy guaranteed government current future government mind ignore nonsense statement
895,4073,9,edu com mail information send list,0.449,0.578,15,don just like know think good,alt.atheism,comp.sys.mac.hardware,rec.motorcycles,created image creation creates continues cut religious crap woman thanks started road atheism netcom com communications corp san jose california
896,2051,7,time use used number point different,0.449,0.448,5,drive card scsi disk dos windows,comp.sys.ibm.pc.hardware,rec.autos,comp.sys.ibm.pc.hardware,monitors reviewed june issue windows magazine mitsubishi reviewed new nanao just released year issue windows reviewed monitors including nanao question nanao monitors best available year just year difference ranking best windows ranking windows sources mainly difference testing criteria scoring used
897,1301,5,drive card scsi disk dos windows,0.449,0.563,6,window server motif widget use application,sci.electronics,comp.sys.ibm.pc.hardware,comp.windows.x,host est configure pas les pas que cycles communication break que est long programmer par bytes est que les transfer les ram code est plus car ram est plus que est que chance yeah easy say
898,4485,15,don just like know think good,0.449,0.416,5,drive card scsi disk dos windows,comp.sys.ibm.pc.hardware,rec.motorcycles,comp.sys.ibm.pc.hardware,told local computer unless perform low level format existing hard drive set hard drives beginning took word tried going just add knows sure like know thanks advance
899,4999,5,drive card scsi disk dos windows,0.449,0.616,15,don just like know think good,misc.forsale,comp.sys.ibm.pc.hardware,rec.motorcycles,word intel lawsuit amd absolutely thrown court monday amd said shipping chips intel instruction set week chip prices going floor mark words regards gordon
900,8497,7,time use used number point different,0.449,0.531,1,space nasa launch earth satellite shuttle,sci.space,rec.autos,sci.space,gravity data collected real time recorded tape recorder need collect gravity orbit real data loss moon blocks transmission short
901,2837,15,don just like know think good,0.449,0.428,16,people god does believe evidence say,talk.religion.misc,rec.motorcycles,alt.atheism,deserves really does atoms aren real tell atoms seen electron atoms evidence atoms real overwhelming won bother evidence moment
902,8235,1,space nasa launch earth satellite shuttle,0.449,0.514,15,don just like know think good,sci.space,sci.space,rec.motorcycles,american military learned talked english units high school physics teacher navy book certainly wasn produced military just small math come funny sort reason proponents using insisting perfect safety people don balls live real world mary shafer nasa ames dryden
903,860,6,window server motif widget use application,0.448,0.591,15,don just like know think good,comp.os.ms-windows.misc,comp.windows.x,rec.motorcycles,questions having troubles wordperfect windows try select change fonts text disappears tried center lines second line disappeared error know correct right newsgroup mail prefered waiting naked gun
904,9345,11,image software available ftp files graphics,0.448,0.563,6,window server motif widget use application,comp.windows.x,comp.graphics,comp.windows.x,window package exists runs dos maybe windows happy hear thanx advance
905,9326,9,edu com mail information send list,0.448,0.615,15,don just like know think good,misc.forsale,comp.sys.mac.hardware,rec.motorcycles,looking game copy laying send email com thanks
906,3344,1,space nasa launch earth satellite shuttle,0.448,0.415,15,don just like know think good,sci.space,sci.space,rec.motorcycles,jpl nasa gov jpl nasa gov sorry think missed bit info transition experiment mean loss data magellan transmit data later btw nasa cut connection magellan looking forward day just curious believe funding goverment funding guys
907,4973,11,image software available ftp files graphics,0.448,0.574,15,don just like know think good,sci.med,comp.graphics,rec.motorcycles,archive typing injury faq software version december faq actually maintained richard post faq stuff questions want send mail richard dan software tools help file describes tools primarily software help prevent manage version includes information diverse tools calendar programs digital let know know t
908,1481,17,power use water ground wire used,0.448,0.554,15,don just like know think good,comp.sys.mac.hardware,sci.electronics,rec.motorcycles,owned replaced fan available believe comes instruction installation requires soldering worked like charm think manufacturer
909,2381,15,don just like know think good,0.448,0.565,11,image software available ftp files graphics,sci.electronics,rec.motorcycles,comp.graphics,distribution usa reply utexas edu net thing chip chipset decode code ask couple reasons mainly want reasonably compact encoding scheme write information cards code appears right right way reasonably easy let know chance reply quickly earlier post couple days think
910,8220,16,people god does believe evidence say,0.448,0.440,15,don just like know think good,alt.atheism,alt.atheism,rec.motorcycles,logic alert argument just hard believe doesn mean isn true just look koresh cite basis great rejecting christian account things words hair face folks just silly okay admit fallacy
911,9012,2,car new bike price sale cars,0.448,0.468,15,don just like know think good,rec.motorcycles,misc.forsale,rec.motorcycles,spoke sales dealer good say appears basically engine quality problems save buy
912,2049,2,car new bike price sale cars,0.448,0.504,15,don just like know think good,rec.autos,misc.forsale,rec.motorcycles,simple way leaks tend old inadequate mechanical seals way halt rain thanks
913,6704,10,said people went didn came told,0.448,0.577,15,don just like know think good,rec.motorcycles,talk.religion.misc,rec.motorcycles,referring wife child sitting moto heard game called drinking game older
914,2957,9,edu com mail information send list,0.448,0.517,7,time use used number point different,sci.space,comp.sys.mac.hardware,rec.autos,level refers carnegie mellon software engineering institute capability model model rates software development org dod beginning use rating contracts data page page presentation summarizes fax interested vnet ibm com
915,8440,15,don just like know think good,0.448,0.436,2,car new bike price sale cars,rec.autos,rec.motorcycles,misc.forsale,greetings luck recall seeing blurb kit car magazines company norway pulled real adapted suspension remember thing used suspension travel stock heard market parts road use good better note major difference looks wise thing hood external spare mounted hood hood rounded thing lightly hood spare mounted
916,7262,15,don just like know think good,0.448,0.668,5,drive card scsi disk dos windows,rec.autos,rec.motorcycles,comp.sys.ibm.pc.hardware,right packard mounted wells course long provide room couple did memory
917,2758,15,don just like know think good,0.448,0.593,16,people god does believe evidence say,talk.politics.mideast,rec.motorcycles,alt.atheism,sounds just like racial theory hitler outlined disclaimer opinions expressed employer
918,5087,13,team game year games play season,0.448,0.526,15,don just like know think good,rec.sport.baseball,rec.sport.hockey,rec.motorcycles,people named keith learn spell brooks think ahead ron darren mvp
919,9108,16,people god does believe evidence say,0.447,0.529,18,god jesus church bible christ christian,soc.religion.christian,alt.atheism,soc.religion.christian,suggest book ethics norm dallas theological goes arguments pro comes reasonable answer time post position jon noring charter member infj club
920,6016,5,drive card scsi disk dos windows,0.447,0.432,15,don just like know think good,comp.os.ms-windows.misc,comp.sys.ibm.pc.hardware,rec.motorcycles,things annoyed magazine review technique seriously flawed clearly shown just admit benchmark easy cheat harder beat big cheat hercules used hercules sent new driver didn produced identical scores thing magazine says scores legitimate couldn make comment real world performance going performance steve
921,4931,15,don just like know think good,0.447,0.451,0,israel turkish armenian jews war israeli,talk.politics.mideast,rec.motorcycles,talk.politics.mideast,realize principle strongest points like know ask question sort arab countries want continue think tank israel stop start asking sort questions arab countries realize work arab countries treatment jews decades bad israel begin look like biased attack group recognizes stupid center policy research fan
922,7646,5,drive card scsi disk dos windows,0.447,0.592,15,don just like know think good,sci.crypt,comp.sys.ibm.pc.hardware,rec.motorcycles,new internet bit test message token reply appreciated
923,2668,15,don just like know think good,0.447,0.481,0,israel turkish armenian jews war israeli,talk.politics.mideast,rec.motorcycles,talk.politics.mideast,zionists decided gentile didn mean tell early zionists actually granted citizenship jewish state christian muslim people elias point note wrong rest posting isn worth
924,8366,18,god jesus church bible christ christian,0.447,0.549,15,don just like know think good,soc.religion.christian,soc.religion.christian,rec.motorcycles,simple test people speak language chinese russian german english let start speaking audience understand clearly native language hear speaking language works everytime believe ones god witness real miracle
925,1689,15,don just like know think good,0.447,0.425,13,team game year games play season,rec.sport.hockey,rec.motorcycles,rec.sport.hockey,think incorrect roger patrick smythe adams played league office types did help build league great players agree people trouble names easily processed fans changing names easily processed like reasonable idea people arena door let realize great game hockey teach history game want division say owners 
926,5756,15,don just like know think good,0.447,0.448,0,israel turkish armenian jews war israeli,talk.politics.mideast,rec.motorcycles,talk.politics.mideast,things historical perspective turks moved area greeks history nations started centuries ago continuous battle nations perspective say greeks responsible happened nations course reasonable argue hostility drag till kick turks area isn going happen best improve relations countries golden exists cyprus
927,9305,15,don just like know think good,0.447,0.560,2,car new bike price sale cars,rec.motorcycles,rec.motorcycles,misc.forsale,yes wheel comes ground just air figure
928,7121,15,don just like know think good,0.447,0.433,2,car new bike price sale cars,rec.motorcycles,rec.motorcycles,misc.forsale,saw bike today want know lets begin saying rear end definately hawk additionally style tank fairing thought hawk modified brothers racing did think huge tank additionally certainly hawk looked like overall bike looked like rear single sided wheel straight hawk did boulder saw parked engineering cent
929,9371,15,don just like know think good,0.446,0.607,2,car new bike price sale cars,rec.motorcycles,rec.motorcycles,misc.forsale,remember properly bits going punishment gear probably feet knees boots gloves come long self control pull arms good gloves hands easily steady fall bits heal easier fully covered longer just lie enjoy ride
930,9411,15,don just like know think good,0.446,0.404,13,team game year games play season,rec.sport.baseball,rec.motorcycles,rec.sport.hockey,error far believe seriously harm field play ball reaches fine fielding percentage like problem doesn reach isn hit straight wouldn quite obvious problem playing kelly robin ventura yankees wade boggs moved diamond year seen game start balls hit left stopped quality defensive players instead charged 
931,2549,2,car new bike price sale cars,0.446,0.533,15,don just like know think good,misc.forsale,misc.forsale,rec.motorcycles,heavy like contribute charity muscle house response charity sell haul good shape needs tuning south durham county
932,837,15,don just like know think good,0.446,0.415,17,power use water ground wire used,sci.electronics,rec.motorcycles,sci.electronics,fluke work just years wonderful meter colleagues newer fluke meters just soon hang analog analog extended frequency response got nifty little pen shaped meter home seven years replaced batteries couple adequate day day hobby use think stuff number vendors stuff looks similar
933,4506,7,time use used number point different,0.446,0.422,17,power use water ground wire used,sci.electronics,rec.autos,sci.electronics,posted years ago fully date new variations just different manufacturer practical terms ignoring technological details view families giant corporation views things like availability compatibility original speed good power consumption fair effectively obsolete use later functions like hard newer famil
934,6583,9,edu com mail information send list,0.446,0.515,5,drive card scsi disk dos windows,comp.sys.mac.hardware,comp.sys.mac.hardware,comp.sys.ibm.pc.hardware,push media mit edu subject centris video problem having date sat apr gmt
935,3752,2,car new bike price sale cars,0.446,0.422,15,don just like know think good,rec.motorcycles,misc.forsale,rec.motorcycles,charles tue apr gmt wibbled satan rode bike stop help course riders stick know stop satan way rides vincent does god jesus rides angels ride know talk teeth regards charles span weeks heard elements separate threads time struck form new hollow unknown net person think vincent wrong sort bike satan r
936,9090,15,don just like know think good,0.446,0.558,11,image software available ftp files graphics,comp.graphics,rec.motorcycles,comp.graphics,medical imaging good ray tracing background interested field point sources better experience want talk going working
937,906,15,don just like know think good,0.446,0.533,5,drive card scsi disk dos windows,comp.os.ms-windows.misc,rec.motorcycles,comp.sys.ibm.pc.hardware,try telnet login compuserve network enter cis prompt haven figure let know let know key works
938,467,17,power use water ground wire used,0.446,0.421,5,drive card scsi disk dos windows,sci.electronics,sci.electronics,comp.sys.ibm.pc.hardware,digital transmission schemes include error correction performance remains low carrier noise ratio quickly compressed supposed interference
939,2669,15,don just like know think good,0.445,0.456,13,team game year games play season,rec.sport.baseball,rec.motorcycles,rec.sport.hockey,remember correctly doubt signing braves starting atlanta think gone arizona year hadn signed braves did try send richmond lead week long work drafted minor league play wouldn helped raw talent gotten did started falling
940,7642,15,don just like know think good,0.445,0.431,12,key encryption chip clipper keys privacy,sci.crypt,rec.motorcycles,sci.crypt,depends attack adding bit key doubles work straight brute force attack try single possible key works processing storage requirements kind attack bit key like ought make effectively impossible attacks difficulty example proportional say long key does little good way guess little key time
941,7703,18,god jesus church bible christ christian,0.445,0.466,2,car new bike price sale cars,alt.atheism,soc.religion.christian,misc.forsale,hell believing god prepared eternal damnation hmm got lunch box travel couple bass set let everybody
942,3051,14,gun law guns government people state,0.445,0.549,15,don just like know think good,talk.politics.misc,talk.politics.guns,rec.motorcycles,unless got notes mixed comes close regular guy blue worker regular company court convicted appeals circuit makes right arguments brief cited teel example winning brief shot zip circuit appeals supreme court denied goes jail
943,210,5,drive card scsi disk dos windows,0.445,0.550,15,don just like know think good,comp.os.ms-windows.misc,comp.sys.ibm.pc.hardware,rec.motorcycles,looks like norton just strip version later norton backup wondering need install backup
944,3706,4,health medical disease use patients food,0.445,0.440,15,don just like know think good,sci.med,sci.med,rec.motorcycles,did read don think true think medical treatments based science difficult prove true things just work good explanation does scientific rationale common treatment cancer probably therapy proven work radiation treatments did article say proven gordon banks skepticism chastity intellect geb cadre dsl pi
945,7092,16,people god does believe evidence say,0.445,0.481,18,god jesus church bible christ christian,soc.religion.christian,alt.atheism,soc.religion.christian,mailed reply letters atheist like doctrine hell using century concepts century writers course god cease exist death means scriptures study word separation death separation reason cross time eternity member separated met young lady beautiful model lived saint imagined girlfriend years having drafted 
946,8117,1,space nasa launch earth satellite shuttle,0.445,0.383,9,edu com mail information send list,sci.space,sci.space,comp.sys.mac.hardware,archive space intro modified date frequently asked questions sci space sci astro introduction series linked messages periodically posted usenet groups sci space sci astro attempt provide good answers frequently asked questions reference material worth preserving corrections answers frequently asked 
947,490,6,window server motif widget use application,0.445,0.524,15,don just like know think good,comp.windows.x,comp.windows.x,rec.motorcycles,true mit fix twm crash bug say unable crash twm tvtwm remarkable desirable boot mean bug reported times servers hand want crash openwindows server just
948,2190,10,said people went didn came told,0.445,0.463,15,don just like know think good,talk.religion.misc,talk.religion.misc,rec.motorcycles,know everybody guy hung cross claimed son god took thousand years forget preached love neighbor anybody wonder guys setting fires agent
949,865,7,time use used number point different,0.444,0.582,15,don just like know think good,talk.politics.guns,rec.autos,rec.motorcycles,minor point earlier news reports claim quoting governor texas referred called details
950,4,7,time use used number point different,0.444,0.451,16,people god does believe evidence say,talk.politics.guns,rec.autos,alt.atheism,course term defined doubt uses term using quote allegedly read article presenting argument weapons mass destruction commonly understood switching topics point evidently weapons allowed later analysis given understanding consider class
951,1435,15,don just like know think good,0.444,0.430,2,car new bike price sale cars,rec.autos,rec.motorcycles,misc.forsale,buying compact pickup favor wait months magazines saying day night current truck solid fast whip ranger area accept maybe payload pick chevy better looking man miss marty matt ninja type rider feeling wanna know world mirror try run sun
952,6839,15,don just like know think good,0.444,0.456,13,team game year games play season,rec.sport.baseball,rec.motorcycles,rec.sport.hockey,educate rip years manager year injured previous game far controversy adds needed power jordan continues hit way starting lineup soon sam
953,4717,15,don just like know think good,0.444,0.565,9,edu com mail information send list,comp.windows.x,rec.motorcycles,comp.sys.mac.hardware,kind soul point right direction faq list group thanks personal library software
954,1715,5,drive card scsi disk dos windows,0.444,0.418,15,don just like know think good,comp.sys.mac.hardware,comp.sys.ibm.pc.hardware,rec.motorcycles,internal disappeared day week like hear reasonable theories folks suggest happened ram internal drive running scsi devices far know properly terminated chain shut day town time year got question mark booted floppy saw external okay sign internal installed external able boot tried things like disk ai
955,7526,9,edu com mail information send list,0.444,0.507,11,image software available ftp files graphics,comp.graphics,comp.sys.mac.hardware,comp.graphics,talked mark literature wasn helpful just list routine names names product info sheet explained package capabilities review april
956,5372,14,gun law guns government people state,0.444,0.459,15,don just like know think good,talk.politics.guns,talk.politics.guns,rec.motorcycles,question long fbi guess committed suicide maybe gave choice surrender warned fbi action chance surrender fair trial matter started responsible dying
957,6498,1,space nasa launch earth satellite shuttle,0.444,0.558,7,time use used number point different,sci.space,sci.space,rec.autos,gamma ray galaxy expected core gamma rays energy does know energy depends distance unknown answer form
958,7288,15,don just like know think good,0.444,0.417,18,god jesus church bible christ christian,soc.religion.christian,rec.motorcycles,soc.religion.christian,netters god bless contents intro love neighbor reaction posts purpose eternal life reading news group month really gives need spiritually times little kinds people group offense awfully hard tolerate people oops gone smiley second paragraph imho follow love neighbor leave judging god specifically se
959,8492,15,don just like know think good,0.444,0.520,5,drive card scsi disk dos windows,comp.sys.mac.hardware,rec.motorcycles,comp.sys.ibm.pc.hardware,good does know product allows rack mount maybe blow money application music like able haul probably plan drive don depend internal fixed hard drive pretty rough internal san francisco bay area matters info midi care email price paid price list faq mind just curious difference best local university p
960,9809,15,don just like know think good,0.443,0.397,13,team game year games play season,rec.sport.hockey,rec.motorcycles,rec.sport.hockey,jesus christ score pens beating shit devils gave middle period espn does smart announcer states folks game getting hand lets capitals game celebrate actually making progress bored scheduled game tear throw jersey hunter scores shit cause caps game able watch season does espn hasn chance hell winning
961,858,15,don just like know think good,0.443,0.523,5,drive card scsi disk dos windows,comp.sys.mac.hardware,rec.motorcycles,comp.sys.ibm.pc.hardware,kind soul tell price compatible vram simms nowadays price finland high think worth trouble try overseas thanks
962,10051,17,power use water ground wire used,0.443,0.464,15,don just like know think good,comp.sys.ibm.pc.hardware,sci.electronics,rec.motorcycles,does tapes tapes type batch reason ask bought generic tapes did tape fully punched closed little hole tapes set did open tape cartridge tape open removing screws tape cartridge plastic shell away metal base pulling tape assembly try touch doing look couple little holes tape holes let tape drive know
963,2991,2,car new bike price sale cars,0.443,0.540,15,don just like know think good,rec.motorcycles,misc.forsale,rec.motorcycles,helmet just passed test looks save head dropped mike
964,8474,15,don just like know think good,0.443,0.450,5,drive card scsi disk dos windows,comp.sys.ibm.pc.hardware,rec.motorcycles,comp.sys.ibm.pc.hardware,wondering problem having gateway bus ati graphics ultra pro computer resolution fine use windows autocad gifs screen gets inches shorter screen bar black screen isn cut just smaller space aspect ratio manually change size pain ass just shouldn happen called gateway numerous times haven able help dif
965,293,15,don just like know think good,0.443,0.453,16,people god does believe evidence say,talk.politics.misc,rec.motorcycles,alt.atheism,article org org roger presence gay pride says quite bit says organizers want support fundamental misunderstanding rights responsibilities really really like believe need help exclusion gay gay pride make think clue regard dozens examples don know
966,8732,2,car new bike price sale cars,0.443,0.438,15,don just like know think good,rec.autos,misc.forsale,rec.motorcycles,consumer reports wrote like tired noise window believe assembly window solid problem fixes relate tried point cheap quiet time works pins appear worse age transmission gear miles bought new treated easily fast road stuff build like used ford look nice look price
967,638,16,people god does believe evidence say,0.442,0.486,15,don just like know think good,talk.politics.misc,alt.atheism,rec.motorcycles,reason soviet union couldn achieve ideal pure communism hostility surrounding capitalist nations huh sounds familiar dreams confronted real world
968,8018,15,don just like know think good,0.442,0.440,13,team game year games play season,rec.sport.hockey,rec.motorcycles,rec.sport.hockey,guessed time annual pittsburgh penguins cheap shots devils game sorry great coach cheap shots compared going come guess able notice cheap shots guys white amazing black gold colored glasses nice high stick mario knew high stick stayed feet saved talent later
969,4810,15,don just like know think good,0.442,0.486,2,car new bike price sale cars,rec.autos,rec.motorcycles,misc.forsale,thinking buying new dodge experiences like share thanks
970,9631,15,don just like know think good,0.442,0.520,6,window server motif widget use application,comp.sys.ibm.pc.hardware,rec.motorcycles,comp.windows.x,looking company make custom keys instance need key says help main menu going use instead point company does special keyboard just pop old keys pop new ones
971,1470,5,drive card scsi disk dos windows,0.442,0.524,2,car new bike price sale cars,misc.forsale,comp.sys.ibm.pc.hardware,misc.forsale,video board sale macintosh bus machines deal fell asking incorrectly posted make offers mail
972,9112,4,health medical disease use patients food,0.442,0.516,15,don just like know think good,sci.med,sci.med,rec.motorcycles,friend following symptoms occurred periodically months years episode begins extreme followed traveling joint pains affecting knees muscle pains feeling pressure ears severe occuring night day eyes calls peripheral says looks similar isn checked distorted color vision distorted vision general telepho
973,4433,15,don just like know think good,0.442,0.448,0,israel turkish armenian jews war israeli,talk.politics.mideast,rec.motorcycles,talk.politics.mideast,syria expansion author writes thought zionism racism wrong correct time zionism racism mcgill daily student newspaper mcgill proud print article saying want copy send mail article zionism majority people heard ignorant statement really know zionism just associated think know political situation midd
974,8247,6,window server motif widget use application,0.442,0.533,15,don just like know think good,comp.os.ms-windows.misc,comp.windows.x,rec.motorcycles,questions having troubles wordperfect windows try select change fonts text disappears tried center lines second line disappeared error know correct right newsgroup mail prefered waiting naked gun
975,1305,19,file entry output program section char,0.442,0.540,6,window server motif widget use application,sci.crypt,rec.sport.baseball,comp.windows.x,alternatives include output friends various flags better crash aix lots relatively data crash output following script usually gives busy bin crash stack pcb socket file buffer
976,6881,7,time use used number point different,0.442,0.597,9,edu com mail information send list,comp.graphics,rec.autos,comp.sys.mac.hardware,netters currently doing investigations surface familiar topic information sources allow surface thanks help
977,10092,13,team game year games play season,0.442,0.437,15,don just like know think good,rec.sport.hockey,rec.sport.hockey,rec.motorcycles,fine said murray bad merely said isn best hockey honor murray great claim wings won stanley cup probably great claim poor coach claim intelligent hire coach push team level success murray average nhl coach pretty good true
978,5184,14,gun law guns government people state,0.441,0.502,15,don just like know think good,talk.politics.guns,talk.politics.guns,rec.motorcycles,drugs banned tell supply dry drugs easier manufacture easier easier hide comparison sir ignorant fool knows drug business gun business tim assistant editor freedom network news newsletter international society individual liberty market san francisco fax compuserve com
979,6608,15,don just like know think good,0.441,0.537,2,car new bike price sale cars,rec.motorcycles,rec.motorcycles,misc.forsale,contact cycle supply ought need want cheap cheaper average dealership hey hard craig
980,7367,15,don just like know think good,0.441,0.567,5,drive card scsi disk dos windows,comp.sys.ibm.pc.hardware,rec.motorcycles,comp.sys.ibm.pc.hardware,realise little does lot hardware heard computer called connection machine mail info references ideas help appreciated dreams cause
981,5289,13,team game year games play season,0.441,0.455,15,don just like know think good,rec.sport.baseball,rec.sport.hockey,rec.motorcycles,news doing report said mcrae really batting coach manager reason took job reason royals need new manager late
982,5261,16,people god does believe evidence say,0.441,0.433,7,time use used number point different,sci.med,alt.atheism,rec.autos,think problem proposed definition science intended interpreted lee lady interpreted fairly definition science investigation empirical mistakes reasoning methodology discovered previous unless thinking informal exploration mistake fall definition hope consider speculation thinking informal exploratio
983,711,8,president government people said program money,0.441,0.426,1,space nasa launch earth satellite shuttle,sci.space,talk.politics.misc,sci.space,following press release distributed april nasa headquarters space station redesign advisory members named charles recently named vice president albert gore head advisory committee redesign space station nasa announced names representatives government industry academic experts country participate ind
984,1745,18,god jesus church bible christ christian,0.441,0.613,15,don just like know think good,talk.religion.misc,soc.religion.christian,rec.motorcycles,samuel anger lord israel moved david say number
985,5725,15,don just like know think good,0.441,0.470,2,car new bike price sale cars,rec.autos,rec.motorcycles,misc.forsale,actually disabled persons known drive races careful making sweeping prefer manual transmission early sho awful transmission felt like came truck make want automatic
986,10057,7,time use used number point different,0.441,0.493,5,drive card scsi disk dos windows,sci.electronics,rec.autos,comp.sys.ibm.pc.hardware,does information relative fraction final cost component average hard drive instance pretty sure heads expensive parts assembly costs running close cost electronics likely noise hard numbers percentage thanks
987,5131,4,health medical disease use patients food,0.441,0.472,7,time use used number point different,sci.med,sci.med,rec.autos,answer question difficult answer doing lot second question known time appears years smoking person risk developing lung cancer drops person smoked assuming lung cancer risk smoked equivalent pack day years times high non low overall significant personally concerned heart disease secondary smoking co
988,4628,15,don just like know think good,0.441,0.477,13,team game year games play season,rec.sport.hockey,rec.motorcycles,rec.sport.hockey,lloyd yes true refused buy franchise nhl time reason established market teams felt pay expansion team simply wait buy existing franchise market fooled teams created years existing teams moved doubt little lost pay
989,3015,15,don just like know think good,0.441,0.453,18,god jesus church bible christ christian,soc.religion.christian,rec.motorcycles,soc.religion.christian,excellent post deleted space suffering persecution meant believer quite probable supposed conspiracy come forward confess thing big did reasonable disciples did make resurrection sincerely believed jesus actually risen dead especially light came believed conference year pittsburgh speaker spoke talk
990,721,9,edu com mail information send list,0.440,0.548,5,drive card scsi disk dos windows,comp.sys.mac.hardware,comp.sys.mac.hardware,comp.sys.ibm.pc.hardware,information upcoming new computers tempest need info greatly appreciated thanks
991,9473,16,people god does believe evidence say,0.440,0.539,15,don just like know think good,talk.politics.misc,alt.atheism,rec.motorcycles,garrett really pathetic liar charges obvious lies challenge present evidence nixon stole national election mind elections used powers office personal gain absolutely evidence events occurred
992,7760,6,window server motif widget use application,0.440,0.507,17,power use water ground wire used,comp.graphics,comp.windows.x,sci.electronics,problem hope gurus help solve background problem rectangular domain mapping patch area domain inside loop rendered loop set curve segments sake cells problem area split individual smaller cells curve segments cell wholly inside area output rejected does body know doing help appreciated thanks
993,9047,5,drive card scsi disk dos windows,0.440,0.511,11,image software available ftp files graphics,comp.os.ms-windows.misc,comp.sys.ibm.pc.hardware,comp.graphics,use dos partly set different config sys autoexec bat commands user just select menu option autoexec bat copy win ini ini files change directories exit windows copy generic ini files want way think programs allow better using dos allows person custom config sys autoexec bat
994,4762,15,don just like know think good,0.440,0.467,2,car new bike price sale cars,rec.motorcycles,rec.motorcycles,misc.forsale,lucky jacket liked actually makes pilot similar style just leather san jose bought finding decent motorcycling gear easy lot stuff fashion leather fit men don know shop area women rider friendly places san francisco san jose area don recommend buying clothing mail order hard tell fit custom makes wa
995,1828,15,don just like know think good,0.440,0.472,1,space nasa launch earth satellite shuttle,sci.space,rec.motorcycles,sci.space,article new apr sci physics research new opinion friday april washington space promised light pollution observations read visible day leave night nasa really supporting junk groups organized states really really depressed wouldn worry space mile long inflatable probably short period time year cleani
996,9136,5,drive card scsi disk dos windows,0.440,0.559,15,don just like know think good,comp.os.ms-windows.misc,comp.sys.ibm.pc.hardware,rec.motorcycles,appreciate email post positive negative experience monitor especially compared nanao summarize got multiple responses thanks
997,3501,7,time use used number point different,0.440,0.477,11,image software available ftp files graphics,comp.graphics,rec.autos,comp.graphics,grey level images mean items images does work doesn work screen screen intensity non linear bit pixel timing gives levels linear screen intensity linear works best levels best chosen different level varies bit levels keeps order readers verify wrote
998,264,15,don just like know think good,0.440,0.489,0,israel turkish armenian jews war israeli,talk.politics.mideast,rec.motorcycles,talk.politics.mideast,true israeli cards identify people smart huh yes parent beer miles know evidence saw yes unfortunately details welcome let ask questions don mind true center policy research man enterprise true questions asked true statement questions asked time people true
999,6261,7,time use used number point different,0.440,0.510,15,don just like know think good,sci.electronics,rec.autos,rec.motorcycles,details patent law think incorrect reasonable use copyright patents patent licensing quite narrow work exempt personal use okay experiment patented idea practical use improve stereo private practical use course unlikely personal use detected sued
1000,7088,17,power use water ground wire used,0.439,0.447,15,don just like know think good,sci.electronics,sci.electronics,rec.motorcycles,inputs chip coming ttl drain specs cmos chips typically apply inputs pulled way zero way ttl isn good doing won help resistors sort thing easily power consumption considerable factor cmos supposed aren way hard
1001,935,2,car new bike price sale cars,0.439,0.469,15,don just like know think good,rec.motorcycles,misc.forsale,rec.motorcycles,lots things quoted little imagination don jump lay bike slide
1002,5464,5,drive card scsi disk dos windows,0.439,0.620,6,window server motif widget use application,comp.sys.ibm.pc.hardware,comp.sys.ibm.pc.hardware,comp.windows.x,benchmark program called said cyrix cpus bug run program regards
1003,5334,15,don just like know think good,0.439,0.443,5,drive card scsi disk dos windows,comp.sys.mac.hardware,rec.motorcycles,comp.sys.ibm.pc.hardware,couple mail responses people believe sort thing unsupported dangerous heard warnings anybody apple just sure asked couple macs years danger damaging logic boards adb devices power scsi yes adb
1004,6226,2,car new bike price sale cars,0.439,0.478,15,don just like know think good,rec.autos,misc.forsale,rec.motorcycles,instead silly argument backup lights couldn agree serve dual purpose letting people car know reverse light area car backing backup lamps current models used older cars taurus wagon quite bright good area car earlier cars having backup lights look model year earlier red lamps white lamps near car are
1005,2367,15,don just like know think good,0.439,0.530,13,team game year games play season,rec.sport.hockey,rec.motorcycles,rec.sport.hockey,proud like list players nhl eye progress lot year hope soon nhl somebody post send list appreciate note player
1006,745,16,people god does believe evidence say,0.439,0.445,9,edu com mail information send list,alt.atheism,alt.atheism,comp.sys.mac.hardware,request like respond challenges judging mail appear quite clear intends continue post unrelated articles challenges postings challenges noted dozen posts answered single challenge hopes questions just away doing level best change subject given common net theist tactic like suggest impress desire ans
1007,9336,16,people god does believe evidence say,0.439,0.613,15,don just like know think good,alt.atheism,alt.atheism,rec.motorcycles,looking historical evidence perfect islamic states didn survive agree people people start islamic revolution create perfect state takes time internal corruption destroy ground rules cheers kent
1008,1426,15,don just like know think good,0.439,0.481,0,israel turkish armenian jews war israeli,talk.politics.mideast,rec.motorcycles,talk.politics.mideast,fellow ask say engage fantasies arafat terrorist happens lot pull palestinians ignore facts doubt
1009,4897,15,don just like know think good,0.439,0.501,5,drive card scsi disk dos windows,comp.sys.mac.hardware,rec.motorcycles,comp.sys.ibm.pc.hardware,apple uses ieee nubus standard bit bus got couple weeks ago hope helps chase
1010,6105,15,don just like know think good,0.439,0.569,4,health medical disease use patients food,sci.med,rec.motorcycles,sci.med,thanks netcom com know bit disease aka like learn general result second treatments available
1011,2128,11,image software available ftp files graphics,0.439,0.566,5,drive card scsi disk dos windows,misc.forsale,comp.graphics,comp.sys.ibm.pc.hardware,sale extended services extended database support extended networking support remote host support extended communication support plus copy package brand new manuals disks included package selling like let needs changed eliminating need package bought interested email
1012,4396,15,don just like know think good,0.438,0.489,13,team game year games play season,rec.sport.hockey,rec.motorcycles,rec.sport.hockey,think fans like team joined nhl include make happy
1013,4552,17,power use water ground wire used,0.438,0.602,15,don just like know think good,sci.electronics,sci.electronics,rec.motorcycles,hook like hook defective line phone company comes looking
1014,3212,17,power use water ground wire used,0.438,0.558,15,don just like know think good,sci.electronics,sci.electronics,rec.motorcycles,necessarily true short near maximum series voltage drop short
1015,1257,13,team game year games play season,0.438,0.615,15,don just like know think good,rec.sport.baseball,rec.sport.hockey,rec.motorcycles,say impressive hrs came dave kingman infamous moon drives
1016,8807,17,power use water ground wire used,0.438,0.438,7,time use used number point different,sci.space,sci.electronics,rec.autos,reference limits acceleration guns launching solid rockets payloads provided samples data solid motor high solid motor usually substantial percentage aluminum mix example space shuttle percent aluminum technique use aluminum structure structure looks like set suspect process used form words bunch al
1017,5853,4,health medical disease use patients food,0.438,0.536,15,don just like know think good,sci.med,sci.med,rec.motorcycles,true know won interview programs discriminate given equally qualified american american rights actually does matter citizens good luck bad luck best residents worst turns worst citizens studied shore medical schools residents fired years department citizens studied citizen trained soviet union unfor
1018,4509,6,window server motif widget use application,0.438,0.493,15,don just like know think good,comp.windows.x,comp.windows.x,rec.motorcycles,design work don think easily advantage expose event redraw window just area new item
1019,8541,13,team game year games play season,0.438,0.619,15,don just like know think good,rec.sport.hockey,rec.sport.hockey,rec.motorcycles,stories report eve norm twin cities earlier post announced norm green given midnight home game north stars turn keys arena did happen norm run town rumor attempting remove score board score board fell ice large piece green paper arena management use norm truck clean useless remains
1020,9188,17,power use water ground wire used,0.438,0.503,2,car new bike price sale cars,misc.forsale,sci.electronics,misc.forsale,anybody interested buying speaker stereo speaker built amplifier volt input works batteries individual volume controls boost switch great medium quality sound soundblaster included shipping mail
1021,7950,6,window server motif widget use application,0.437,0.440,11,image software available ftp files graphics,comp.os.ms-windows.misc,comp.windows.x,comp.graphics,thanks people recommended managers windows shareware managers australia windows archive edu mirrors sites zip smallest simplest managers easy use displays small window containing buttons plus extra button configuration purposes annoying feature title window presented run press key mouse button thing
1022,9111,9,edu com mail information send list,0.437,0.412,15,don just like know think good,alt.atheism,comp.sys.mac.hardware,rec.motorcycles,people unlimited stores respect people newsgroups mailing lists longer certainly sympathy tom semi regularly posting february reading following threads august school months incompetent computing services bothered new feed site wasn accepting postings don think keeps track posters old love leave inte
1023,1894,15,don just like know think good,0.437,0.444,13,team game year games play season,rec.sport.baseball,rec.motorcycles,rec.sport.hockey,god hope don kind junk season home runs just right thinking dean palmer juan gonzalez texas homers don know follow
1024,5982,9,edu com mail information send list,0.437,0.489,11,image software available ftp files graphics,comp.graphics,comp.sys.mac.hardware,comp.graphics,greetings according faq read july joshua posted article bitmap manipulation specifically perspective newsgroup rec games programmer article article included source code turbo pascal assembly language unable archive newsgroup current email address joshua details copy code let know thanks
1025,3516,11,image software available ftp files graphics,0.437,0.447,15,don just like know think good,comp.graphics,comp.graphics,rec.motorcycles,yes couple years ago did comparison products changed goes far phigs implementation fine phigs personally hate phigs low level dislike structure editing impossible phigs featured easy use support rendering methods software hardware support documentation good easily portable systems happy elaborate sp
1026,7492,6,window server motif widget use application,0.437,0.567,15,don just like know think good,comp.graphics,comp.windows.x,rec.motorcycles,want record functions working set record hangs sending time code does code compare ftp site code gordon phillips cray com
1027,1924,13,team game year games play season,0.437,0.400,15,don just like know think good,rec.sport.baseball,rec.sport.hockey,rec.motorcycles,just wanted let know lost little respect jim lefebvre seeing today cubs game start way played end year way tore league let sit bench mention right started really blew lefebvre pinch hit rick tommy shields just lefty thing twice hitter shields jose hitters seen looked terrible bat day let hit sat ben
1028,3108,7,time use used number point different,0.437,0.504,15,don just like know think good,talk.politics.misc,rec.autos,rec.motorcycles,unfortunately learn statistics presented est lsd est means actual change believe statistics place similarly increase cocaine use increase crack use doesn account margin error isn provided
1029,4358,2,car new bike price sale cars,0.436,0.559,5,drive card scsi disk dos windows,misc.forsale,misc.forsale,comp.sys.ibm.pc.hardware,star pin printer sale used amiga ibm computers works great throw cable vinyl cover plus shipping email gets thanx dennis army mil
1030,5104,2,car new bike price sale cars,0.436,0.534,11,image software available ftp files graphics,misc.forsale,misc.forsale,comp.graphics,toshiba track feeds lcd display months old like new sample print sheet available month old program makes print look like print firm
1031,7591,2,car new bike price sale cars,0.436,0.420,15,don just like know think good,rec.autos,misc.forsale,rec.motorcycles,like power windows think worth cruise control pretty dumb option point long trip floor gas eyes rear view mirror cops right power seats pretty dumb unless share car just adjust just leave like
1032,2834,16,people god does believe evidence say,0.436,0.514,15,don just like know think good,soc.religion.christian,alt.atheism,rec.motorcycles,new group maybe covered does anybody current emphasis environment turned course quite bit think legitimate concern planet great thing easily dangerous evidence quote wall street journal things april editorial page suspect party environmental dispute thinks earth clear energy derived called religious
1033,9213,9,edu com mail information send list,0.436,0.537,12,key encryption chip clipper keys privacy,sci.crypt,comp.sys.mac.hardware,sci.crypt,phd student sci crypt group posted directly like feed encryption schemes research finite fields applied reply thanks
1034,3503,9,edu com mail information send list,0.436,0.575,15,don just like know think good,misc.forsale,comp.sys.mac.hardware,rec.motorcycles,true dial listen recording phone recognized network wouldn able dial real number course mark located london ontario
1035,9882,15,don just like know think good,0.436,0.463,12,key encryption chip clipper keys privacy,sci.crypt,rec.motorcycles,sci.crypt,doesn handle traffic clipper doesn impose unfortunate performance effects reason use stream triple des encrypted traffic way traffic looks normal listen won bother know going really trust crypto classified internals important stuff
1036,5632,2,car new bike price sale cars,0.435,0.441,15,don just like know think good,rec.motorcycles,misc.forsale,rec.motorcycles,size did ride long able slip bike like telling people buy older cheaper bike ride like example
1037,10038,5,drive card scsi disk dos windows,0.435,0.430,11,image software available ftp files graphics,comp.sys.ibm.pc.hardware,comp.sys.ibm.pc.hardware,comp.graphics,small used switch drive bytes block mode use msdos adaptec available ftp ftp novell pub adaptec zip
1038,9598,5,drive card scsi disk dos windows,0.435,0.473,11,image software available ftp files graphics,misc.forsale,comp.sys.ibm.pc.hardware,comp.graphics,hello software packages sale norton version dos software include host remote software control dos windows standard enhanced modes activities registration card enclosed price norton windows dos version update virus information time support networks registration card enclosed price professional window
1039,2566,15,don just like know think good,0.435,0.456,2,car new bike price sale cars,alt.atheism,rec.motorcycles,misc.forsale,cycle work day just damned cars drivers road lot fun
1040,7955,15,don just like know think good,0.435,0.591,13,team game year games play season,rec.sport.baseball,rec.motorcycles,rec.sport.hockey,sorry saw survey showed america favorite team damn yankees loved
1041,610,15,don just like know think good,0.435,0.589,11,image software available ftp files graphics,comp.os.ms-windows.misc,rec.motorcycles,comp.graphics,problem did copy doc new file problem gone hope helps
1042,208,15,don just like know think good,0.435,0.601,5,drive card scsi disk dos windows,sci.space,rec.motorcycles,comp.sys.ibm.pc.hardware,specific basically able things big monitor control need shuttle australia
1043,9579,16,people god does believe evidence say,0.435,0.449,15,don just like know think good,alt.atheism,alt.atheism,rec.motorcycles,got just far mean goal hope don mean imply evolution conscious goal
1044,6528,10,said people went didn came told,0.435,0.569,15,don just like know think good,talk.politics.guns,talk.religion.misc,rec.motorcycles,unworthy comment died come hands truth heart just children released given days ample opportunities heart people religious devotion common sense leave compound tanks came started dropping tear gas early morning think did set started place spread quickly got wanted motion batf going investigated justi
1045,2526,16,people god does believe evidence say,0.435,0.392,15,don just like know think good,soc.religion.christian,alt.atheism,rec.motorcycles,family particularly religious singing christmas limit really believed god heaven don actually believe don exist sort probably like lot people guess lately thinking lot wondered religious people convinced god feel want believe used believing things proof just believe definitely isn god definitely bel
1046,3145,15,don just like know think good,0.435,0.504,8,president government people said program money,talk.politics.misc,rec.motorcycles,talk.politics.misc,response list time president actually stand military men women uniform learn world does things defending right critical let explain environmental policy industrial policy hand hand nation planet afford continue ignoring years industrial environmental position shameful active government support key i
1047,4792,15,don just like know think good,0.435,0.481,18,god jesus church bible christ christian,soc.religion.christian,rec.motorcycles,soc.religion.christian,greetings probably tired old horse maybe slightly different twist wanted know good english language texts learning ancient hebrew compare german educational texts anybody idea figure buy later study wait interesting studying theology germany fact students ancient language learning way early theology
1048,6641,2,car new bike price sale cars,0.435,0.526,15,don just like know think good,rec.motorcycles,misc.forsale,rec.motorcycles,hey look like parts store occurred visit dealer fork bucks new chances happening laying working condition sheesh edu right fork converted floor lamp
1049,2348,4,health medical disease use patients food,0.435,0.487,15,don just like know think good,sci.med,sci.med,rec.motorcycles,lots editing posts funny wife girlfriend time used sick eating certain foods various asian restaurants knew couple connection msg response msg happened brands chips noticed later msg label don know double avoiding msg stopped sick restaurants cheers john
1050,4686,1,space nasa launch earth satellite shuttle,0.435,0.467,15,don just like know think good,sci.space,sci.space,rec.motorcycles,science fiction movie ago remember planet orbit earth hidden sun visible earth turns planet exact mirror image earth inhabitants looked like difference opposite like heart right instead left shake hands left hand larc nasa gov larc nasa gov
1051,7310,7,time use used number point different,0.435,0.474,15,don just like know think good,sci.med,rec.autos,rec.motorcycles,causes little brown spots older people hands called liver spots sort liver colored indicate actual liver
1052,8610,16,people god does believe evidence say,0.435,0.475,0,israel turkish armenian jews war israeli,talk.politics.mideast,alt.atheism,talk.politics.mideast,comparison palestinian situation holocaust insulting completely false person making rude false comparison ignorant holocaust ignorant situation mideast anti
1053,5238,7,time use used number point different,0.435,0.548,15,don just like know think good,talk.politics.mideast,rec.autos,rec.motorcycles,controlled media talking mean tell times major paper buck media division activities assumption major newspaper prints articles page regarding subject matter strictly local likely considered open story let hear roll outside area seen articles special agent media mind control division los angeles offi
1054,907,15,don just like know think good,0.434,0.471,4,health medical disease use patients food,sci.med,rec.motorcycles,sci.med,com writes heat shock dna hate case think cellular response stress reason called heat shock demonstrated using heat shock dead tissue meat going produce protein dead cares dna completely stomach worry way eat healthy balanced diet advice don know talking better mouth shut open remove doubt ignorance
1055,3997,15,don just like know think good,0.434,0.500,16,people god does believe evidence say,talk.politics.misc,rec.motorcycles,alt.atheism,yes course report taken years ago liberal times regarding homosexuality smart realize argument apply survey regarding homosexuality look stupid actually bring point
1056,1560,15,don just like know think good,0.434,0.440,2,car new bike price sale cars,rec.autos,rec.motorcycles,misc.forsale,hate old thread kindly quote prices dealer quotes civic assuming ahead look yearly buyers guides low quote price quote base price thanks
1057,8206,2,car new bike price sale cars,0.434,0.572,15,don just like know think good,rec.autos,misc.forsale,rec.motorcycles,looks like flipped pulling lever inside
1058,9154,15,don just like know think good,0.434,0.416,5,drive card scsi disk dos windows,comp.sys.ibm.pc.hardware,rec.motorcycles,comp.sys.ibm.pc.hardware,like hear nanao monitors driving diamond speedstar set run khz output mode driving hell monitor just nanao fall apart poor low capabilities like sony did driving balls sam
1059,1790,15,don just like know think good,0.434,0.543,5,drive card scsi disk dos windows,comp.sys.ibm.pc.hardware,rec.motorcycles,comp.sys.ibm.pc.hardware,robert probably solved problem hands plus version maybe let write compaq cmos settings know just did just search diagnostic disk brother law fixed old try mirror ftp sites
1060,1576,11,image software available ftp files graphics,0.434,0.474,15,don just like know think good,comp.graphics,comp.graphics,rec.motorcycles,guys like people group fans fractal render pov listen ideas just starting able use quite animation grand just interested kind concerning cars parts motors wheel good does object complete hard animation object material project ftp site looking pov files interested cpu time rendering images pov thank
1061,8226,15,don just like know think good,0.434,0.487,13,team game year games play season,rec.sport.baseball,rec.motorcycles,rec.sport.hockey,edu david rules say baseball game teams players let way phoenix princeton edu david marc rules don say pretty dumb argument really little mind don rule book david post new wording rule curious thanks
1062,911,15,don just like know think good,0.434,0.511,1,space nasa launch earth satellite shuttle,sci.space,rec.motorcycles,sci.space,space easier implement writing messages moon time group space activists seattle considered orbit idea use large structure carry array lights like placed low earth orbit high inclination eventually seen earth collective space thing stopped pursuing quite feasible economics post don want encourage ide
1063,3356,2,car new bike price sale cars,0.434,0.531,15,don just like know think good,misc.forsale,misc.forsale,rec.motorcycles,air save flight credit used nov charge change ticket sell used flight don think cash contact corp com
1064,5980,5,drive card scsi disk dos windows,0.434,0.484,15,don just like know think good,sci.electronics,comp.sys.ibm.pc.hardware,rec.motorcycles,anybody used tested new fluke compare low end big handheld compared price range info fluke greatly appreciated thanks
1065,3761,8,president government people said program money,0.433,0.443,9,edu com mail information send list,comp.sys.ibm.pc.hardware,talk.politics.misc,comp.sys.mac.hardware,today longer contact international net responsibility taken tech com moving money money just wanted thank netters supported encouraged participation net personally feel important companies provide customers easy access possible questions problems net big step right direction hope companies follow su
1066,8341,13,team game year games play season,0.433,0.440,15,don just like know think good,rec.sport.baseball,rec.sport.hockey,rec.motorcycles,writes article really piece time thought buddy home runs colorado rockies ruth nolan ryan combined idiot guy
1067,2438,4,health medical disease use patients food,0.433,0.445,15,don just like know think good,sci.med,sci.med,rec.motorcycles,agree gotten way line main problem payment method procedures time hope fix afraid usual local doc going people paying home doctor office don mind paying brain surgery think local doc worship feet saved life don realize need local docs fewer gordon banks skepticism chastity intellect geb cadre dsl pi
1068,6757,0,israel turkish armenian jews war israeli,0.433,0.562,15,don just like know think good,soc.religion.christian,talk.politics.mideast,rec.motorcycles,muslim spelled moslem say muslims strong believe jesus refered islamic text jesus pronounced saw knew ideally war time war goal peace try refrain peace violate peace don like war conflict territory muslims serbs lived peace point race sure general wouldn mind president edu july send mail edu
1069,3045,9,edu com mail information send list,0.432,0.540,15,don just like know think good,sci.crypt,comp.sys.mac.hardware,rec.motorcycles,distribution keywords case sensitive want distribution world distribution line world capital letters wrong
1070,6965,13,team game year games play season,0.432,0.573,15,don just like know think good,rec.sport.hockey,rec.sport.hockey,rec.motorcycles,rights pirates games split probably conflicts penguins games check right watts
1071,1927,18,god jesus church bible christ christian,0.432,0.563,15,don just like know think good,soc.religion.christian,soc.religion.christian,rec.motorcycles,nice article thought answered david cruz original queries quite books read recently helped prepare week series taught sunday school greatly increased knowledge scrolls recent book recommend joseph questions dead sea modern scholars early workers book written straightforward allows serve source great
1072,8000,9,edu com mail information send list,0.432,0.596,11,image software available ftp files graphics,comp.graphics,comp.sys.mac.hardware,comp.graphics,dual derived natural neighbor order diagrams survey fundamental geometric data structure acm computing surveys boots spatial concepts applications diagrams sons new york isbn watson computing dimensional application computer watson natural australian computer
1073,7901,7,time use used number point different,0.432,0.462,15,don just like know think good,sci.med,rec.autos,rec.motorcycles,yes thing eye dominance sure dominance refers strength recall close dominant eye image shifts happen close eye believe eye dominant related recall relation moment
1074,8332,15,don just like know think good,0.432,0.542,0,israel turkish armenian jews war israeli,talk.politics.mideast,rec.motorcycles,talk.politics.mideast,humans suffered emotionally jews suffered physically sad people like emotions facts thanks calling names kind ignorant people dealing included letter thought demonstrated point write
1075,4634,5,drive card scsi disk dos windows,0.432,0.487,15,don just like know think good,comp.sys.ibm.pc.hardware,comp.sys.ibm.pc.hardware,rec.motorcycles,picky vlb stands vesa vesa stands video saying vlb stands video entirely correct
1076,3957,0,israel turkish armenian jews war israeli,0.432,0.487,10,said people went didn came told,talk.politics.mideast,talk.politics.mideast,talk.religion.misc,associated press writer azerbaijan azerbaijan russia begun state threatening corner caucasus region escaped ethnic warfare neighboring nagorno karabakh minority soviet union fight independence muslim angry young men fight azerbaijan year old war armenia want unite regions azerbaijan russia effective
1077,3554,0,israel turkish armenian jews war israeli,0.431,0.378,16,people god does believe evidence say,talk.politics.mideast,talk.politics.mideast,alt.atheism,know master wisdom unless consider deserve confuse hey trying confuse statement say existence israeli citizens right life says israeli occupation right life citizens basically right military men clearly occupation war war attacks military targets fully legitimate secondly surely israeli human rights
1078,827,0,israel turkish armenian jews war israeli,0.431,0.642,15,don just like know think good,talk.politics.mideast,talk.politics.mideast,rec.motorcycles,serdar argic serdar argic divine knowing wisdom omitted join serdar argic fan club shirt friendly neighborhood alien
1079,1641,13,team game year games play season,0.431,0.413,15,don just like know think good,rec.sport.baseball,rec.sport.hockey,rec.motorcycles,right signal strong live west philadelphia fan perfectly sports fans dream especially person wants hear teams away school turned wanted work hour coleman dave old hour slot broken seperate hour happen suck comparison eddie dave come guys like said live philly hear fan want stand isn philly sports te
1080,8651,2,car new bike price sale cars,0.431,0.511,15,don just like know think good,rec.motorcycles,misc.forsale,rec.motorcycles,edu john article central sun com vinyl temporary mean exempt little sick want make promise order live ride eagles sitting shelf waiting big ride coast looks like hit points farther south expected contact bay area replies address charlie early mid seriously like idea temporary fits dod image sounds b
1081,8548,13,team game year games play season,0.431,0.510,15,don just like know think good,rec.sport.baseball,rec.sport.hockey,rec.motorcycles,person thinks reds uniforms ugly reason won win west eric duke edu marxist sort paris internet comes close
1082,1976,15,don just like know think good,0.431,0.552,14,gun law guns government people state,alt.atheism,rec.motorcycles,talk.politics.guns,spent quite bit time wording constitution picked words meanings implied intent looked dictionary define word isn sufficient discussing relation death penalty constitution need define words doesn know cruel look dictionary did
1083,6563,15,don just like know think good,0.431,0.454,14,gun law guns government people state,sci.crypt,rec.motorcycles,talk.politics.guns,hmmm gave interesting idea argument second amendment gives right bear arms strong cryptography arms according government hard export right strong cryptography likely hard harder exercise right getting exercise rights government slowly restricting maybe nra best existing organization think new better
1084,2841,2,car new bike price sale cars,0.431,0.589,15,don just like know think good,misc.forsale,misc.forsale,rec.motorcycles,panasonic phone answering machine looks like brand new basic answering machine function phone number memory recall function year old asking
1085,6951,15,don just like know think good,0.431,0.592,0,israel turkish armenian jews war israeli,talk.politics.mideast,rec.motorcycles,talk.politics.mideast,arab leaders following islamic rules applicable cases like remember article year ago stated wife saddam brother wife gulf wives double manage time irrelevant takes lot make leaders corrupt maybe thought making public does average secular israeli care probably
1086,6961,15,don just like know think good,0.430,0.477,12,key encryption chip clipper keys privacy,sci.crypt,rec.motorcycles,sci.crypt,anybody keys escrow company database going plenty think secure just primary secondary sources police using key warrant surprised just neglected erase key turned couldn nail
1087,7135,6,window server motif widget use application,0.430,0.549,11,image software available ftp files graphics,comp.windows.x,comp.windows.x,comp.graphics,writing server video generation equipment hardware truecolor space terms bit static color visual really like server just present static visual sure acceptable clients problems colormap huge static pixels bytes wide hardware actually lives space translation rgb introduce error server guy client guy a
1088,9152,15,don just like know think good,0.430,0.506,14,gun law guns government people state,talk.politics.guns,rec.motorcycles,talk.politics.guns,guess really asking like did does government tell possess act machine gun criminal definition act television set better pass laws say harm kill machine gun television set specific penalties doing sorry close
1089,6723,15,don just like know think good,0.430,0.471,12,key encryption chip clipper keys privacy,sci.crypt,rec.motorcycles,sci.crypt,imagine available elections instead searching clinton file just voice stated earlier telephone conversations years lawyer don play wrong having words archived possible future use possibility talk clipper chip right cryptography afraid just
1090,4980,15,don just like know think good,0.430,0.583,6,window server motif widget use application,comp.sys.mac.hardware,rec.motorcycles,comp.windows.x,mac keyboard similar problems holding right hand shift key startup work disable extensions left hand shift key won unfortunate left reach similarly trained hold right hand pair command option desktop cheers michael
1091,4206,11,image software available ftp files graphics,0.430,0.579,5,drive card scsi disk dos windows,comp.sys.mac.hardware,comp.graphics,comp.sys.ibm.pc.hardware,use use application meaning running time losing memory compatible program allows sounds pictures far know freeware source available normal services mac archive umich edu instance cheers
1092,1696,2,car new bike price sale cars,0.430,0.460,17,power use water ground wire used,sci.electronics,misc.forsale,sci.electronics,like know equipment used equipment market manuals accessories tektronix scope tektronix scope tektronix logic
1093,2761,2,car new bike price sale cars,0.430,0.493,15,don just like know think good,rec.autos,misc.forsale,rec.motorcycles,following example day noticed fit lid rear bumper gap quite small left larger right
1094,182,15,don just like know think good,0.430,0.554,8,president government people said program money,talk.politics.mideast,rec.motorcycles,talk.politics.misc,great interview cnn larry king live guy knows talking truely intelligent demonstrates real leadership qualities agree wish liked politics
1095,4858,15,don just like know think good,0.430,0.439,4,health medical disease use patients food,sci.med,rec.motorcycles,sci.med,regarding little boy suffering infant surgery year old surgery performed year years old turned february getting illness like having accompanying stomach pain managed having surgery far thing wife noticed time born like march year significance does family severe pain little boy surgery does surgery s
1096,8957,4,health medical disease use patients food,0.429,0.459,15,don just like know think good,alt.atheism,sci.med,rec.motorcycles,eats animal products milk years diet need start taking animals bodies make think bodies use years like milk products don need knows post nearly knowledge
1097,8404,15,don just like know think good,0.429,0.409,2,car new bike price sale cars,rec.autos,rec.motorcycles,misc.forsale,year produced yes alot earlier cars pre usually desirable certain things went having ride height generally power older cars slowly newer ones stable level moment require extremely good condition low miles car good shape regular maintenance kept car long time plenty parts sources great fun little car
1098,2416,15,don just like know think good,0.429,0.462,11,image software available ftp files graphics,comp.graphics,rec.motorcycles,comp.graphics,sure correct place ask question forgive point right direction does anybody know program converts gif files bmp files ftp help greatly appreciated respond mail read group
1099,7061,2,car new bike price sale cars,0.429,0.452,15,don just like know think good,rec.autos,misc.forsale,rec.motorcycles,looking following driven strong opinions ford explorer toyota nissan just position drove liked toss went based reliability looks don think wrong
1100,4192,18,god jesus church bible christ christian,0.429,0.596,15,don just like know think good,talk.religion.misc,soc.religion.christian,rec.motorcycles,koresh messenger got killed message carried says character messenger rest hard way
1101,9812,14,gun law guns government people state,0.429,0.488,15,don just like know think good,talk.politics.guns,talk.politics.guns,rec.motorcycles,reasons united states america time represented protected freedom individual liberty personal responsibility fact think true absolute government control tyranny represents freedom opposite does did usa really win cold war standard disclaimers apply graham
1102,6963,7,time use used number point different,0.429,0.427,12,key encryption chip clipper keys privacy,sci.crypt,rec.autos,sci.crypt,regard permission export encryption scheme twice denied nsa draw conclusions obtained license export program world limited list countries draw conclusions strength algorithm sorry clear referring efforts receive export permission nsa encryption algorithm effort phil point original version algorithm 
1103,8638,12,key encryption chip clipper keys privacy,0.429,0.381,9,edu com mail information send list,sci.crypt,sci.crypt,comp.sys.mac.hardware,message nist clipper chip comes following address clipper csrc ncsl nist gov clipper chip announcement just asked asked computer telnet csrc ncsl nist gov trying connected csrc ncsl nist gov escape character org nist ready sat apr edt clipper mail ncsl nist gov denning georgetown edu seas edu eff or
1104,5287,5,drive card scsi disk dos windows,0.429,0.453,15,don just like know think good,comp.sys.mac.hardware,comp.sys.ibm.pc.hardware,rec.motorcycles,okay guess time quick explanation mac sound original documentation sound hardware documents make sound directly accessing hardware basically jam values bytes mac later machines generated sound scanning block byte odd bytes went floppy machines mac apple sound chip invented designed generate stereo s
1105,6071,10,said people went didn came told,0.428,0.469,2,car new bike price sale cars,rec.motorcycles,talk.religion.misc,misc.forsale,thing everyday dog chase bicycle owners thought cute got moto stupid dog thing day coming home opposite lane teeth ran played momentum sharing dodge pick owners tried blame driving street did lived wierd town
1106,8918,15,don just like know think good,0.428,0.453,16,people god does believe evidence say,talk.politics.misc,rec.motorcycles,alt.atheism,pity didn say use statistics justify minority tree makes think experience commitment stopping committing partner rest lives intention doing right person person male female seriously doubt church ceremony public licence make difference whatsoever sort commitment experience person conception differenc
1107,4332,0,israel turkish armenian jews war israeli,0.428,0.468,15,don just like know think good,talk.politics.mideast,talk.politics.mideast,rec.motorcycles,racist feel hatred jews family did learn racism home self does racist wonder think racism accomplish impression racism help bring peace mid east like know thoughts
1108,26,15,don just like know think good,0.428,0.468,2,car new bike price sale cars,rec.autos,rec.motorcycles,misc.forsale,depends priorities lot people higher priorities gas mileage cost safety buying unsafe instead personally middle ground thing really look point mph figure brick walls aren common spend extra money protection lots low speed worry
1109,7663,15,don just like know think good,0.428,0.495,4,health medical disease use patients food,sci.med,rec.motorcycles,sci.med,isn normal immune response exposure electrical pulse nerve testing taken dirty drawer instrument certainly clean matter likely fresh previous patient concerned kept mouth shut probably raised hell
1110,5692,10,said people went didn came told,0.428,0.533,15,don just like know think good,talk.politics.guns,talk.religion.misc,rec.motorcycles,press batf fbi going shoot people leaving burning building don think rid press
1111,2109,13,team game year games play season,0.428,0.448,15,don just like know think good,rec.sport.hockey,rec.sport.hockey,rec.motorcycles,edmonton usually case treated actual abc kings flames game said earlier don poor just hockey normally oilers playing turn sound listen radio broadcast decent play play announcing
1112,5509,7,time use used number point different,0.428,0.646,2,car new bike price sale cars,rec.autos,rec.autos,misc.forsale,currently production english market built rover improved slightly updated body bad available set
1113,5793,1,space nasa launch earth satellite shuttle,0.428,0.607,9,edu com mail information send list,comp.graphics,sci.space,comp.sys.mac.hardware,look pub space directory ames arc nasa gov number earth images hunt things tend filed mission apollo image subject
1114,920,15,don just like know think good,0.428,0.569,17,power use water ground wire used,sci.electronics,rec.motorcycles,sci.electronics,know reasonable circuit programming interested programming wide range happy handle thanks advance tim
1115,1050,15,don just like know think good,0.428,0.517,6,window server motif widget use application,comp.os.ms-windows.misc,rec.motorcycles,comp.windows.x,try flip mouse open cover holds mouse ball place remove ball inside probably tiny layer dirt dust scum carefully small knife works great careful want gauge just clean dirt ball cover clean couple dozen month symptom mouse click doesn solve problem clean mouse highly recommend using proper mouse pad 
1116,1926,13,team game year games play season,0.428,0.546,15,don just like know think good,rec.sport.baseball,rec.sport.hockey,rec.motorcycles,phillies picked replied people picked people picked mets year reply yeah true phillies
1117,8043,15,don just like know think good,0.428,0.605,13,team game year games play season,rec.sport.baseball,rec.motorcycles,rec.sport.hockey,point really thought written pro anti poster blessed certain talent sarcasm remarks somebody like instance obviously intended original poster scales lifted eyes looks like robert really compare performance phillies edition outstanding run position finished frustrating sub level folks didn squad imho
1118,3879,15,don just like know think good,0.428,0.494,14,gun law guns government people state,sci.med,rec.motorcycles,talk.politics.guns,called amendment makes food illegal passed congress stuff like mass available increased levels substances couple orders magnitude things like red banned huge quantities rats act banned applies natural remember time root beer suddenly stopped good good time banned active leaves possible market root b
1119,2031,8,president government people said program money,0.428,0.513,0,israel turkish armenian jews war israeli,talk.religion.misc,talk.politics.misc,talk.politics.mideast,consider thousands central america killed brave cia sponsored freedom fighters far slick willie
1120,2927,10,said people went didn came told,0.428,0.475,15,don just like know think good,rec.sport.hockey,talk.religion.misc,rec.motorcycles,mention francis incredibly nice person christmas break friend little gathering drove ron house stayed car friend went door bell ron answered friend introduced proceeded invite francis party ron declined watch daughter reached friend hand know isn don think barry bonds polite situation
1121,1385,15,don just like know think good,0.428,0.484,12,key encryption chip clipper keys privacy,sci.crypt,rec.motorcycles,sci.crypt,imho encryption protected second amendment constitution united states surprised administration doing told privacy effect restricting ability criminals supposed innocence right pull windows close door police come perform home means simply looking encryption data window home simple people vote people 
1122,532,9,edu com mail information send list,0.428,0.503,12,key encryption chip clipper keys privacy,sci.crypt,comp.sys.mac.hardware,sci.crypt,nice cut attacks prof denning objective say views ahead say subject point personal attacks reflect attacker throw light heat restrict discussion appropriate newsgroups submit comp org acm comp org ieee appropriate discussion newsgroups aware issue want know participate discussion easily join sci cry
1123,5346,15,don just like know think good,0.427,0.514,9,edu com mail information send list,rec.sport.hockey,rec.motorcycles,comp.sys.mac.hardware,got trip discover email file got blown away missing playoff pool entries sent april april looks like entries got lost sigh like ask person sent team relying honesty make changes deadline today thanks advance apologize problem andrew scott andrew com telecom operation ext
1124,9660,15,don just like know think good,0.427,0.462,8,president government people said program money,talk.politics.misc,rec.motorcycles,talk.politics.misc,yes nixon giving money russia makes proud libertarian appears conservatives liberals prefer cold war win enemy health like wealthy countries japan germany free defense trade economic competition like tobacco paying people smoke ask law pass prevent government doing stupid things money think constitu
1125,5124,9,edu com mail information send list,0.427,0.563,15,don just like know think good,comp.sys.ibm.pc.hardware,comp.sys.mac.hardware,rec.motorcycles,net convinced try answering phones does anybody opinions micron computer magnum got editors choice jan email
1126,4693,11,image software available ftp files graphics,0.427,0.639,6,window server motif widget use application,comp.os.ms-windows.misc,comp.graphics,comp.windows.x,did check new file actually created windows directory computer windows running closing program manager
1127,3418,15,don just like know think good,0.427,0.494,14,gun law guns government people state,rec.motorcycles,rec.motorcycles,talk.politics.guns,obviously referring quoted individuals don send crew ship moving organization act easy say says little really organization actually largely determined president directors far makes important vote election officers does strike lot politically active state national organizations change just join group
1128,9020,15,don just like know think good,0.427,0.439,10,said people went didn came told,talk.politics.guns,rec.motorcycles,talk.religion.misc,dont believe branch davidians committed suicide minute past fbi grenades feed story don trust wonderful government tells janet reno fbi murder people hands hope sleep night buffalo std disclaimers
1129,6081,15,don just like know think good,0.426,0.447,13,team game year games play season,rec.sport.hockey,rec.motorcycles,rec.sport.hockey,mon tommy soderstrom having fine rookie think rookie season flyers sure knew just case
1130,2610,15,don just like know think good,0.426,0.509,13,team game year games play season,rec.sport.baseball,rec.motorcycles,rec.sport.hockey,ladies step taken phils trip year tonight yes english era tonight game nice try
1131,5319,9,edu com mail information send list,0.426,0.451,5,drive card scsi disk dos windows,comp.sys.ibm.pc.hardware,comp.sys.mac.hardware,comp.sys.ibm.pc.hardware,model number interlaced btw number contact company really helpful thanks replying beginning believe going reply posted netnews message sent returned didn know second message
1132,16,7,time use used number point different,0.426,0.461,17,power use water ground wire used,sci.electronics,rec.autos,sci.electronics,like able voltage signal output preferably factor resulting voltage fed easily personal computer based data acquisition card able point references circuits seen simple amplifier circuits sure work practice case like sufficiently nicely used say degrees accuracy better
1133,7994,0,israel turkish armenian jews war israeli,0.426,0.455,15,don just like know think good,talk.politics.mideast,talk.politics.mideast,rec.motorcycles,deleted business reading minds case necessary israelis leaders past present come arrogant tough talks trying arabs way israelis arabs able achieve peace years fighting following major reasons arab governments really representative people currently leaders stupid independent
1134,2195,15,don just like know think good,0.426,0.433,5,drive card scsi disk dos windows,comp.sys.ibm.pc.hardware,rec.motorcycles,comp.sys.ibm.pc.hardware,trying transfer software machines having real trouble intel works fine just talk comes clear modem machine complete machines seperate houses direct serial link impossible copying data disk pain easier turn machines hours movie software having end trouble trying set dial connect just fine baud try se
1135,4884,16,people god does believe evidence say,0.426,0.516,15,don just like know think good,talk.politics.misc,alt.atheism,rec.motorcycles,advocating know american history know bible know party free act supreme court ruling importantly does blacks slaves
1136,1360,16,people god does believe evidence say,0.426,0.547,15,don just like know think good,alt.atheism,alt.atheism,rec.motorcycles,stuff deleted computers excellent example evolution creator did create computers did create sand goes silicon goes integrated circuits processor board took things interesting way just like plants create oxygen using light bigger leap talk created resort believing creator simpler alternative exists s
1137,8470,15,don just like know think good,0.426,0.451,4,health medical disease use patients food,sci.med,rec.motorcycles,sci.med,harvard edu alex having said add msg does enhance flavor miss chinese places order food msg msg tastes just like mixture salt sugar don think case people does taste like
1138,4299,11,image software available ftp files graphics,0.426,0.507,5,drive card scsi disk dos windows,comp.os.ms-windows.misc,comp.graphics,comp.sys.ibm.pc.hardware,ftp cica indiana edu pub misc zip steve gibson number benchmark results isa vlb video cards current upload likely card currently giving consideration format latest version know ver believe try maintain rating scale versions new versions released defeat coding tricks driver programmers beat benchmark
1139,3197,15,don just like know think good,0.425,0.455,2,car new bike price sale cars,sci.electronics,rec.motorcycles,misc.forsale,wondering shed light just electronic remember total mileage kind memory stable reliable non independent outside battery power say years life vehicle amazed like expected work length time especially light work doing good work months breaking question legal selling used car replaced odometer starts mi
1140,1121,9,edu com mail information send list,0.425,0.460,8,president government people said program money,sci.space,comp.sys.mac.hardware,talk.politics.misc,early mid june think public wants carry write ask reach national news media abc world news tonight face nation west street news new york street washington associated press good morning america plaza abc news new york national desk new york foreign desk washington bureau larry king live evening news 
1141,6292,2,car new bike price sale cars,0.425,0.485,15,don just like know think good,rec.autos,misc.forsale,rec.motorcycles,don list said hopefully repeating horizontally mounted oil filters like ford matter hard try half car change
1142,3450,2,car new bike price sale cars,0.425,0.493,5,drive card scsi disk dos windows,misc.forsale,misc.forsale,comp.sys.ibm.pc.hardware,sale motherboard sale excellent condition year old cache ram ami bios need sell upgrading asking contact martin
1143,6928,2,car new bike price sale cars,0.425,0.572,15,don just like know think good,rec.autos,misc.forsale,rec.motorcycles,just bought bird like info club coast eric thomas
1144,7460,15,don just like know think good,0.425,0.434,2,car new bike price sale cars,rec.autos,rec.motorcycles,misc.forsale,clear coat really worth yes floor cars deep shine just paint jobs aren clear coated hand clear coated car seen road parking lot fine scratches paint job does alas laser weeks ago car professionally picked shine remember year ago bought days ago took car dealership work added bonus washed car unfortu
1145,1992,15,don just like know think good,0.425,0.434,5,drive card scsi disk dos windows,comp.sys.ibm.pc.hardware,rec.motorcycles,comp.sys.ibm.pc.hardware,market upgrade bios phoenix got new hard disk discovered bios doesn type like know purchase things checked motherboard manufacturer curious hearing figure prompted try shop problem don know shop like heard bios shop south bay alleged advertise did didn shop anybody help quest anybody replies thanks 
1146,8452,6,window server motif widget use application,0.425,0.430,15,don just like know think good,comp.os.ms-windows.misc,comp.windows.x,rec.motorcycles,hey got equation editor didn appear object dialog box insert object equation decided manually place went win ini way section added equation equation equation path filename picture didn work quit windows mistake correct looks fine start windows doesn work play point having entries works don finally w
1147,2064,8,president government people said program money,0.425,0.480,15,don just like know think good,talk.politics.misc,talk.politics.misc,rec.motorcycles,totally agree really people going benefit live cities train stops wants drive train station example probably farther drive train station nearest national airport
1148,2199,16,people god does believe evidence say,0.425,0.558,14,gun law guns government people state,sci.crypt,alt.atheism,talk.politics.guns,difference number amendment related supreme court opinions court limits amendment protections evidence opposed physical evidence question crypto key considered evidence suppose arguments way obviously hope considered
1149,8869,7,time use used number point different,0.425,0.458,18,god jesus church bible christ christian,soc.religion.christian,rec.autos,soc.religion.christian,founders brethren early supporter bruce highly approved translation translated bible languages fellow did young standard reference work similar strong believe just follow standard reference works larry brethren think thompson chain reference fame standard reference work decades new version just rele
1150,159,15,don just like know think good,0.424,0.469,5,drive card scsi disk dos windows,comp.sys.ibm.pc.hardware,rec.motorcycles,comp.sys.ibm.pc.hardware,ibm clock chip seen trade fall wasn people chip realize fpu just like evil marketing intel don internal cache probably saved silicon real estate went contract ibm allowed sell chips parties chips unlikely available non ibm machines course prevents companies implementing hasn come real fpu clone amd 
1151,3925,10,said people went didn came told,0.424,0.494,15,don just like know think good,talk.politics.guns,talk.religion.misc,rec.motorcycles,south american countries political disappeared family notice death body apparently think good idea federal government initiated action koresh followers surrounded days engaged psychological warfare used heavy military equipment citizens soil compound caught gas knocking holes building responsibility
1152,8856,17,power use water ground wire used,0.424,0.487,2,car new bike price sale cars,sci.electronics,sci.electronics,misc.forsale,simple procedures odometer mechanical driven odometer remove cable transmission attach drill run max speed turns continue desired mileage reached electronically driven odometer remove sensor wire sensor attach signal wire run turns desired mileage dear faster kinda wonder tried version sensor wire b
1153,5910,9,edu com mail information send list,0.424,0.510,15,don just like know think good,sci.electronics,comp.sys.mac.hardware,rec.motorcycles,dec did new alpha chip sure ask did actually details article ieee journal solid state circuits think nov
1154,8970,18,god jesus church bible christ christian,0.424,0.464,16,people god does believe evidence say,talk.religion.misc,soc.religion.christian,alt.atheism,primary problem human nature humans state tension tension good evil thought come mind bible provides examples product man god described pages scriptures man created order god words fourth century trying say god created man divine nature eastern orthodox church called say man created spirit soul body
1155,9486,15,don just like know think good,0.424,0.427,4,health medical disease use patients food,sci.med,rec.motorcycles,sci.med,noticed years ago took fairly regularly time lot forgotten started reading posts generally don headaches ineffective pain sources force currently pain beginning period worse surgery past years ago tell pain probably coming tried reduced pain took pain returned immediately stopped doctors suggested r
1156,4691,7,time use used number point different,0.424,0.530,15,don just like know think good,sci.med,rec.autos,rec.motorcycles,maybe maybe new graduate obviously trained sufficient experience trained years ago kept continuing education current matter trained modern technology certainly qualified equal trained john
1157,5321,15,don just like know think good,0.424,0.534,5,drive card scsi disk dos windows,comp.sys.ibm.pc.hardware,rec.motorcycles,comp.sys.ibm.pc.hardware,expert pretty sure way recover ide drive mapping information written directly drives low level format information gone don think unless send western digital ask
1158,8756,9,edu com mail information send list,0.424,0.588,15,don just like know think good,comp.graphics,comp.sys.mac.hardware,rec.motorcycles,severe problem news headers ftp purdue edu pub pull tar
1159,3951,4,health medical disease use patients food,0.424,0.438,15,don just like know think good,sci.med,sci.med,rec.motorcycles,remember rightly syndrome infants lack genes people lack gene supposed persons avoid naturally occuring gene supposed producing supposed tolerant thing supposed occur heating
1160,4731,2,car new bike price sale cars,0.424,0.500,5,drive card scsi disk dos windows,misc.forsale,misc.forsale,comp.sys.ibm.pc.hardware,just won ibm campus nice computer really need cash putting sale offer local best offer plus shipping brian
1161,251,5,drive card scsi disk dos windows,0.424,0.532,6,window server motif widget use application,comp.os.ms-windows.misc,comp.sys.ibm.pc.hardware,comp.windows.x,possible use net machine uses connect token ring tried older versions got invalid packet class error like regards
1162,8208,18,god jesus church bible christ christian,0.424,0.566,15,don just like know think good,soc.religion.christian,soc.religion.christian,rec.motorcycles,discussed girlfriend consider married legally people sexually did sexual relations decided marry eventually financial distance reasons legally married year half consider married life god eyes faith strong relationship years joy marry church church living new area marry need new church community feel
1163,8477,10,said people went didn came told,0.424,0.654,2,car new bike price sale cars,rec.motorcycles,talk.religion.misc,misc.forsale,dog maybe max handle presume tear head sheesh trained attack dog match human advantages regards charles
1164,6477,7,time use used number point different,0.424,0.513,2,car new bike price sale cars,rec.autos,rec.autos,misc.forsale,opinions fairly recent model class talking toyota far recent years levels basically mechanical aspects email responses
1165,5672,15,don just like know think good,0.423,0.425,13,team game year games play season,rec.sport.hockey,rec.motorcycles,rec.sport.hockey,funny mention exactly case going make grant star like mario draw fans team sucks short term think attendance increase unless team winning competitive improving butt kicking pittsburgh getting better people continued support suddenly dropped say points knee surgery people jumping numbers came nhl gui
1166,5504,2,car new bike price sale cars,0.423,0.543,15,don just like know think good,rec.autos,misc.forsale,rec.motorcycles,work internal engine components sho engine good thing miles cam sensor went south different ford dealers tried different fixes worked finally took street local mechanic guy reads code engine computer says bad cam sensor fixes hour friend sensors damaged flood waters ford sensors registering bad fath
1167,9060,6,window server motif widget use application,0.423,0.445,5,drive card scsi disk dos windows,comp.os.ms-windows.misc,comp.windows.x,comp.sys.ibm.pc.hardware,ibm run windows friend installed norton desktop windows loads automatically type win surely adds slow process starting like know stop program taken win ini pops running windows did big search reference ndw ini ini ini removing causes failure starting windows ini group ndw exe deleted familiar ndw te
1168,1752,9,edu com mail information send list,0.423,0.509,15,don just like know think good,soc.religion.christian,comp.sys.mac.hardware,rec.motorcycles,apologize post isn entirely appropriate newsgroup like christians attending university illinois urbana champaign august complete thought nice people moved
1169,9593,15,don just like know think good,0.423,0.501,2,car new bike price sale cars,rec.autos,rec.motorcycles,misc.forsale,suggest car nearest dealer oil filter ask oil change cost watch just watching job able learn remember sequence right time drain nut time easier stuck use impact wrench force use new washer time nut
1170,9355,15,don just like know think good,0.423,0.525,14,gun law guns government people state,talk.politics.guns,rec.motorcycles,talk.politics.guns,time ain duck hunting ain lone streets defending rights government seen fit ignore history attempt succeed don think nra bunch forgotten fundamental fact pardon shouting lot people condition white fat dumb happy glass worth wake smell gang shooting high time shot keyboards bits
1171,5039,15,don just like know think good,0.422,0.552,12,key encryption chip clipper keys privacy,sci.crypt,rec.motorcycles,sci.crypt,richard nixon kind wouldn send people really issue real issue used justify ban individuals use private encryption methods unrelated question isn term clipper neat taken intergraph
1172,9056,9,edu com mail information send list,0.422,0.552,15,don just like know think good,sci.crypt,comp.sys.mac.hardware,rec.motorcycles,probably cheaper think bet tax dollars chips chips don sell stop government giving away national security steven network administrator fast northern telecom replies com bounce aol com compuserve com
1173,4312,14,gun law guns government people state,0.422,0.451,16,people god does believe evidence say,talk.politics.guns,talk.politics.guns,alt.atheism,hold truths self evident men created equal creator certain rights life liberty pursuit happiness declaration independence july
1174,889,8,president government people said program money,0.422,0.497,15,don just like know think good,talk.politics.misc,talk.politics.misc,rec.motorcycles,institutions absolute power cute let talk shall tried happen illustrated problem state union does ample wealth choose spend run perfectly acceptable education contend money spent sufficient spent badly tell republicans responsible huge increases social programs responsible don like contend congress 
1175,211,11,image software available ftp files graphics,0.422,0.527,6,window server motif widget use application,comp.os.ms-windows.misc,comp.graphics,comp.windows.x,try setting printer choosing port connect choose file instead like prompt file everytime print file printer good luck
1176,9889,2,car new bike price sale cars,0.422,0.584,5,drive card scsi disk dos windows,misc.forsale,misc.forsale,comp.sys.ibm.pc.hardware,posting friend reply sale micro soft dos micro soft dos release date diskettes manual perfect best offer accepted pay contact
1177,377,2,car new bike price sale cars,0.422,0.487,15,don just like know think good,rec.motorcycles,misc.forsale,rec.motorcycles,problem battery honda week dead ride bike day battery new charging checked thoroughly fine suspicion idea causing problem help mechanic
1178,670,2,car new bike price sale cars,0.422,0.472,15,don just like know think good,rec.autos,misc.forsale,rec.motorcycles,photo radar things sweden ago lot lot spray touch paint lot good eventually drop idea lot court cases owner car prove didn drive time speeding especially recall case eventually proved car thief stolen car false plates chose license number identical car photo correct photo radar sucks way look
1179,3801,15,don just like know think good,0.421,0.578,2,car new bike price sale cars,rec.autos,rec.motorcycles,misc.forsale,start calling engineering folks france bunch mercury lovely feature earlier german variant newer identical mustang current fame tell times feature pissed come think brothers robert cray com
1180,8397,15,don just like know think good,0.421,0.542,4,health medical disease use patients food,sci.med,rec.motorcycles,sci.med,answer questions seen happen family members treated radiation graham published years ago cooperation american cancer society think called taste good recall just needed times favorite foods suddenly
1181,8633,15,don just like know think good,0.421,0.452,17,power use water ground wire used,sci.electronics,rec.motorcycles,sci.electronics,believe converters joystick port really long takes circuit charge like games works pretty certainly wouldn want try lab measurements non linear hmm suppose software real problem precision measurement longer constant higher precise hand wrong game card designers extra make cheap constant current sour
1182,1087,15,don just like know think good,0.421,0.414,4,health medical disease use patients food,sci.med,rec.motorcycles,sci.med,people going really wish tell happy insert explain patients read insert panic visit admit afraid drug starting square probably didn come followup didn want admit wouldn drug thought trying kill people don understand report adverse effect reported drug responsible insert legal document liability manu
1183,2164,19,file entry output program section char,0.421,0.570,0,israel turkish armenian jews war israeli,talk.politics.mideast,rec.sport.baseball,talk.politics.mideast,occupying israeli soldiers terrorists does kill year old native child arms face writes false report couple months ago wrote terrible program passed compilation describes great cut save include stdio include signal define loser define childish define define define define loser childish static void ab
1184,3297,15,don just like know think good,0.421,0.519,5,drive card scsi disk dos windows,comp.sys.ibm.pc.hardware,rec.motorcycles,comp.sys.ibm.pc.hardware,planning buying joystick time sold amiga years ago idea kind stick buy people recommended variety models good best
1185,7028,7,time use used number point different,0.421,0.483,15,don just like know think good,talk.politics.guns,rec.autos,rec.motorcycles,quoted com com kenneth significant differences branch davidians reported gotten neighbors people generally gone far way black neighbors using hours night keeping large garbage promoting rat allegedly threatening neighbors children sort questions regarding use force remain case
1186,1700,15,don just like know think good,0.421,0.444,16,people god does believe evidence say,alt.atheism,rec.motorcycles,alt.atheism,considered called islam related dialogue total waste time instance try come senses accept knowing wisdom power quran allah allah drops wise choice allah rolls bones allah gets spin block wow realize maybe allah looking commitment ready say man got programming gotta thinking islam btw allah said thin
1187,6556,1,space nasa launch earth satellite shuttle,0.421,0.478,15,don just like know think good,sci.space,sci.space,rec.motorcycles,alan don forget huge cost joke paperwork exceeds teh weight airplane fly teh highly aero space projects narrow engineering budgets partly didn spend paper pushing company trying funding build light commercial low cost basis reducing costs
1188,5554,9,edu com mail information send list,0.421,0.519,17,power use water ground wire used,sci.electronics,comp.sys.mac.hardware,sci.electronics,attacked keyboard correction followup audio got varying lamp resistance read varying lamp voltage tom tom audio visual technician college british columbia fax weapon kentucky rifle snail mail site british columbia canada
1189,8622,15,don just like know think good,0.421,0.536,16,people god does believe evidence say,talk.politics.misc,rec.motorcycles,alt.atheism,lie knows sure state figure high just low depending talking mind practicing actually gay people chose road wanted fit normal person let irrational behavior calling liar start support claims sure sounds definitive label work like based scientific journal
1190,7319,16,people god does believe evidence say,0.420,0.524,14,gun law guns government people state,talk.politics.misc,alt.atheism,talk.politics.guns,unfortunately homosexuals don believe concept freedom believe right force people hire rent business regardless feelings beliefs person allow point clayton entire class people having completely believing world think differently child advocating minority soc doesn notice starting sentence believe mill
1191,8008,11,image software available ftp files graphics,0.420,0.522,9,edu com mail information send list,sci.med,comp.graphics,comp.sys.mac.hardware,posting following brother post replies send email address end message thank supervisor looking image analysis software dos need measure areas future expand lots ads info scientific products able competing products appreciate comments products suggestions comments products consider thanks donald
1192,7511,15,don just like know think good,0.420,0.575,13,team game year games play season,rec.sport.hockey,rec.motorcycles,rec.sport.hockey,hear pick year word anybody seen play entering draft
1193,8331,15,don just like know think good,0.420,0.581,14,gun law guns government people state,talk.religion.misc,rec.motorcycles,talk.politics.guns,suppose illegal guns suppose going kill bunch people ray
1194,4228,14,gun law guns government people state,0.420,0.581,9,edu com mail information send list,talk.politics.guns,talk.politics.guns,comp.sys.mac.hardware,copy letter mailing address compuserve com william clinton president united states america president writing express utter outrage conduct various government agencies regards tragedy waco demand lloyd secretary treasury bears responsibility initial helicopter grenade attack atf branch davidians jane
1195,6779,15,don just like know think good,0.420,0.655,5,drive card scsi disk dos windows,sci.electronics,rec.motorcycles,comp.sys.ibm.pc.hardware,try comp reading thread number dial worked sales line think telling customers numbers using told number work modern switch
1196,5945,15,don just like know think good,0.420,0.497,13,team game year games play season,rec.sport.baseball,rec.motorcycles,rec.sport.hockey,infield fly question hasn addressed believe rule does deal situation infield fly declared ball caught runners tag advance risk fly ball infield fly caught point runner legally leave base fear early ball hits ground fielder ball hits ground appreciated
1197,8216,17,power use water ground wire used,0.420,0.592,15,don just like know think good,sci.electronics,sci.electronics,rec.motorcycles,spare fluke true digital meter digit display average condition used works fine fluke btw according fellow designed meters converted function jumper adding extra switches like said fair sell new
1198,705,15,don just like know think good,0.420,0.430,18,god jesus church bible christ christian,soc.religion.christian,rec.motorcycles,soc.religion.christian,does bring closer god sin think strict just consider ambiguous implies staying sin christian satisfied does imply having fun sin does imply sleeping sin does imply sin day simpler definition counter great commandments love god love neighbor sin love sin action sin sin yell kids discipline time lovin
1199,1751,15,don just like know think good,0.420,0.412,13,team game year games play season,rec.sport.baseball,rec.motorcycles,rec.sport.hockey,bit tone substance predictions responses probably bit measured clemens form viola isn really performing reasonably expected know sox responding likely suspect new hitting coach mike certainly likely credit hot start clemens viola optimistic scenario hasn shown power tell dawson providing leadership 
1200,7006,8,president government people said program money,0.420,0.591,15,don just like know think good,comp.sys.mac.hardware,talk.politics.misc,rec.motorcycles,tell japanese local market protected japanese government tough nut crack fact current way break japanese company partner venture gary
1201,7765,5,drive card scsi disk dos windows,0.420,0.458,2,car new bike price sale cars,comp.sys.ibm.pc.hardware,comp.sys.ibm.pc.hardware,misc.forsale,simm sale perfect condition work requires pin simms like paid insured shipping
1202,187,15,don just like know think good,0.420,0.433,13,team game year games play season,rec.sport.hockey,rec.motorcycles,rec.sport.hockey,words sharks soderstrom penguins coaches decision come joe think saying played significant played low good teams better low bad teams context comparing low better higher low good teams better higher bad teams context comparing yes does absolutely context comparing course end season points points mat
1203,529,9,edu com mail information send list,0.420,0.509,15,don just like know think good,sci.electronics,comp.sys.mac.hardware,rec.motorcycles,look alt urban thread messages fact messages don work aside image screen fast noticed bob internet bob org nail way uucp uunet bob
1204,3841,15,don just like know think good,0.419,0.560,2,car new bike price sale cars,rec.autos,rec.motorcycles,misc.forsale,netters want know tax good deal mazda performance review far mazda good buy reply don read group thanks advance purpose education merely dev mot com facts blow motorola boston money
1205,5066,15,don just like know think good,0.419,0.396,13,team game year games play season,rec.sport.baseball,rec.motorcycles,rec.sport.hockey,quite sure numbers generated appears neutral park tend drop actually loses home runs equivalent average thing looking stats took away homers normally expect homers doubles big parks caught matter expect lots doubles despite speed hit doubles expect value risen quite considerably neutral park felix j
1206,5172,2,car new bike price sale cars,0.419,0.510,15,don just like know think good,misc.forsale,misc.forsale,rec.motorcycles,just inform readers sony just introduced new smaller expensive jack lacks available mail order houses dollars new new model coming suspect obsolete selling
1207,8170,0,israel turkish armenian jews war israeli,0.419,0.586,14,gun law guns government people state,talk.politics.mideast,talk.politics.mideast,talk.politics.guns,center policy research cpr subject israeli press short notes written apr cpr org mideast forum israeli press short notes israeli press march israeli police department announced evening friday march calling jewish israeli citizens gun permits carry times contribute security surroundings march chair i
1208,5659,7,time use used number point different,0.419,0.496,15,don just like know think good,rec.sport.baseball,rec.autos,rec.motorcycles,meant comment time just way important runs created wouldn nearly accurate runs created usually accurate team level lot account remaining percent
1209,7802,13,team game year games play season,0.418,0.418,15,don just like know think good,rec.sport.baseball,rec.sport.hockey,rec.motorcycles,yes irrelevant talking averages lots information player particular base decisions say know people feet tall chances really foot isn lopez likely hit hit year adjusting stats park league hit better absolute scale olson did lot really difference minors majors requires period adjustment don believe wou
1210,396,0,israel turkish armenian jews war israeli,0.418,0.597,15,don just like know think good,talk.politics.mideast,talk.politics.mideast,rec.motorcycles,course posting hard evidence facts difficult bothered way know evidence support just imagine news report ancient times hasan writing ancient press israel today denied egypt red sea typical display leader slave revolt prince moses red sea action estimated caused damage environment egyptian authoritie
1211,8927,17,power use water ground wire used,0.418,0.481,15,don just like know think good,rec.motorcycles,sci.electronics,rec.motorcycles,just noticed table lamp runs volts big plugs wall says volts question charge battery don know rating battery factory thanks dod
1212,1141,2,car new bike price sale cars,0.418,0.524,5,drive card scsi disk dos windows,misc.forsale,misc.forsale,comp.sys.ibm.pc.hardware,following nth engine graphics cards sale drivers autocad display list hardware highest offer
1213,2476,16,people god does believe evidence say,0.418,0.445,18,god jesus church bible christ christian,alt.atheism,alt.atheism,soc.religion.christian,deletion yes sorry got wrong apology deletion fun met minority given god refers action god god causes better effects rob jewish theology understand jew correct wrong appears views jews different majority jews jewish theology overall quite distinct god views heard possible jews attribute evil god chr
1214,5961,0,israel turkish armenian jews war israeli,0.418,0.489,15,don just like know think good,talk.politics.mideast,talk.politics.mideast,rec.motorcycles,plo moved lebanon parts lebanon occupying power practices common non palestinean palestinean alike simply standard operating procedures palestineans long time fact greatest palestineans happen self rule possibly deny plo going blame
1215,7745,15,don just like know think good,0.418,0.451,14,gun law guns government people state,talk.religion.misc,rec.motorcycles,talk.politics.guns,probably don pack heavy weaponry intent use don really think allowed stuff tell live sure steer clear understand neccessary licenses permits automatic weapons public rights placed individual ahead singing different tune right rape daughter broke law threat society did job simple haven seen proof evi
1216,4027,14,gun law guns government people state,0.418,0.465,16,people god does believe evidence say,alt.atheism,talk.politics.guns,alt.atheism,people favor blame society accepts member society blame innocent person gets executed favor work convince members society accepted blame considered risk acceptable similarly person drives accept blame fatal traffic accidents surely going happen people driving question risk acceptable likely innocent
1217,9170,13,team game year games play season,0.418,0.532,15,don just like know think good,rec.sport.hockey,rec.sport.hockey,rec.motorcycles,come canada sounds canadian smith anyways crawl hole doesn care basketball players major league baseball doesn damn baseball players canada imminent danger primary supplier players sweden finland czech republic relatively small countries really produce players greater rate producing potential soviet
1218,2576,15,don just like know think good,0.418,0.471,5,drive card scsi disk dos windows,comp.sys.ibm.pc.hardware,rec.motorcycles,comp.sys.ibm.pc.hardware,using identical setup tower config months previous discussions net thing check dma conflicts devices got ones suspect tape try fresh good luck
1219,7146,2,car new bike price sale cars,0.418,0.601,5,drive card scsi disk dos windows,misc.forsale,misc.forsale,comp.sys.ibm.pc.hardware,bout dozen video links available connect macs video list street price likely sell including shipping factory plus tax california mail like info accessories components available
1220,5852,1,space nasa launch earth satellite shuttle,0.417,0.531,15,don just like know think good,sci.space,sci.space,rec.motorcycles,depends assume existance working ssto like billion quarter million pounds stuff moon mass went send equipment make transfer vehicle send lot way lot needed prize isn big developing ssto vehicle exists allen
1221,4987,0,israel turkish armenian jews war israeli,0.417,0.566,15,don just like know think good,soc.religion.christian,talk.politics.mideast,rec.motorcycles,netters question like discussion thing war love basis scripture war wrong war justifiable things started like outline asking question high school days quite involved new zealand forces bit like understand lot emphasis fun military career training extremely flying involved sport great military aviati
1222,8119,4,health medical disease use patients food,0.417,0.464,15,don just like know think good,sci.med,sci.med,rec.motorcycles,think doing isn acting good faith lyme purposes famous lyme gets famous gets don motive easy physicians lyme treat lot money involved tragic happened doesn necessarily make objective source information life emotionally involved people lyme certainly advocacy research lyme order people like effective
1223,710,16,people god does believe evidence say,0.417,0.425,15,don just like know think good,talk.religion.misc,alt.atheism,rec.motorcycles,frank tried mail bounced fast moving scope didn know group apologies regular folks using values mean different way used normally certainly using science like real world science recognition patterns perceptions universe making predictions concerning perceptions values far values value experience obje
1224,7513,13,team game year games play season,0.417,0.517,15,don just like know think good,rec.sport.baseball,rec.sport.hockey,rec.motorcycles,braves run production falls game certainly headed lucky does mean finish
1225,5058,18,god jesus church bible christ christian,0.417,0.464,16,people god does believe evidence say,alt.atheism,soc.religion.christian,alt.atheism,written granted faith invisible pink read obey written obey written believe doing way granted faith invisible pink believe written leads believing invisible pink essentially believe invisible pink bit circular reasoning question makes different believing
1226,7915,18,god jesus church bible christ christian,0.417,0.489,15,don just like know think good,soc.religion.christian,soc.religion.christian,rec.motorcycles,hey wrong wasn jeff black sabbath major brother christ totally changed life wife tours singing spreading gospel christ wrong black sabbath know similar band wasn particular group great love father called children god john
1227,6412,15,don just like know think good,0.417,0.469,18,god jesus church bible christ christian,talk.religion.misc,rec.motorcycles,soc.religion.christian,curious statement known understanding christian believers people don understand christian doctrines enjoying state come background heavy christian teaching lutheran church consider knowledgeable basic christianity time proud things don understand know point time ignorance cheers kent
1228,7307,9,edu com mail information send list,0.417,0.569,14,gun law guns government people state,sci.electronics,comp.sys.mac.hardware,talk.politics.guns,independent speedometer gun processes returns speed car relative pavement speed target taking difference guns moving mode actually split beam beam aimed pavement car driver good article traffic radar used contents references defend bogus radar measured ticket detailed moving mode easier defend incre
1229,741,4,health medical disease use patients food,0.416,0.600,7,time use used number point different,sci.med,sci.med,rec.autos,certainly case description observing phenomena bath accurate bath intense environment
1230,5819,15,don just like know think good,0.416,0.473,18,god jesus church bible christ christian,soc.religion.christian,rec.motorcycles,soc.religion.christian,reply com america people tend think choosing church like think choosing car country club mean culture tend wants considering things mind making prayer initial primary decision process people tend treat church club liking think scripture presents idea god takes different perspective church choosing p
1231,1712,11,image software available ftp files graphics,0.416,0.570,15,don just like know think good,comp.graphics,comp.graphics,rec.motorcycles,need hit software product encourage software sales product multi media multi media digital television products albeit capable compelling reasons buy news group write hit software
1232,9068,11,image software available ftp files graphics,0.416,0.469,9,edu com mail information send list,comp.graphics,comp.graphics,comp.sys.mac.hardware,looking database called micro world data bank database digital map information containing points said public domain knows place preferably ftp snail mail let know willing send file drop line using program called charles knows detailed database used program preferably interested replies mail directly
1233,5880,9,edu com mail information send list,0.416,0.569,2,car new bike price sale cars,misc.forsale,comp.sys.mac.hardware,misc.forsale,followup wpi wpi edu distribution organization institute keywords looking inexpensive motorcycle fancy able self looking range
1234,6941,9,edu com mail information send list,0.416,0.589,15,don just like know think good,rec.sport.baseball,comp.sys.mac.hardware,rec.motorcycles,does read baseball tend like means runs thanks david rex wood colorado edu university colorado boulder
1235,2284,15,don just like know think good,0.416,0.453,13,team game year games play season,rec.sport.baseball,rec.motorcycles,rec.sport.hockey,hope comes somewhat unbiased school philadelphia listen stations basis fan mike noon person big interviews just local importance did dave fred bob magic johnson opinions stations competing talent morning opinion think better feel different better crew people work tries copy make sports theme terms s
1236,7528,11,image software available ftp files graphics,0.416,0.529,9,edu com mail information send list,sci.crypt,comp.graphics,comp.sys.mac.hardware,forwarded old posting speech compression case like experiment obtain software implementation bps fed std free dod federal standard based bps code excited linear prediction voice version fortran simulation source codes available worldwide distribution charge dos diskettes configured compile sun sparc
1237,9709,14,gun law guns government people state,0.416,0.519,2,car new bike price sale cars,talk.politics.misc,talk.politics.guns,misc.forsale,authorized laugh special offer void prohibited law consumer pay applicable sales tax
1238,8557,2,car new bike price sale cars,0.415,0.515,15,don just like know think good,rec.autos,misc.forsale,rec.motorcycles,let just experience new mexico texas utah south minnesota montana florida parts said let town drive main couldn fast passes highway parts really expensive cars driven fast crap crap
1239,2671,15,don just like know think good,0.415,0.507,6,window server motif widget use application,comp.windows.x,rec.motorcycles,comp.windows.x,want equivalent set calls xlib need map windows probably easy programming little looked reilly books didn checked faq couldn email following addresses post response reasonable guy
1240,863,15,don just like know think good,0.415,0.615,0,israel turkish armenian jews war israeli,alt.atheism,rec.motorcycles,talk.politics.mideast,excuse ignorance remember reading biblical tribe known exists modern day palestinians info post
1241,5768,8,president government people said program money,0.415,0.568,15,don just like know think good,talk.politics.mideast,talk.politics.misc,rec.motorcycles,just waiting tell african americans start paying compensation white americans suffered slave owners
1242,9832,15,don just like know think good,0.415,0.504,13,team game year games play season,rec.sport.baseball,rec.motorcycles,rec.sport.hockey,red sox usually don think backup used use randy backup catcher middle don need good catcher just competent afford lose little catching ability pick player use field
1243,1714,11,image software available ftp files graphics,0.415,0.621,15,don just like know think good,comp.graphics,comp.graphics,rec.motorcycles,concept software sells determine success dont news shown developers private software currently developing software
1244,9269,11,image software available ftp files graphics,0.415,0.551,5,drive card scsi disk dos windows,comp.os.ms-windows.misc,comp.graphics,comp.sys.ibm.pc.hardware,like know current fax software available windows does baud fax modem respond info thank
1245,9357,13,team game year games play season,0.414,0.476,15,don just like know think good,rec.sport.hockey,rec.sport.hockey,rec.motorcycles,general question readers extensive playoff coverage canada impossible watch series series opportunity watch year wash nyi chi stl wrong time zone canada basically coverage wonder series games locally say local news games double email waste bandwidth news feed kind slow anyways
1246,5563,11,image software available ftp files graphics,0.414,0.498,15,don just like know think good,comp.os.ms-windows.misc,comp.graphics,rec.motorcycles,word windows lets text language english alt format language recall mark english accepts rumor far microsoft didn include english dictionary disks don mean imply assume got microsoft bbs word windows section looked helpful tell obtain spelling dictionary file similar email post summary
1247,2082,16,people god does believe evidence say,0.414,0.530,15,don just like know think good,alt.atheism,alt.atheism,rec.motorcycles,thing comment stan time forum rec policy discussions related topics policy discussion involves related topics fringe group discussion obviously strong feelings sides issues hand particular view anti opinion don try make wish engage discussion use kill file wish continue discussion knowing implicatio
1248,9755,7,time use used number point different,0.414,0.520,9,edu com mail information send list,comp.windows.x,rec.autos,comp.sys.mac.hardware,does know recent information work consortium seen short description published resource looking bit depth
1249,6529,0,israel turkish armenian jews war israeli,0.414,0.491,16,people god does believe evidence say,talk.politics.mideast,talk.politics.mideast,alt.atheism,strong evidence cpr really stands unbelievable disgusting proves forget solutions jewish problem suggested northern europeans past science deals improvement control human qualities race webster ninth dictionary statement zionist entity forcing engage surrounding normal arab society strong mixed stoc
1250,1612,5,drive card scsi disk dos windows,0.414,0.443,17,power use water ground wire used,sci.electronics,comp.sys.ibm.pc.hardware,sci.electronics,does know details interface wire din remote sensor wire numbers ira physical examination pre amp connector indicates connector pin din provide viewed connector pin pin pin signal ground pin signal drive pin signal drive led drives resistor assume connectors mini plugs drive led directly true thanks
1251,7662,15,don just like know think good,0.414,0.458,2,car new bike price sale cars,comp.sys.ibm.pc.hardware,rec.motorcycles,misc.forsale,long does fixing does use new parts repairs substitute used parts knowledge charge repairs warranty claims maintenance comes local dealers fun getting consistently good support trained high rate fun getting warranty work quickly fun getting warranty work cheaply period unless paid service contract h
1252,3901,2,car new bike price sale cars,0.414,0.480,15,don just like know think good,rec.autos,misc.forsale,rec.motorcycles,wondering anybody doing self miles current toyota truck got heard people talk doing damage transmission experiences suggest techniques use old pieces junk drove transmission worn clutch way shift date driven comets chevy harder shift generally higher quicker easier shift technique ease throttle time
1253,9815,15,don just like know think good,0.414,0.504,17,power use water ground wire used,comp.sys.mac.hardware,rec.motorcycles,sci.electronics,sorry wrong extremely hot idea current available run mhz produce quite bit heat fact need special mounting extra large heat apple looks pretty commited powerpc route instead deal dec
1254,1381,19,file entry output program section char,0.414,0.444,6,window server motif widget use application,comp.os.ms-windows.misc,rec.sport.baseball,comp.windows.x,playing utility magazine having trouble string variables need help example temp path file ext temp say output say output file ext dropping characters memory maybe variables total article didn mention memory limits email idea like actual source output thanks help
1255,4081,16,people god does believe evidence say,0.413,0.566,15,don just like know think good,alt.atheism,alt.atheism,rec.motorcycles,hey glad constructive contributors newsgroup agree statement argue bobby does best thing spare mental resources discuss interesting issues cheers kent
1256,5874,15,don just like know think good,0.413,0.453,16,people god does believe evidence say,rec.motorcycles,rec.motorcycles,alt.atheism,sounds like awfully closed minded attitude try walk shoes usually limited value seen ignorant self righteous open minded new age great planet earth ignorant red don correlation don believe culture necessarily inferior superior gotta beer making sense thing know preaching tolerance conservative jack 
1257,3738,2,car new bike price sale cars,0.413,0.444,15,don just like know think good,rec.motorcycles,misc.forsale,rec.motorcycles,normal bmw bikes use little oil thousand miles don know new bikes used bit oil new max maybe miles soon time miles oil consumption zero told harder run bike reason sooner stops using oil
1258,3792,5,drive card scsi disk dos windows,0.413,0.556,15,don just like know think good,comp.sys.mac.hardware,comp.sys.ibm.pc.hardware,rec.motorcycles,finally decided update planning buying centris monitor guidelines wife uses occasionally use excel alot home work word processing greater inches looked radius color bought heard good things machines older model new super mac little
1259,5073,15,don just like know think good,0.413,0.485,14,gun law guns government people state,sci.crypt,rec.motorcycles,talk.politics.guns,just make sure clear refers protects fails protect lifetime seen government consistently protect citizens accident
1260,7283,15,don just like know think good,0.413,0.501,2,car new bike price sale cars,rec.autos,rec.motorcycles,misc.forsale,subject says pickup left turn signal does stop turning cause stop mechanical problem steering wheel
1261,4330,11,image software available ftp files graphics,0.413,0.494,5,drive card scsi disk dos windows,comp.os.ms-windows.misc,comp.graphics,comp.sys.ibm.pc.hardware,hello brad monday april brad wrote vga card correct files just copy expect work create new win com file try command worry directories file don know setup copy win rle win com grabbed great book logo windows startup screen rle file just specially compressed bmp file brad procedure used specially comp
1262,2742,14,gun law guns government people state,0.413,0.551,15,don just like know think good,talk.politics.guns,talk.politics.guns,rec.motorcycles,course criminal hang criminals flash large cash parts town utter verbal bigotry right public places chances shot higher avoiding behaviors hand chances shot like murders criminals killing criminals murders committed people prior known history violence simplistic moral suitable year old posters bad p
1263,1422,15,don just like know think good,0.413,0.482,2,car new bike price sale cars,rec.autos,rec.motorcycles,misc.forsale,hello looking slightly increase performance honda civic wondering suggest upgrades thought easiest upgrades new header does know kind increase header think check jackson racing make honda parts small changes easily won screw car things like new new fuel injection chip welcome suggestions small chang
1264,2664,16,people god does believe evidence say,0.413,0.468,15,don just like know think good,alt.atheism,alt.atheism,rec.motorcycles,probably problems slight shift emphasis common work days week business instead american atheists similar religious organizations persons religious belief justification actions guide determine actions course people come fascinating actions fun watch people religion america doesn matter ends large maj
1265,2731,7,time use used number point different,0.413,0.538,9,edu com mail information send list,sci.space,rec.autos,comp.sys.mac.hardware,got responses doing interviews interesting just case posting incredibly person posting mike looking special computers currently looking software help architect implement fault tolerant subsystem proprietary operating kernel kernel kernel proprietary coupled parallel message based operating kernel wi
1266,4117,9,edu com mail information send list,0.413,0.474,15,don just like know think good,rec.motorcycles,comp.sys.mac.hardware,rec.motorcycles,article cso uiuc edu cso uiuc edu mike dont think carbs suspect cam timing say head make sense ian just worth
1267,8453,4,health medical disease use patients food,0.412,0.469,15,don just like know think good,sci.med,sci.med,rec.motorcycles,inside nose using tip bought tube doctor listen radio says apply days taking antibiotics mouth new doctor gave prescription today called said cause problems sensitive stomach begin anybody taken good suggestions avoiding upset stomach tips taken daughter taken times ear infections works drug problem
1268,4606,1,space nasa launch earth satellite shuttle,0.412,0.526,7,time use used number point different,sci.space,sci.space,rec.autos,let aren strict sense amateur rockets term rockets engines constructed user rockets called high power rockets distinguish smaller model rockets use factory composite plastic engines engines classified impulse engine example newton seconds impulse engine letter corresponds maximum impulse far engines
1269,956,7,time use used number point different,0.412,0.460,4,health medical disease use patients food,sci.med,rec.autos,sci.med,hope gordon banks did mean imply notions hard candida infections causing various problems investigated researchers figuring investigate things previously thought virtually impossible test surprised candida phenomena think candida produce signature measure set lower bound extent recent infection real
1270,3945,11,image software available ftp files graphics,0.412,0.471,15,don just like know think good,comp.graphics,comp.graphics,rec.motorcycles,need information display postscript feature feature lines displayed line looks better low resolution devices postscript literature explains process extent example postscript environments absent suggested emulation modify coordinates line using following formula coordinate round doing end coordinates
1271,9732,16,people god does believe evidence say,0.412,0.578,7,time use used number point different,alt.atheism,alt.atheism,rec.autos,think change behavior large degree animals exhibit behaviors wild don think viewed good representatives wild animal kingdom thousands years produce certain behaviors
1272,3745,16,people god does believe evidence say,0.412,0.470,15,don just like know think good,alt.atheism,alt.atheism,rec.motorcycles,way tell false true contradicts quran relates isn explicitly spelled quran quran wasn written life wasn long years long shift verses karl
1273,5389,8,president government people said program money,0.412,0.661,15,don just like know think good,talk.politics.misc,talk.politics.misc,rec.motorcycles,response report news ken meeting slick willie homosexual activists clinton attending rally homosexuals washington later month instead town retreat senate democrats robertson yeah better retreat laughter followed sustained later report homosexuals colorado colorado seen record year despite homosexual
1274,4298,12,key encryption chip clipper keys privacy,0.412,0.497,15,don just like know think good,sci.crypt,sci.crypt,rec.motorcycles,com walker great wonderful news listen feds hey better status far worried feds tapping phone high school scanner eavesdropping cellular cordless phone calls political scared feds listening calls opinions sort disappeared slightly free society knows sort society years friends phones theoretical bette
1275,9527,18,god jesus church bible christ christian,0.412,0.444,15,don just like know think good,soc.religion.christian,soc.religion.christian,rec.motorcycles,thinking idea raised michael covington think words mean think mean regardless reflecting certain words meant childhood tracing shaped attitudes grew home christ bad word people angry said word christian meant jew carried threat enemy took time figure connection christ christian accepted jesus expect
1276,8037,15,don just like know think good,0.412,0.479,14,gun law guns government people state,talk.politics.guns,rec.motorcycles,talk.politics.guns,unfortunately elections bought promise voters money vote convicted legally purchase firearms know lived gang joint army got ammunition handguns explosives left years later clues uses problem crime big deal criminal years murder credit time served jail waiting trial months worst case criminals especi
1277,9784,5,drive card scsi disk dos windows,0.412,0.515,15,don just like know think good,comp.sys.ibm.pc.hardware,comp.sys.ibm.pc.hardware,rec.motorcycles,facts server roughly moved new location left powered months memory hard drive manuals original disks level powered cmos wiped technician examined pronounced disk drive investigations indicate drive type cylinders sides cmos set way runs happily bad blocks use prepare internal drive install proceed s
1278,3009,17,power use water ground wire used,0.411,0.474,2,car new bike price sale cars,rec.autos,sci.electronics,misc.forsale,crawl car machine got boat pulls oil dip stick tube does excellent job moving tube old oil using drain plug think paid oil goes steel wait favorite device use soft drink easy local oil center
1279,2862,15,don just like know think good,0.411,0.548,14,gun law guns government people state,talk.politics.misc,rec.motorcycles,talk.politics.guns,heading true frank ashamed makes people don respect rights voice opinions bruce commented asshole time magazine advocated censorship material time actually sided cops bruce shows routinely say cops rush stage arrest times haven changed help think received today politically correct arena heck support
1280,5954,10,said people went didn came told,0.411,0.621,15,don just like know think good,rec.sport.baseball,talk.religion.misc,rec.motorcycles,remember hit circa wrigley field went street dead center field hit house roof lot did connect watch include
1281,2717,7,time use used number point different,0.411,0.588,13,team game year games play season,rec.sport.baseball,rec.autos,rec.sport.hockey,article jewish major recent issue fields used minnesota review baseball recall amazing research long list players large bibliography
1282,8089,15,don just like know think good,0.411,0.483,5,drive card scsi disk dos windows,comp.windows.x,rec.motorcycles,comp.sys.ibm.pc.hardware,stuff delete hear hear agree completely thing stand mac interface determination force use mouse mouse breaks like mouse handy cut past moving icons work keyboard hot keys times faster using mouse sure plus able simple user long experienced month speaking pcs moment don think ask window programmers p
1283,9892,15,don just like know think good,0.411,0.477,2,car new bike price sale cars,rec.autos,rec.motorcycles,misc.forsale,experience extended warranty plan slightly expensive normal dealer sponsored policy buy extended complete total period better taking money putting bank using money repairs extended pay payments people actually money bank sole use automotive repair maybe people hard time saving money don want hassle 
1284,2185,15,don just like know think good,0.411,0.605,16,people god does believe evidence say,alt.atheism,rec.motorcycles,alt.atheism,problems technology caused types things worse reminded inquisition operation rescue club david duke witch trials gay plus virtually single war regardless level technology organizations claiming god favor don forget pray troops really bad thing happened influence religion does really believe seen pre
1285,2070,15,don just like know think good,0.411,0.506,2,car new bike price sale cars,sci.electronics,rec.motorcycles,misc.forsale,seen pictures installation ham pulled little car generator ran legal limit mobile don know gas mileage like able stand
1286,798,15,don just like know think good,0.411,0.577,18,god jesus church bible christ christian,soc.religion.christian,rec.motorcycles,soc.religion.christian,different main character black sabbath good ole days past catholic heard alt rock roll metal newsgroups figure folks know
1287,1458,15,don just like know think good,0.411,0.540,11,image software available ftp files graphics,comp.sys.mac.hardware,rec.motorcycles,comp.graphics,model low cost laser printers apple just introduced thinking getting use home experience printer does level postscript bought happy
1288,543,15,don just like know think good,0.411,0.442,2,car new bike price sale cars,rec.motorcycles,rec.motorcycles,misc.forsale,sure shaft drive bike bmw monster course didn initial power burst just twist air pop clutch replace fork seals times fairing bit heavy little tubes time let fair warning trashed ring gear final drive assume doing cheap fix kind slip device shaft prevent breaking unfortunately didn save gears topic d
1289,2824,9,edu com mail information send list,0.410,0.534,2,car new bike price sale cars,misc.forsale,comp.sys.mac.hardware,misc.forsale,try possible asked games super model came prior overseas ask games offer send list price asking send want bare respond thanks walter walter com respond directly
1290,4600,9,edu com mail information send list,0.410,0.509,15,don just like know think good,sci.electronics,comp.sys.mac.hardware,rec.motorcycles,reasons save old years parts better application notes dropped future production planning national series white noise generators camera sync generators disappear current produced short time available stock old plans calling device dead gadget know functions substitute necessary old data books contain
1291,121,4,health medical disease use patients food,0.410,0.597,15,don just like know think good,sci.med,sci.med,rec.motorcycles,obviously talking research favor high protein low fat diet barely adequate salary fixed time schedule hours sleep night continuous praise mixed randomly promises rapid publication months dinner consisting free actually san diego problems seattle cold weather warm
1292,628,13,team game year games play season,0.410,0.481,15,don just like know think good,rec.sport.hockey,rec.sport.hockey,rec.motorcycles,yup agree think devils beat red wings easily think send votes try teams voting think islanders quebec better expected cobra
1293,9292,8,president government people said program money,0.410,0.448,16,people god does believe evidence say,alt.atheism,talk.politics.misc,alt.atheism,christians having atheist spokesman removed course keith busy explaining fellow isn really persecuted feeding resistance viewed trouble making understand did make bit god trust bob beauchaine bobbe vice ico tek com said queens stay blew bronx away sank manhattan sea
1294,6974,12,key encryption chip clipper keys privacy,0.410,0.549,17,power use water ground wire used,sci.crypt,sci.crypt,sci.electronics,real technical details hard answer question suppose bit parts produce bits real key material maybe using version
1295,6844,6,window server motif widget use application,0.410,0.531,15,don just like know think good,comp.windows.x,comp.windows.x,rec.motorcycles,sort traffic generated calls curious required bandwidth link machine running supporting multiple users clients require adequate response time ideas
1296,8998,2,car new bike price sale cars,0.410,0.455,15,don just like know think good,rec.motorcycles,misc.forsale,rec.motorcycles,agree formal training essential safe riding disagree strongly original point point formal training prepare riders road opinion know possible exclude aspects riding bike course wrong imho countersteering particular countersteering trained common reaction new bikers bicycle riders emergency situation 
1297,10046,17,power use water ground wire used,0.410,0.516,5,drive card scsi disk dos windows,comp.sys.mac.hardware,sci.electronics,comp.sys.ibm.pc.hardware,dynamic ram based flip basically single transistor capacitor store bit static ram based flip expensive dense parts thermal expansion ignored chris
1298,9307,11,image software available ftp files graphics,0.410,0.504,5,drive card scsi disk dos windows,comp.windows.x,comp.graphics,comp.sys.ibm.pc.hardware,dale sgi indigo mips chip dale running working remotely dale batch mode programs dale using clock code slower dale running processes affect dale consistent unless run mode blank cpu time generating nice animated display code running competing cpu run remote login really going
1299,2946,15,don just like know think good,0.409,0.466,5,drive card scsi disk dos windows,comp.sys.ibm.pc.hardware,rec.motorcycles,comp.sys.ibm.pc.hardware,really bus set mhz problems soundblaster pro zoom rll controller work fine set mhz simply don past post routines doubt actually damage playing
1300,5882,15,don just like know think good,0.409,0.521,14,gun law guns government people state,talk.politics.guns,rec.motorcycles,talk.politics.guns,seal team handled delta force batf equipment men did good intel did poor planning just basic military sense excuses justify body counts excuses fall ears batf shown leadership despite people better weapons exclusive use armor targets batf private army government agents swear oath did constitution kn
1301,5072,15,don just like know think good,0.409,0.496,18,god jesus church bible christ christian,soc.religion.christian,rec.motorcycles,soc.religion.christian,far big differences davidians christians follow tried feet jesus disciples basically gave lot career possibly family bunch follow jesus difference quite plain jesus good david koresh problem think try good bad terms principles instance thousands laws governing legal hard bring people justice possibl
1302,2211,12,key encryption chip clipper keys privacy,0.409,0.482,15,don just like know think good,sci.crypt,sci.crypt,rec.motorcycles,disturbing thought good stuff don pretend unauthorized hands escrow databases secret escrow databases aren sorts secrets teachers told sort big secrets category imagine trying replace million clipper chips sounds like great replacement market issue clipper alert announcing key backup tapes missing d
1303,7709,15,don just like know think good,0.409,0.561,2,car new bike price sale cars,rec.autos,rec.motorcycles,misc.forsale,help wife informed wants convertible car live south definitely right wife mentioned miata think small like wait new dec think opinions reasonable price range
1304,5395,10,said people went didn came told,0.409,0.529,16,people god does believe evidence say,talk.politics.guns,talk.religion.misc,alt.atheism,original question started inside outside compound replied possible sanity level inside outside paid taxes reference sex religion form comments meant address children building tear gas start agree batf handled affair badly believe national cameras point getting conflicting reports survivors best wait
1305,1297,11,image software available ftp files graphics,0.408,0.406,9,edu com mail information send list,comp.windows.x,comp.graphics,comp.sys.mac.hardware,archive faq modified subject patches release new public patches mit consortium announced comp windows announce newsgroup patches available ftp export sites available distributed newsgroup comp sources source including patches source distributions people ftp access use mail server patches send expo l
1306,6304,15,don just like know think good,0.408,0.460,13,team game year games play season,rec.sport.hockey,rec.motorcycles,rec.sport.hockey,punch contributions coach far greater combined division smythe norris bunch purely powerful owners owners certainly did help build league developed game question altogether going contributed league evolution going contributed glory sport disagree heard major definitive little asshole originated phra
1307,8667,14,gun law guns government people state,0.408,0.496,9,edu com mail information send list,talk.politics.guns,talk.politics.guns,comp.sys.mac.hardware,bills archive main ones need fight thanks david robinson scanning subdirectory bills stored moved congress congress cmu edu anon pub firearms politics rkba congress
1308,4306,8,president government people said program money,0.408,0.554,14,gun law guns government people state,talk.politics.guns,talk.politics.misc,talk.politics.guns,libertarian second amendment fort collins colorado submitted city council candidates upcoming election expected candidates responded know watching feel free use questions strike fancy use inspiration willing state writing publicly demonstrated violated oath office run office circumstances rights gro
1309,1545,10,said people went didn came told,0.408,0.559,15,don just like know think good,talk.politics.guns,talk.religion.misc,rec.motorcycles,hasn heard leader leader goes looks objective changed affect mission know know lie cold ground hour heard maybe atf hired local guys andrew spot colorado edu
1310,6790,15,don just like know think good,0.408,0.529,5,drive card scsi disk dos windows,sci.electronics,rec.motorcycles,comp.sys.ibm.pc.hardware,got problem dig info jumper settings drives recommend reference book subject quick fix type answer going start hooking things results prospect second smoke test thanks kirk
1311,2721,15,don just like know think good,0.408,0.498,5,drive card scsi disk dos windows,comp.windows.x,rec.motorcycles,comp.sys.ibm.pc.hardware,actually info com customer service department technical questions write support com expect limiting factor server machine network real world example roughly people using talk bunch unix boxes novell file servers load ethernet maybe people segment badly loaded net apps wanted run network intensive ru
1312,4547,15,don just like know think good,0.408,0.510,0,israel turkish armenian jews war israeli,talk.politics.mideast,rec.motorcycles,talk.politics.mideast,usual totally racist manages virtually facts wrong allow jews leave syria israel unfortunately escaped don want leave went word stopped travel permits claimed knows tactic pressure israel
1313,6878,2,car new bike price sale cars,0.408,0.601,15,don just like know think good,rec.motorcycles,misc.forsale,rec.motorcycles,hello experience riding yamaha max kindly comment handling
1314,4056,5,drive card scsi disk dos windows,0.408,0.521,15,don just like know think good,comp.sys.mac.hardware,comp.sys.ibm.pc.hardware,rec.motorcycles,lucky scsi adb quite blown blew adb cable
1315,1606,2,car new bike price sale cars,0.407,0.464,15,don just like know think good,rec.autos,misc.forsale,rec.motorcycles,buy new car finance paid cash car bought did worry good insurance bank loan just wanted bank wanted friends telling banks require kind insurance car protect true insurance gotten insurance assume don pay dealer extra insurance regular car insurance correct hear accident health type insurance dealers
1316,7557,9,edu com mail information send list,0.407,0.437,1,space nasa launch earth satellite shuttle,sci.space,comp.sys.mac.hardware,sci.space,sure contact world space foundation listed sci space frequently asked questions file world space foundation designing building solar spacecraft longer similar group jpl employees lend project provides partial funding sky survey extremely successful search near earth asteroids publishes foundation ne
1317,6155,12,key encryption chip clipper keys privacy,0.407,0.568,9,edu com mail information send list,talk.politics.misc,sci.crypt,comp.sys.mac.hardware,look newsgroup able clinton proposed initiative computer networks telephone systems initiative congress past months fbi strongly urge begin considering future strongly urge application mail soon
1318,792,15,don just like know think good,0.407,0.480,0,israel turkish armenian jews war israeli,talk.politics.mideast,rec.motorcycles,talk.politics.mideast,thank brad ali warning dangers propaganda funny coming pin point attacks israelis guys white hats ones black hats mean just civilians teachers school children maybe terrorists maybe propaganda correct hmm
1319,3763,2,car new bike price sale cars,0.407,0.631,15,don just like know think good,rec.autos,misc.forsale,rec.motorcycles,covers thinking building comment affect mileage highway travel charles
1320,9015,11,image software available ftp files graphics,0.407,0.451,5,drive card scsi disk dos windows,comp.graphics,comp.graphics,comp.sys.ibm.pc.hardware,moscow scientific association spectrum offer vision include software set controllers software support family program kit developed kit includes different functions image processing kit works interactive regime include help non professional users possibility input frame board family read white image 
1321,8056,12,key encryption chip clipper keys privacy,0.407,0.445,9,edu com mail information send list,sci.crypt,sci.crypt,comp.sys.mac.hardware,message nist clipper chip comes following address clipper csrc ncsl nist gov clipper chip announcement just asked asked computer telnet csrc ncsl nist gov list isn interesting dorothy denning mitch marc ron jim government rsa tis cpsr eff represented don suppose anybody organizations care comment ju
1322,252,15,don just like know think good,0.407,0.572,1,space nasa launch earth satellite shuttle,sci.space,rec.motorcycles,sci.space,designed sts mind really mean little early material scenes shuttle landing pulled gates guess trying stress advanced airport dallas types imagine fit having shuttle landing rest currently having power airport surrounding cities
1323,9808,11,image software available ftp files graphics,0.407,0.546,9,edu com mail information send list,comp.windows.x,comp.graphics,comp.sys.mac.hardware,hello everybody hope insert right options question distributed germany question country question anybody tell course ftp site archie din fonts available looking fonts holding specification din din din thanks advance research mathematics university germany
1324,4604,1,space nasa launch earth satellite shuttle,0.406,0.487,7,time use used number point different,sci.space,sci.space,rec.autos,reading performance products data sheet carbon fiber strength psi density theoretical height constant section column just support million inches statute miles real structure horizontal type guy wires used strength let assume operate theoretical strength gives working height miles constant section co
1325,7558,2,car new bike price sale cars,0.406,0.536,15,don just like know think good,rec.motorcycles,misc.forsale,rec.motorcycles,think little opinion comes riding max riding max fast road
1326,8964,2,car new bike price sale cars,0.406,0.484,15,don just like know think good,rec.autos,misc.forsale,rec.motorcycles,did account seriously doubt taurus rack extra repair costs years
1327,6666,5,drive card scsi disk dos windows,0.406,0.547,2,car new bike price sale cars,misc.forsale,comp.sys.ibm.pc.hardware,misc.forsale,sale orchid color card meg new best offer post friend
1328,8194,15,don just like know think good,0.406,0.467,5,drive card scsi disk dos windows,comp.sys.ibm.pc.hardware,rec.motorcycles,comp.sys.ibm.pc.hardware,bought little years ago satisfied computer went grad school son replaced ram diamond viper level cache tower upgrades delete monitor got monitor employee purchase great fast quiet built single bringing tech support years ago called configuration question called hours later right answer think slight 
1329,117,15,don just like know think good,0.406,0.555,14,gun law guns government people state,talk.politics.guns,rec.motorcycles,talk.politics.guns,wrong guns protection mindset ignores threat affected makes nervous gets decide threat based appearance feel threatened actions determine presents threat don carry gun people cause tend fade encounters domestic dogs ain scared folks aggressive staying saw sitting cleaning gun backed away miles freel
1330,2469,15,don just like know think good,0.406,0.538,9,edu com mail information send list,talk.religion.misc,rec.motorcycles,comp.sys.mac.hardware,sorry san jose based order called don remember time stand words latin order rose cross sigh long term memory headquarters san jose pretty decent bookstore interested books son loves run egyptian museum cheers kent
1331,8192,6,window server motif widget use application,0.406,0.548,11,image software available ftp files graphics,comp.windows.x,comp.windows.x,comp.graphics,recently got ncd terminal evaluate running serial line wanted measurement response time wrote small xlib program simply creates window maps sends expose event program times delay sending event receiving thought simplest way test client server round trip delays similar concept program valid test perf
1332,359,8,president government people said program money,0.406,0.516,15,don just like know think good,sci.crypt,talk.politics.misc,rec.motorcycles,quick people blame administration current things couldn possibly initiated chip years develop claiming clinton administration bullshit bush administration career responsible horror presented new doesn excuse clinton gore criticism stupid let lay body proper door start
1333,7227,9,edu com mail information send list,0.406,0.539,2,car new bike price sale cars,misc.forsale,comp.sys.mac.hardware,misc.forsale,books sale books want send message shipping mail post book rate payment advance cod accepted books good excellent condition unless noted quantity list updated continually latest list requested mail list previous lists responsible new listing claimed paid david ann arbor michigan david ann arbor list
1334,8289,2,car new bike price sale cars,0.406,0.622,15,don just like know think good,comp.os.ms-windows.misc,misc.forsale,rec.motorcycles,yes change shape snow briefly functionality just attention diamond professional rob
1335,9621,19,file entry output program section char,0.406,0.532,11,image software available ftp files graphics,sci.electronics,rec.sport.baseball,comp.graphics,produced pads logic import pads pcb create pcb pattern way gotten work output import pads pcb way doing didn information instructions provided missed suggestions greatly appreciated thanks
1336,2681,15,don just like know think good,0.406,0.471,17,power use water ground wire used,sci.electronics,rec.motorcycles,sci.electronics,seen surplus stores bulb special glass seen versions screw ordinary socket probably want far know near opposed far near visible spectrum safer far accidental hope exposure eyes far reason friend lamp respond short long hope helps dave
1337,8619,0,israel turkish armenian jews war israeli,0.406,0.583,15,don just like know think good,talk.politics.mideast,talk.politics.mideast,rec.motorcycles,quickly followed standard method claiming non status combat innocent civilians like ones set traps engaged shoot outs soldiers attack grenades axes rest world getting used arab tactics claiming innocence guilty murderers long good
1338,4256,1,space nasa launch earth satellite shuttle,0.406,0.565,9,edu com mail information send list,sci.electronics,sci.space,comp.sys.mac.hardware,course called global positioning satellites gives dimensional coordinates earth use differential receiver transmitter coordinates basic receivers resolution meters good day available sources sol edu edu electrical engineer utah state university wonderful thing places
1339,4273,2,car new bike price sale cars,0.405,0.565,5,drive card scsi disk dos windows,comp.os.ms-windows.misc,misc.forsale,comp.sys.ibm.pc.hardware,impressive performance result esp paint performance judging tests hardly imagine cheat driver
1340,186,2,car new bike price sale cars,0.405,0.568,15,don just like know think good,rec.autos,misc.forsale,rec.motorcycles,problem luckily fixed warranty think replaced tail light check dealer known problem
1341,5539,16,people god does believe evidence say,0.405,0.449,0,israel turkish armenian jews war israeli,talk.politics.mideast,alt.atheism,talk.politics.mideast,syria bombing israeli settlements sending terrorist israel years need provide specifics don hasan really starting tired lies defend position ideology documented facts arguments crap regularly post example like don agree uses logic documentation argue position insist constantly lies piss people won p
1342,4219,11,image software available ftp files graphics,0.405,0.549,5,drive card scsi disk dos windows,comp.os.ms-windows.misc,comp.graphics,comp.sys.ibm.pc.hardware,vga card correct files just copy expect work create new win com file try command worry directories file don know setup copy win rle win com grabbed great book logo windows startup screen rle file just specially compressed bmp file hope helps
1343,899,2,car new bike price sale cars,0.405,0.490,15,don just like know think good,rec.motorcycles,misc.forsale,rec.motorcycles,large flat gas tank imagine work personally quite happy eclipse standard tank bag
1344,2495,15,don just like know think good,0.405,0.492,2,car new bike price sale cars,rec.motorcycles,rec.motorcycles,misc.forsale,magazine usually says bad motorcycle max certainly motor things short short loves straight lines aimed nicely stable corners forced head tire generally making known preference straight pavement doesn like fork isn bad soft hard braking shocks work short travel shaft drive firm point
1345,3764,11,image software available ftp files graphics,0.405,0.495,5,drive card scsi disk dos windows,sci.electronics,comp.graphics,comp.sys.ibm.pc.hardware,pads zip files contain floppies creates disks needed install sure supposed work zip files took tight squeeze floppies managed install pads pretty impressed created couple problem try create pcb layout circuits demos doesn work wondering maybe file isn printed manual comment registration fee worth pa
1346,9968,7,time use used number point different,0.404,0.544,17,power use water ground wire used,sci.electronics,rec.autos,sci.electronics,thing consider time division channels reduce number carriers generate inputs probably sufficient studies channel sampling rate level analog easy accomplish combining lot carriers pretty tricky generating carried runner fairly harsh environment probably difficult balanced commercial hand held probabl
1347,7267,9,edu com mail information send list,0.404,0.597,8,president government people said program money,talk.politics.guns,comp.sys.mac.hardware,talk.politics.misc,liberals supporters clinton say costs action necessary steve phone nasa lewis research center cleveland ohio email lerc nasa gov
1348,8851,15,don just like know think good,0.404,0.427,13,team game year games play season,rec.sport.baseball,rec.motorcycles,rec.sport.hockey,term generally used refer pitcher counted pitch strong game team going losing streak braves plenty pitchers fit description right expect braves lack offensive somebody look bring hitting slump just braves got rid best pure hitter smith terry current roster shown ability hit thing worries ron slowed 
1349,5690,15,don just like know think good,0.404,0.469,14,gun law guns government people state,talk.politics.guns,rec.motorcycles,talk.politics.guns,nra fault consider considering contributing nra candidate complete asshole saving grace unnecessary restrictions firearms wouldn want membership dues funding efforts elected problems nra organization individual members met honest brave especially boss probably reads newsgroup definitely pro hunting 
1350,5749,6,window server motif widget use application,0.404,0.507,15,don just like know think good,comp.os.ms-windows.misc,comp.windows.x,rec.motorcycles,hello having problems printing spanish characters using true type characters used insert symbol document doc big square character prints just thinking just way worked tell printed spanish characters know built recall seeing option help robert aliases include sir university math computer science doub
1351,6952,15,don just like know think good,0.404,0.489,13,team game year games play season,rec.sport.hockey,rec.motorcycles,rec.sport.hockey,brings question asked answer nhl expand europe north americans playing nhl willing play team europe think majority hockey players necessarily interested expanding cultural experience level know pro hockey player players remarks years makes wonder european expansion achieved remember lindros did want
1352,9857,15,don just like know think good,0.404,0.455,14,gun law guns government people state,talk.politics.guns,rec.motorcycles,talk.politics.guns,risk starting gun better flame war disagree secret handling glock fact chosen merits like revolver does basically limit training time read budget fact external trigger training time required smith types chosen fact external hammer drop mag drop properly used saved lives bad gun officer tried shoot s
1353,3855,7,time use used number point different,0.404,0.481,11,image software available ftp files graphics,comp.graphics,rec.autos,comp.graphics,modern postscript point polygon problem solved easily wit title point polygon creator allen purdue edu comp graphics regulars humor sense thereof program test point inside given polygon currently uses odd rule changed replacing level operators got level luck result printed output stream caution accu
1354,975,14,gun law guns government people state,0.403,0.515,15,don just like know think good,talk.politics.guns,talk.politics.guns,rec.motorcycles,insight sort thing works local college newspaper big police release crime stats school claimed violate federal education records privacy laws weren interested student discipline records stats people make evaluation safe campus barely week crime stats released daily beacon editorial calling student s
1355,6668,12,key encryption chip clipper keys privacy,0.403,0.520,15,don just like know think good,sci.crypt,sci.crypt,rec.motorcycles,probably want start tracking customer lists people purchasing soundblaster similar boards configured use code modem act pretty decent digital encrypting telephone expensive kind don know drug lords sure favor secure long user interface nice got prince wales saying stupid things cordless phones hard 
1356,6918,16,people god does believe evidence say,0.403,0.555,7,time use used number point different,sci.med,alt.atheism,rec.autos,just structure ring dream tail principle bath case connection prior theories concepts intuitive leap current way thinking develop ideas subsequently proved power stood test experimental verification pardon
1357,1174,10,said people went didn came told,0.403,0.577,18,god jesus church bible christ christian,talk.religion.misc,talk.religion.misc,soc.religion.christian,went meet said unto hear lord seek
1358,4883,7,time use used number point different,0.403,0.516,15,don just like know think good,sci.crypt,rec.autos,rec.motorcycles,expected run time factor using best known algorithm finding path solution cube randomly chosen position read faq followed recent discussion cube don believe question answered notice specifically looking algorithm finds path just solution underlying assumption program need brute force search position
1359,3339,1,space nasa launch earth satellite shuttle,0.403,0.481,15,don just like know think good,sci.space,sci.space,rec.motorcycles,issue burning nuclear using particle wonder gives different articles pat just corrections power reasonable look opposed research project reactor approach cleaning nuclear waste simply doubt work real world ought clear fairly quickly research program sort like happened khz power proved expensive over
1360,4348,4,health medical disease use patients food,0.403,0.505,15,don just like know think good,sci.med,sci.med,rec.motorcycles,friend really registered work hospitals major cities private practice speak refer patients disease help friend physician make medical insurance pay services just like services physical better medical insurance plans cover friend plan doesn worth cost good diet control help heal disease inflammatory 
1361,3070,15,don just like know think good,0.403,0.631,13,team game year games play season,rec.sport.hockey,rec.motorcycles,rec.sport.hockey,actually steve think refering leafs expected hit
1362,3036,5,drive card scsi disk dos windows,0.403,0.502,11,image software available ftp files graphics,comp.sys.mac.hardware,comp.sys.ibm.pc.hardware,comp.graphics,results test posted newsgroup test following command just curious fast plot command executed various macintosh machines personal computers workstations results posted machine math trials time min ram dec ultrix dec risc iisi cache ram math ram cache math sparc station ram sgi iris risc processor ver
1363,1125,11,image software available ftp files graphics,0.403,0.559,7,time use used number point different,comp.graphics,comp.graphics,rec.autos,wrong major improvements use routines studio increased speed depending ones use
1364,5081,2,car new bike price sale cars,0.402,0.564,11,image software available ftp files graphics,misc.forsale,misc.forsale,comp.graphics,like sell logitech hand held gray scale scanner originally bought practical use hardly used package includes board scan software image editing software original manuals box originally bought jan selling
1365,143,7,time use used number point different,0.402,0.610,2,car new bike price sale cars,rec.autos,rec.autos,misc.forsale,addition restricted mileage classic insurance carriers require vehicle use
1366,8178,11,image software available ftp files graphics,0.402,0.501,5,drive card scsi disk dos windows,sci.electronics,comp.graphics,comp.sys.ibm.pc.hardware,need specs various data formats intel hex motorola provide info pointer want intel hex
1367,4953,7,time use used number point different,0.402,0.567,0,israel turkish armenian jews war israeli,talk.politics.mideast,rec.autos,talk.politics.mideast,brought separate question israel policies practices unclear reaction practices reflected article
1368,3733,16,people god does believe evidence say,0.402,0.451,18,god jesus church bible christ christian,alt.atheism,alt.atheism,soc.religion.christian,premise conclusion properly translated identity statements statements identity instead translated using letter using god jesus letter property eternal premise conclusion second premise appears contain identity case properly remark jesus subset god suggests strict identity desired premise means membe
1369,3263,17,power use water ground wire used,0.402,0.503,2,car new bike price sale cars,sci.electronics,sci.electronics,misc.forsale,recently posted sale sold available used good condition dual channel portable analog div offset alternate non mode trigger sync separation circuit list price price electronics just quoted sells current price products international price used obo haven gotten offer asking price obo applies broken ver
1370,137,8,president government people said program money,0.402,0.604,15,don just like know think good,sci.space,talk.politics.misc,rec.motorcycles,cost private venture assuming talk government couple pads florida
1371,3762,15,don just like know think good,0.402,0.542,18,god jesus church bible christ christian,sci.space,rec.motorcycles,soc.religion.christian,hmmmm greek latin usually used greek form body jupiter expect like
1372,2870,15,don just like know think good,0.402,0.537,5,drive card scsi disk dos windows,comp.sys.mac.hardware,rec.motorcycles,comp.sys.ibm.pc.hardware,title says particularly interested performance difference just faster centris lciii tom
1373,1541,15,don just like know think good,0.402,0.545,11,image software available ftp files graphics,comp.os.ms-windows.misc,rec.motorcycles,comp.graphics,anybody gotten bmp work try uudecode input file error picture anybody
1374,1313,9,edu com mail information send list,0.402,0.487,17,power use water ground wire used,sci.electronics,comp.sys.mac.hardware,sci.electronics,works pretty noisy power transformer kind likewise anybody tried like hear suspect effective power transformers material wouldn suspect critical frequencies involved words want prevention real difficult khz dave medin phone ssd networking intergraph corp internet dtmedin catbyte ingr com huntsville 
1375,1955,15,don just like know think good,0.402,0.466,12,key encryption chip clipper keys privacy,sci.crypt,rec.motorcycles,sci.crypt,doesn worry going cheat caught key size things verified externally feed lots random key input pairs chip try random key bits happens output know happen half output bits vary average bit key change input change build weak cryptosystem case bits powerful sense enter encryption late game contrast des d
1376,5485,0,israel turkish armenian jews war israeli,0.401,0.448,15,don just like know think good,talk.politics.mideast,talk.politics.mideast,rec.motorcycles,washington secretary state warren christopher said tuesday better ideas stop human slaughter ordering american fighters bomb serbs senator told just damn thing joseph del told christopher hearing senate foreign relations committee capability right bosnia administration republican characterized respo
1377,8461,11,image software available ftp files graphics,0.401,0.495,15,don just like know think good,sci.electronics,comp.graphics,rec.motorcycles,sure right place post goes just current printers offers resolution lot lower end laser printers offer laser printers significantly missing resolution thing
1378,5802,7,time use used number point different,0.401,0.610,2,car new bike price sale cars,sci.electronics,rec.autos,misc.forsale,hello looking carbon rubber highly material changes electrical property email info material names companies make stuff highly
1379,5091,15,don just like know think good,0.401,0.517,2,car new bike price sale cars,rec.autos,rec.motorcycles,misc.forsale,somebody dropped ford miata somewhat cobra car obviously supposed near weight distribution handle sure love drive
1380,3574,15,don just like know think good,0.401,0.536,5,drive card scsi disk dos windows,comp.sys.mac.hardware,rec.motorcycles,comp.sys.ibm.pc.hardware,stuff deleted stuff deleted calculate figure assume personal computers board designers use bank switching access speed missing
1381,9705,15,don just like know think good,0.401,0.485,2,car new bike price sale cars,rec.autos,rec.motorcycles,misc.forsale,yes saw turbo wagon monday thought stopped selling exactly type vehicle like bet price times car budget
1382,6466,15,don just like know think good,0.401,0.620,2,car new bike price sale cars,rec.autos,rec.motorcycles,misc.forsale,ask listing don know actually buy copy use theirs california listing license plates run volumes hope asking ken
1383,4446,15,don just like know think good,0.401,0.570,11,image software available ftp files graphics,comp.os.ms-windows.misc,rec.motorcycles,comp.graphics,thread said windows multi user multi certainly haven seen case seperate accounts person seperate directories desired don use scott
1384,6589,15,don just like know think good,0.401,0.449,2,car new bike price sale cars,rec.motorcycles,rec.motorcycles,misc.forsale,just got thinking don manufacturers make bikes add lot expense complexity make reliable bike extreme example turbo cost mike
1385,10047,13,team game year games play season,0.401,0.490,15,don just like know think good,rec.sport.hockey,rec.sport.hockey,rec.motorcycles,think owners hockey miami lot people northeast spend florida year coverage come money broadcast rights expensive just dale
1386,4230,10,said people went didn came told,0.401,0.463,15,don just like know think good,rec.motorcycles,talk.religion.misc,rec.motorcycles,damn right late meet morning got bed right foot asleep reminded underneath lucky brake right got funny looks riding london leg held
1387,8984,14,gun law guns government people state,0.401,0.560,0,israel turkish armenian jews war israeli,talk.politics.mideast,talk.politics.guns,talk.politics.mideast,issue trial closed doors arrest trial imprisonment complete secrecy attempted case failed happened reason believe goes read february possibly publication ban state israel officially admitted years prisons israeli citizens long prison terms fact arrest crimes accused public involved matter refused re
1388,5450,11,image software available ftp files graphics,0.401,0.487,15,don just like know think good,comp.windows.x,comp.graphics,rec.motorcycles,news server speed nature limited functionality add news workstation heard involving perl script trying replace programs need news like programs don like maybe elaborate perl workaround personal experience
1389,9387,6,window server motif widget use application,0.401,0.545,5,drive card scsi disk dos windows,comp.graphics,comp.windows.x,comp.sys.ibm.pc.hardware,probably need server running dos use dos server
1390,10020,15,don just like know think good,0.401,0.492,8,president government people said program money,talk.politics.mideast,rec.motorcycles,talk.politics.misc,investment form huge tax breaks employer difference company problem industries interested political profit true leads obvious question investment expense obviously answer
1391,8370,18,god jesus church bible christ christian,0.401,0.660,15,don just like know think good,talk.religion.misc,soc.religion.christian,rec.motorcycles,informed wife board thou used vain ridicule maybe responsibility actions
1392,5789,7,time use used number point different,0.401,0.517,15,don just like know think good,comp.graphics,rec.autos,rec.motorcycles,depends kind polygons convex simple trouble loop inside big trouble cause use box test avoid checking edges according experience simple way headache stuff deal special cases example lines
1393,1439,14,gun law guns government people state,0.401,0.503,16,people god does believe evidence say,soc.religion.christian,talk.politics.guns,alt.atheism,understanding supreme court given legal definition religion despite cases involving religion come court verify state government tried legal definition religion
1394,5514,18,god jesus church bible christ christian,0.401,0.641,0,israel turkish armenian jews war israeli,talk.politics.mideast,soc.religion.christian,talk.politics.mideast,far saying definitely jewish fundamentalists ultra orthodox jewish groups making broad generalization
1395,7900,15,don just like know think good,0.401,0.523,5,drive card scsi disk dos windows,comp.os.ms-windows.misc,rec.motorcycles,comp.sys.ibm.pc.hardware,text deleted heard people expensive cards systems card plus ordered got including took awhile figure working did results using windows used errors started program high speed anymore text deleted
1396,6972,15,don just like know think good,0.401,0.597,7,time use used number point different,alt.atheism,rec.motorcycles,rec.autos,far know tigers pushed pool attacked inclined blame person doing pushing usually aggressive developed brains capacity abstract thought matter fact tigers rarely attack humans unless human course cage far small count
1397,9169,8,president government people said program money,0.401,0.435,15,don just like know think good,sci.crypt,talk.politics.misc,rec.motorcycles,lot trust japanese trust nsa president stupid fortune companies proud japanese corps aren government trusted people getting tired say question pay taxes attitude comes america political party
1398,4470,15,don just like know think good,0.401,0.461,9,edu com mail information send list,sci.space,rec.motorcycles,comp.sys.mac.hardware,lines response article org allen wrote lines response article edu dennis wrote lines response allen hey guys email talk politics space alt flame alt music pop eat patrol sci space thread lost scientific content ago
1399,7594,15,don just like know think good,0.401,0.557,11,image software available ftp files graphics,comp.os.ms-windows.misc,rec.motorcycles,comp.graphics,hey sorry post dos question windows group kinda hurry dos groups names know exit codes dos commands manual doesn particularly looking copy order make batch file file wasn properly won deleted mail seas edu thanks mickey
1400,8285,7,time use used number point different,0.401,0.569,15,don just like know think good,soc.religion.christian,rec.autos,rec.motorcycles,com peter white relates story person gives message consists entirely words asked refrain doing nice story sets urban legend legend alarms net identify language description language exists odd standards european languages exists reasonably known extreme case just basic dog story
1401,9576,18,god jesus church bible christ christian,0.401,0.523,15,don just like know think good,alt.atheism,soc.religion.christian,rec.motorcycles,wow quicker point heresy church middle ages seriously don claim accusations come saudi arabia matter read original works teacher sixth
1402,967,17,power use water ground wire used,0.401,0.511,2,car new bike price sale cars,rec.autos,sci.electronics,misc.forsale,bad choke pull cause car fast idle pull vacuum provides necessary pull non cold weather conditions idle fast idle cam locate fast idle cam vehicle rotate produce normal idle locate test apply good piece rubber vacuum mouth cause retract bad replaced
1403,6777,14,gun law guns government people state,0.401,0.499,15,don just like know think good,talk.politics.guns,talk.politics.guns,rec.motorcycles,likely proof majority house senate unfortunately different story gov voted power addition senate smaller readily body ther hand semi automatic ban likely live cent house currently far order senate believe addressed ccw thought political science class waste time
1404,764,15,don just like know think good,0.400,0.497,5,drive card scsi disk dos windows,comp.sys.ibm.pc.hardware,rec.motorcycles,comp.sys.ibm.pc.hardware,trying install hard disk vintage ancient compaq use education problem compaq didn come manual haven able figure start setup program began using pcs invented couple basic questions did class computers setup programs did access anybody good advice proceed look let know mail best watching newsgroup pos
1405,7546,15,don just like know think good,0.400,0.450,16,people god does believe evidence say,sci.crypt,rec.motorcycles,alt.atheism,text deleted value judgement implied says government interested monitoring public does scare pgp ripem widespread resist imho correctly identified logical step academic discussion regard real consideration rhetoric clinton administration harmony tension tells know difficult sell proposition phrase h
1406,3817,15,don just like know think good,0.400,0.514,5,drive card scsi disk dos windows,sci.electronics,rec.motorcycles,comp.sys.ibm.pc.hardware,bandwidth restriction apparently apply local lines used average domestic client private lines run local exchange client usually capable higher bandwidth exchange digital don quote think remember engineer saying effect doing work years ago chris chris smith ole guitar csc uni university quest build h
1407,7402,17,power use water ground wire used,0.400,0.476,15,don just like know think good,sci.electronics,sci.electronics,rec.motorcycles,called cool hot boxes years recall advertising recent catalog problem units job keeping food cold warm devices used just don punch want hot need heat box end hours later food thats warm goes cold items probably better getting good coleman blue ice blocks punch things cold hot mike senior tech est la
1408,5407,18,god jesus church bible christ christian,0.400,0.567,16,people god does believe evidence say,soc.religion.christian,soc.religion.christian,alt.atheism,proper term mike heresy condemned council grew reaction held son jesus different people happened united body temporarily held egypt syria armenian orthodox believes jesus christ god correct man correct person correct nature energy heretical orthodox position divine human perfect harmony mike trying 
1409,6933,13,team game year games play season,0.400,0.453,15,don just like know think good,rec.sport.baseball,rec.sport.hockey,rec.motorcycles,months threads rbis related topics gotten thinking predict player rbis using information overall performance number runners scoring position bats model james calculated predicted rbis rbi total bases home runs completely ignores context context unknown thought idea starting point look good fit data 
1410,8435,6,window server motif widget use application,0.400,0.468,11,image software available ftp files graphics,comp.os.ms-windows.misc,comp.windows.x,comp.graphics,just installed new truetype font windows applications display font correctly screen quite fail print document correctly laserjet non postscript printer use font document prints correctly assume knows font downloaded printer use windows write printer prints square boxes place characters new font writ
1411,756,0,israel turkish armenian jews war israeli,0.400,0.569,16,people god does believe evidence say,talk.politics.mideast,talk.politics.mideast,alt.atheism,interesting question did brad ali make style islam attractive did new religion brad ali formally adopted
1412,4875,0,israel turkish armenian jews war israeli,0.400,0.556,9,edu com mail information send list,talk.politics.mideast,talk.politics.mideast,comp.sys.mac.hardware,josh hurry month blood muslim blood hasn declared email voice germany fax
1413,604,0,israel turkish armenian jews war israeli,0.400,0.588,15,don just like know think good,talk.politics.mideast,talk.politics.mideast,rec.motorcycles,davidian turkish government usenet long going repeating utterly idiotic increasingly
1414,4314,1,space nasa launch earth satellite shuttle,0.400,0.512,15,don just like know think good,sci.space,sci.space,rec.motorcycles,mark old pioneer song goes follows daughter chorus lost gone forever explained confirmed reliable data source acronym like combined lunar experiment extended non intercept near earth personally think acronym fit really acronym wales space technology investor
1415,4879,12,key encryption chip clipper keys privacy,0.400,0.441,9,edu com mail information send list,sci.crypt,sci.crypt,comp.sys.mac.hardware,does dorothy denning read group group forwarding questions like martin hellman seen details chip course does just nsa keeping head mail directly denning georgetown edu denning georgetown edu denning georgetown edu
1416,3168,16,people god does believe evidence say,0.399,0.494,18,god jesus church bible christ christian,talk.religion.misc,alt.atheism,soc.religion.christian,utexas edu utexas edu russell regard love benign christian does merely expressing approval consequences says politics cultural religion love highly ambiguous word christians write words paul uses corinthians passage conservatives quote words love unfamiliar shirt flame case attempting raise note evi
1417,8606,11,image software available ftp files graphics,0.398,0.508,15,don just like know think good,comp.os.ms-windows.misc,comp.graphics,rec.motorcycles,hello fellow netters asking collected wisdom help decide printer purchase canon deskjet thought trust benefit relying use printers daily use potential figure know benefits better greatly appreciate information render dpi canon hewlett packard deskjet dpi faster noticeable print quality difference pa
1418,7411,7,time use used number point different,0.398,0.576,12,key encryption chip clipper keys privacy,sci.crypt,rec.autos,sci.crypt,unix tool cryptographic significance available anonymous ftp fast approximate pattern matching tool source code project available arizona edu directory fast fuzzy search tool tremendous number powerful search options obviously applicable cryptography key selection able specify similarity matches dat
1419,4005,9,edu com mail information send list,0.398,0.499,16,people god does believe evidence say,alt.atheism,comp.sys.mac.hardware,alt.atheism,exodus eng sun com sun eng sun com eric huh explain problem based morality wrong gosh heck lot stuff believe wrong comes sources wrong base belief atheism knowledge reasoning couldn wrong mac michael cobb won raise taxes middle university illinois class pay programs champaign urbana clinton debate c
1420,1817,13,team game year games play season,0.398,0.457,15,don just like know think good,rec.sport.hockey,rec.sport.hockey,rec.motorcycles,time heard piece news post game radio interview game team town lost son famous soviet coach said long time sharks assistant coach post wants head coach goes definitely won coaching anymore seasons don know good coach believe good team produced players national team wasn skilled team imho fighting sp
1421,9966,2,car new bike price sale cars,0.398,0.442,15,don just like know think good,rec.autos,misc.forsale,rec.motorcycles,point say cars couldn fast shouldn fast family sedan designed doesn suddenly added plastic aero effects slightly wider tires larger engine sho slightly modified family sedan powerful engine didn bother improving brakes mustang essentially deal sho big power plant stuck mid size sedan modifications r
1422,5111,15,don just like know think good,0.397,0.479,11,image software available ftp files graphics,comp.graphics,rec.motorcycles,comp.graphics,okay friends map draw displayed checked true version readers little trouble preview eps does fine tiff flying colors doesn convert worth way convert reasonable like gif access systems good reliable conversion programs helpful email post responses wants email yes used god choke steve jobs right yes k
1423,4891,15,don just like know think good,0.397,0.415,17,power use water ground wire used,sci.electronics,rec.motorcycles,sci.electronics,wondering able help related subjects currently learning receivers circuits understand lot things things confused mixer mix local oscillator frequencies make does diagrams simple possible kind mixer come mixer chip able active note simple receiver circuits away let really good books theory detailed e
1424,9209,2,car new bike price sale cars,0.397,0.506,15,don just like know think good,rec.autos,misc.forsale,rec.motorcycles,don know live couldn driveway night reverse lights said country notice neat little things like stars difference day night night house forest tall dark nights reverse lights path backing greatly prefer cars cars operational reverse lights james
1425,5896,13,team game year games play season,0.397,0.612,15,don just like know think good,rec.sport.baseball,rec.sport.hockey,rec.motorcycles,fans interested chicago written today regards sandberg sandberg ahead schedule recovery broken left hand lineup manager jim lefebvre said friday doctors cleared sandberg swing padded bat ball hand surprised moved said lefebvre fast doesn like disabled list running hurt march best shape life target d
1426,8244,9,edu com mail information send list,0.397,0.594,15,don just like know think good,rec.autos,comp.sys.mac.hardware,rec.motorcycles,san francisco recently examples humanity oil road vehicles going walk right vehicles make demands known mark barnes engineer insert standard disclaimers corporate technical speak individual park usa company work corp sun com
1427,2838,15,don just like know think good,0.397,0.488,7,time use used number point different,comp.graphics,rec.motorcycles,rec.autos,past week playing reaction confused techniques siggraph wondering material available explain control mechanism little like matter picking random magic numbers sitting waiting papers turk organized extremely helpful guess need basic description technique especially wrt control mechanisms tests did te
1428,896,16,people god does believe evidence say,0.396,0.459,14,gun law guns government people state,talk.politics.guns,alt.atheism,talk.politics.guns,followups talk politics guns russell lawrence karl support right citizen criminal history use firearms regardless race gender religion thanks admitting dogma folks guns want russell dogma wrong
1429,3428,15,don just like know think good,0.396,0.505,2,car new bike price sale cars,rec.motorcycles,rec.motorcycles,misc.forsale,able help giving contact purchase pair military air borne combat boots size boots read rec moto height boots use carry item admit gone nyc search calls bigger army navy type stores luck know place does carry item does mail order help appreciated
1430,10019,2,car new bike price sale cars,0.396,0.509,15,don just like know think good,rec.autos,misc.forsale,rec.motorcycles,cars drain seen heard opening imagine lower risk oil plug crawl car open car usually real traditional methods things don dirty like car sand sugar gas tank
1431,44,9,edu com mail information send list,0.396,0.591,15,don just like know think good,sci.space,comp.sys.mac.hardware,rec.motorcycles,pat sez yeah cut ended completely course environment space continues suck tommy mac tom radius vision increases ibm msu edu circumference mystery grows
1432,5497,10,said people went didn came told,0.395,0.565,15,don just like know think good,talk.politics.guns,talk.religion.misc,rec.motorcycles,seeing people willing quote fbi quoting just yesterday trusted hmm fbi think quote quoting actually voice interview british survivors claimed started tanks caused internal wall roof collapse knocking lamps suicide plan maybe true partly true false
1433,8849,19,file entry output program section char,0.395,0.453,5,drive card scsi disk dos windows,comp.graphics,rec.sport.baseball,comp.sys.ibm.pc.hardware,don use cview anymore saw bug thread goes fault cview dos leave file open floppy drive change disk updates file good chance getting directory fat disk written new disk true destroyed data programs just cview thing cview improve situation try leave files open unless actively using reading decoding
1434,8727,10,said people went didn came told,0.395,0.461,7,time use used number point different,rec.autos,talk.religion.misc,rec.autos,biology clothing design women clothing generally designed non functional possible years buy women pants pockets deep carry previously deep pockets virtually unknown women clothing generally better pockets fancy pretty hand driver license husband dressed don women consistently bought functional cloth
1435,79,7,time use used number point different,0.395,0.450,6,window server motif widget use application,comp.os.ms-windows.misc,rec.autos,comp.windows.x,think wrong problem don think function sort thing time big problems encountered fact couple invalid assumptions gotten app run reason makes bad assumptions order static global objects objects getting accessed problem owner draw menu code comment section pieces work fine major using uses hard coded n
1436,3549,15,don just like know think good,0.395,0.483,18,god jesus church bible christ christian,alt.atheism,rec.motorcycles,soc.religion.christian,want start right say christian makes sense read tony book liar lunatic real thing little title writes book effort destroy christianity process christian sounds like saying conspiracy just organization did belong does book says jesus liar crazy modern day koresh actually said logic alert artificial p
1437,6272,17,power use water ground wire used,0.395,0.527,14,gun law guns government people state,talk.politics.guns,sci.electronics,talk.politics.guns,fbi released large amounts tear gas compound waco tear gas fine power grain dust suspended air form explosive mixture suspended air form explosive mix large quantities rapid spread compound note followups talk politics guns
1438,5932,15,don just like know think good,0.395,0.586,5,drive card scsi disk dos windows,comp.sys.ibm.pc.hardware,rec.motorcycles,comp.sys.ibm.pc.hardware,using read joystick slow like cpu time spent reading joystick program does printf problem lot programs trap like smartdrv slow hell interface read joystick port reasonably safe fashion isn platform specific thanks
1439,3623,15,don just like know think good,0.395,0.474,9,edu com mail information send list,comp.os.ms-windows.misc,rec.motorcycles,comp.sys.mac.hardware,utah state university cooperative extension using wanted talk internet mail package got gateway need tcp transport package utterly stupid require gateway work need dedicated gateway looking remote access need dedicated remote mail stuff remote mail going indicate want don know mail gateway vax campu
1440,2847,7,time use used number point different,0.395,0.477,4,health medical disease use patients food,talk.politics.misc,rec.autos,sci.med,defensive medicine main factors explaining health care costs aren gary correct noting related problems greater canada means account overall difference health care costs account somewhat larger portion difference physicians gross income countries facts insurance awards account total health care costs
1441,5068,9,edu com mail information send list,0.395,0.572,15,don just like know think good,rec.sport.hockey,comp.sys.mac.hardware,rec.motorcycles,heard incorrectly lemieux jersey took turns doing captain duties scott scott marks unc edu scott marks unc edu
1442,2349,2,car new bike price sale cars,0.394,0.533,15,don just like know think good,rec.autos,misc.forsale,rec.motorcycles,article mot com mot com mark couple months ago went dealership test drive car sat discuss prices explained wanted car just like drove different color said exactly like wanted dealer network day negotiated price signed deal day explains neglected account price increase price increase occurred months 
1443,8574,15,don just like know think good,0.394,0.561,9,edu com mail information send list,sci.space,rec.motorcycles,comp.sys.mac.hardware,folks exactly certain best place ask searching summer engineering early aerospace engineering pursuing masters fall does know available process larger companies martin lockheed knows appreciate mail thanks advance
1444,5344,15,don just like know think good,0.394,0.549,4,health medical disease use patients food,sci.med,rec.motorcycles,sci.med,recently attended seminar discussed afterward basis asked speaker work oral work replied saw article allergic reaction work case true want possible going want armed information helped relief months
1445,1536,7,time use used number point different,0.394,0.478,5,drive card scsi disk dos windows,sci.electronics,rec.autos,comp.sys.ibm.pc.hardware,yes gates important timing considerations ttl gate basic structure sum product just exactly gate delay reason minimal sum products matches hardware positive gate gate solution uses gate delays gate delay second term second solution simpler logic symbols expected optimal real world similar ttl suppor
1446,941,8,president government people said program money,0.394,0.520,15,don just like know think good,talk.politics.misc,talk.politics.misc,rec.motorcycles,kid want hold minimum wage job money dealing drugs kids hold minimum wage jobs inner city kids chance reason think inner city kids incapable doing legitimate work
1447,9951,8,president government people said program money,0.394,0.477,14,gun law guns government people state,talk.politics.misc,talk.politics.misc,talk.politics.guns,simple insurance duties make rules enforce laws make laws law covers specific subject say insurance companies create proper legislative body law enacted california insurance possible legislative bodies california state congress know little california state esp lines insurance reform legislation nega
1448,5160,14,gun law guns government people state,0.394,0.501,15,don just like know think good,alt.atheism,talk.politics.guns,rec.motorcycles,proposing public defence mechanism treating electronic device saying step propose permanent potential criminals surface sound like bad thing defines potential criminal government day decides member opposition party makes potential criminal openly government lethal practice free society saying electr
1449,7579,15,don just like know think good,0.394,0.600,16,people god does believe evidence say,talk.politics.misc,rec.motorcycles,alt.atheism,survey conducted government group don know did calling news shows morning comprehensive survey sexuality past years exact quote idea low percentage merely ton evidence theory
1450,2162,9,edu com mail information send list,0.394,0.606,15,don just like know think good,talk.politics.misc,comp.sys.mac.hardware,rec.motorcycles,come defending gore comparing dan say says pit alt fan dan paul internet paul com
1451,4098,17,power use water ground wire used,0.393,0.505,5,drive card scsi disk dos windows,comp.sys.mac.hardware,sci.electronics,comp.sys.ibm.pc.hardware,certain apple rgb monitors problem high voltage apple knows problem replacing cap cost falls bad batch got supplier local repair shop know repair extension
1452,6877,7,time use used number point different,0.393,0.463,15,don just like know think good,talk.politics.misc,rec.autos,rec.motorcycles,actually brett actually posted data previously declined remember rate growth deficit total deficit respect time decreased brett apparently thinking deficit declined spending earn deficit keeps growing lesser rate borrowed previously deficit increases decrease income exceeds spending use difference p
1453,448,11,image software available ftp files graphics,0.393,0.544,5,drive card scsi disk dos windows,comp.os.ms-windows.misc,comp.graphics,comp.sys.ibm.pc.hardware,latest drivers graphics accelerator card plus version lot problems believe latest version upload ftp site download thanks daniel toronto edu electrical engineering
1454,7696,11,image software available ftp files graphics,0.393,0.504,2,car new bike price sale cars,misc.forsale,comp.graphics,misc.forsale,following sale new items opened dimensional spreadsheet pull menus line help pages notes cell dynamic capability compatible lotus including shipping manual disks turbo pascal express ready run assembly language routines make turbo pascal faster powerful easier use disks manual including shipping iii
1455,9211,11,image software available ftp files graphics,0.393,0.572,9,edu com mail information send list,comp.graphics,comp.graphics,comp.sys.mac.hardware,color computer generated imagery roy hall contains source famous models including hall models want introduction shading look book writing edited book elements computer graphics rogers good reference source code book available net believe check nic funet site closer carrying graphics related stuff ho
1456,9057,5,drive card scsi disk dos windows,0.393,0.472,11,image software available ftp files graphics,comp.sys.ibm.pc.hardware,comp.sys.ibm.pc.hardware,comp.graphics,silly question frequently edit small files need make copies floppy diskettes size format computer equipped drive drive copying swapping files temporarily hard disk using standard msdos commands know works small selections files txt does maybe write file copy command idea does thanks help
1457,6008,7,time use used number point different,0.393,0.592,4,health medical disease use patients food,talk.politics.guns,rec.autos,sci.med,think gas gas exposure results loss essentially muscle control inability concentrate think fatal reactions significant fraction population reason use limited military applications
1458,3846,2,car new bike price sale cars,0.393,0.526,15,don just like know think good,rec.motorcycles,misc.forsale,rec.motorcycles,remember commercial cheap heavy import cage driver says wearing stuck fake smile really goes straight
1459,5479,15,don just like know think good,0.393,0.425,13,team game year games play season,rec.sport.baseball,rec.motorcycles,rec.sport.hockey,oops came file year thought enjoy thoughts predictions date indicated largely order june cornell edu know things turned orioles red sox yankees disappeared jays tigers continued essentially expected pace brewers indians second half rangers took shouldn surprised anybody predicted mariners dropped an
1460,2748,14,gun law guns government people state,0.393,0.535,15,don just like know think good,talk.politics.guns,talk.politics.guns,rec.motorcycles,predict outcome study went wrong federal assault waco result future assaults type conducted scale military operations explicit shoot kill dave netcom com
1461,6428,15,don just like know think good,0.392,0.511,13,team game year games play season,rec.sport.baseball,rec.motorcycles,rec.sport.hockey,strictly memory think phillies like games lost row lose cardinals impossible thats remember felt time johnny phillies lost mvp product jerry
1462,6125,15,don just like know think good,0.392,0.486,13,team game year games play season,rec.sport.baseball,rec.motorcycles,rec.sport.hockey,right forgot rbi base fraction runs come runs scored happened players base did good use phrase happened lots people tried figure players ability turn clutch rbi situations evidence ability extent clutch hitters people tend things cause rbi somebody base end getting rbis proportional obliged position
1463,7123,10,said people went didn came told,0.392,0.528,0,israel turkish armenian jews war israeli,talk.politics.mideast,talk.religion.misc,talk.politics.mideast,center policy research cpr subject israeli press nazi methods written apr cpr org mideast forum israeli press nazi methods israeli press newspaper date author subject nazi methods gaza title neighborhood hope excerpts long sadly worked entire life order built house left transmit face say teach child
1464,7271,15,don just like know think good,0.392,0.443,2,car new bike price sale cars,rec.autos,rec.motorcycles,misc.forsale,yes common problem leaks occur seal unfortunately ford probes does recall say drain holes know used drain waited months short cash wouldn fix paid electrical including balance motion sensor located near fuel trunk resulted passive retract ended paying sensor replaced tail lights replaced insisted pr
1465,4825,14,gun law guns government people state,0.392,0.458,15,don just like know think good,talk.politics.guns,talk.politics.guns,rec.motorcycles,does mean gang member gang areas residents gang members obvious trying hit target does confuse trying simulate post self defense shooting rest understand exclusion error lot gun games sounds like practical pistol maybe sounds like self defense practice things action hunting like post shooting andy
1466,2818,6,window server motif widget use application,0.392,0.445,5,drive card scsi disk dos windows,comp.sys.ibm.pc.hardware,comp.windows.x,comp.sys.ibm.pc.hardware,following note looks like works advertised disappointed speed using intel internal modem unix end currently limited unix com link comparison did cat file file ascii text took seconds scroll window modem link sec using identical hardware cat file takes seconds sec btw use ncd xview work day unix acce
1467,3678,0,israel turkish armenian jews war israeli,0.392,0.596,15,don just like know think good,talk.politics.mideast,talk.politics.mideast,rec.motorcycles,people shown proposal wanted point people think action intelligent productive supposedly helps proposal based likely adam adam shostack adam das harvard edu
1468,2457,1,space nasa launch earth satellite shuttle,0.391,0.511,7,time use used number point different,sci.space,sci.space,rec.autos,computation did long time ago length able convert information sunrise sunset times telephone department mathematics statistics mail university maryland baltimore county bitnet bitnet baltimore usa internet math edu definitions tilt axis planet away normal orbital plane case earth degrees think recal
1469,7306,7,time use used number point different,0.391,0.424,18,god jesus church bible christ christian,alt.atheism,rec.autos,soc.religion.christian,reading newspapers learn kind stuff best idea world newspaper reporters ignorant subject religion prone interests having real story bigger headline let point text various translations ancient greek translation text standard jewish text essentially does vary places obvious copied copy copy passages p
1470,8085,2,car new bike price sale cars,0.391,0.566,5,drive card scsi disk dos windows,misc.forsale,misc.forsale,comp.sys.ibm.pc.hardware,macintosh ram monochrome monitor sale asking reasonable best offer rejected contact mon
1471,6106,5,drive card scsi disk dos windows,0.391,0.505,15,don just like know think good,comp.sys.mac.hardware,comp.sys.ibm.pc.hardware,rec.motorcycles,used voice fax data modems question brand names recommend interested voice fax voice reliable understandable claim approximately hard drive space does average day speak minute feed appreciated company looking buying hey buy thanks advance don
1472,9594,17,power use water ground wire used,0.391,0.444,2,car new bike price sale cars,misc.forsale,sci.electronics,misc.forsale,band mono sale knows unit knows recording studio standard years pretty straightforward unit balanced ins outs power supply caps recently replaced added connectors easily removed prefer mounted outside case unit good shape clean asking ups shipping going generally make offer
1473,6400,9,edu com mail information send list,0.391,0.473,11,image software available ftp files graphics,sci.crypt,comp.sys.mac.hardware,comp.graphics,lot archives post reproduce time develop tcp standard crypto voice layer point point slip free standard crypto voice like pgp mail note date post appropriate huh mil thu jul mil joe campbell newsgroups comp compression research subject sound compression algorithms date jul gmt organization great cas
1474,1962,7,time use used number point different,0.391,0.548,15,don just like know think good,sci.space,rec.autos,rec.motorcycles,japanese learning curve far nuclear power goes means unlike germans great things japanese tie foreign companies major mitsubishi sharing agreement think chance new design lots chemical problems like eats steel slowly gets end desired property design difficulties does bitch chemical properties means 
1475,6451,11,image software available ftp files graphics,0.391,0.463,15,don just like know think good,comp.sys.mac.hardware,comp.graphics,rec.motorcycles,market laser printer used printers fine non apple printers fine printer fit following required features postscript dpi memory download fonts cheaper better prefer nice things pages minute scsi output font disk don care postscript level networking just color know freedom press heard slow tolerate ppm
1476,1826,11,image software available ftp files graphics,0.391,0.591,6,window server motif widget use application,comp.windows.x,comp.graphics,comp.windows.x,like track development ultrix openwindows currently use newsgroup comp windows like use email based info thanks
1477,6593,15,don just like know think good,0.391,0.524,9,edu com mail information send list,rec.sport.baseball,rec.motorcycles,comp.sys.mac.hardware,wondering types box scores day college able till weekend thankful mail twins box scores looking twins schedule
1478,4943,5,drive card scsi disk dos windows,0.391,0.623,9,edu com mail information send list,comp.os.ms-windows.misc,comp.sys.ibm.pc.hardware,comp.sys.mac.hardware,does windows use math processor talking specific apps want respond email
1479,2157,5,drive card scsi disk dos windows,0.391,0.564,11,image software available ftp files graphics,comp.graphics,comp.sys.ibm.pc.hardware,comp.graphics,wanted know recommend good book graphics animated vga svga thanks advance
1480,8353,1,space nasa launch earth satellite shuttle,0.391,0.469,7,time use used number point different,sci.space,sci.space,rec.autos,spite great respect people speak think cost estimates bit optimistic working ssto complex large smaller experience base ssto development cost typical development puts range true contest result larger market don think given risks involved ssto costs available launch market think allen
1481,2685,5,drive card scsi disk dos windows,0.391,0.514,2,car new bike price sale cars,misc.forsale,comp.sys.ibm.pc.hardware,misc.forsale,sale trade model lan new used original packing unit ports ethernet included power supply manuals hardware setup using twisted pair telephone wiring units trade looking hardware email jerry rose com phone week
1482,9413,16,people god does believe evidence say,0.390,0.526,15,don just like know think good,talk.religion.misc,alt.atheism,rec.motorcycles,addressed key issues long lines post dean posts yesterday title post new thread dean irony impaired second appeared thread post challenge revised talk abortion posting contents talk religion misc soon exit week second post really main bones contention tells things continues rack talk abortion talk r
1483,7585,15,don just like know think good,0.390,0.651,17,power use water ground wire used,rec.autos,rec.motorcycles,sci.electronics,just couple questions technique firing order use start pointer finger left hand right secondly cylinders suggestions
1484,1293,15,don just like know think good,0.390,0.577,13,team game year games play season,rec.sport.baseball,rec.motorcycles,rec.sport.hockey,chicago pitching form pitching today given way buck changes rotation just work confused stat page editor
1485,1725,8,president government people said program money,0.390,0.538,15,don just like know think good,sci.crypt,talk.politics.misc,rec.motorcycles,parts world european socialists known fascist capitalist head labels think carefully according eff announcement thing nsa developing turkey years manufacturing contract let months ago believes fact clinton white house announcement means bush republican supporter personal privacy fool
1486,6919,15,don just like know think good,0.390,0.575,9,edu com mail information send list,rec.sport.baseball,rec.motorcycles,comp.sys.mac.hardware,tickets giants wondering anybody familiar stadium tell section lower level located mail response thanks rich
1487,6376,15,don just like know think good,0.390,0.563,2,car new bike price sale cars,rec.motorcycles,rec.motorcycles,misc.forsale,riding tank design seat tends forward wouldn major danger stopped tank wouldn impact problem michael
1488,2650,15,don just like know think good,0.390,0.630,4,health medical disease use patients food,sci.med,rec.motorcycles,sci.med,looked came good sources read particular interested finding injection liver like pointer helpful newsgroup thanks
1489,5856,1,space nasa launch earth satellite shuttle,0.390,0.408,15,don just like know think good,sci.space,sci.space,rec.motorcycles,idea suggested discussions possible near term commercial space activities folks involved discussions spacecraft engineer named carter passed suggestion types mike apparently going ahead working space marketing sensors carried actually sounds unlikely don know launch vehicle expect commercial launche
1490,2646,9,edu com mail information send list,0.390,0.514,13,team game year games play season,rec.sport.hockey,comp.sys.mac.hardware,rec.sport.hockey,newsgroups rec sport hockey subject nhl team milwaukee summary sender distribution organization university department keywords lloyd married allen bradley corp com family owns bradley center new national ice center way heard lloyd referred bob bought bradley center nhl come yeah bucks milwaukee wave
1491,871,8,president government people said program money,0.390,0.663,15,don just like know think good,alt.atheism,talk.politics.misc,rec.motorcycles,ought supported known provided weapon systems tactical support technology hussein did bush yes cheat hillary
1492,7064,8,president government people said program money,0.390,0.606,15,don just like know think good,talk.politics.guns,talk.politics.misc,rec.motorcycles,note party ticket david duke duke leading ticket gave chance vice president just supporting duke
1493,2643,17,power use water ground wire used,0.389,0.466,15,don just like know think good,rec.autos,sci.electronics,rec.motorcycles,long silly discussion deleted suggestion isn far sounds years ago time place used oil changes powered automotive engines cases way sort tray oil pan hull various chambers did oil sure trying used small pump powered electric drill suck oil hole long designed fit tube shorter outlet convenient contain
1494,3597,13,team game year games play season,0.389,0.515,15,don just like know think good,rec.sport.baseball,rec.sport.hockey,rec.motorcycles,clemens going normal days rest pitched saturday pitched inning yesterday afternoon inning start days plenty expected turn saturday starter good thing course like managed man rotation team glenn digital equipment corporation dec com
1495,2939,4,health medical disease use patients food,0.389,0.488,15,don just like know think good,sci.med,sci.med,rec.motorcycles,true gave reached laser age fact surgery new exciting field probably won effective laser usually burn avoid deeper damage limited cured albeit slowly medication finally self diagnosis reliable look like infection requires different treatment
1496,6669,14,gun law guns government people state,0.389,0.618,10,said people went didn came told,talk.politics.guns,talk.politics.guns,talk.religion.misc,incident bomb members killed circa mayor white frank second bomb included mayor wilson black
1497,1377,15,don just like know think good,0.388,0.565,1,space nasa launch earth satellite shuttle,sci.space,rec.motorcycles,sci.space,things detected space looked possible problems detectors mechanism cosmic rays cause seeing things
1498,6480,11,image software available ftp files graphics,0.388,0.660,5,drive card scsi disk dos windows,comp.os.ms-windows.misc,comp.graphics,comp.sys.ibm.pc.hardware,windows derived letter vms hal ibm recall chief architect vms chief designer
1499,6758,8,president government people said program money,0.388,0.628,15,don just like know think good,talk.politics.misc,talk.politics.misc,rec.motorcycles,sign middle class ask george walker bush period lasted hours chosen bush running
1500,3358,11,image software available ftp files graphics,0.388,0.499,6,window server motif widget use application,sci.crypt,comp.graphics,comp.windows.x,yes error need diff standard console console supplied think specially modified works added end signature file pub netcom com download anonymous ftp using oops cutting fix mac port
1501,8266,2,car new bike price sale cars,0.388,0.555,15,don just like know think good,comp.os.ms-windows.misc,misc.forsale,rec.motorcycles,somebody tell canon buy cheapest price thanks advance
1502,6384,2,car new bike price sale cars,0.388,0.555,15,don just like know think good,rec.motorcycles,misc.forsale,rec.motorcycles,usually wear inside face helmet dirt wind contacts
1503,7444,6,window server motif widget use application,0.388,0.610,5,drive card scsi disk dos windows,comp.os.ms-windows.misc,comp.windows.x,comp.sys.ibm.pc.hardware,think support confused disk space limit virtual address space limit far disk concerned limited free space limit causes message windows use virtual address space virtual memory manager create function free memory windows starts section ini specify parameter following description windows resource kit 
1504,131,2,car new bike price sale cars,0.388,0.484,15,don just like know think good,rec.motorcycles,misc.forsale,rec.motorcycles,watch cover means looking steal bike case cover stolen bmw apartment visible street evidently decided wasn worth stealing did try night steal honda parked apartment building neighbor heard called cops know just setting actually things really good bmw bikes accounts heard practically probably similar
1505,2035,0,israel turkish armenian jews war israeli,0.388,0.532,18,god jesus church bible christ christian,soc.religion.christian,talk.politics.mideast,soc.religion.christian,fail note intense suffering world christians certain following christ strict obedience command earth nazi punished jews killing christ innocent women burned alive accordance shall allow witch live moslems killed god men destroyed religious wars spain france england christianity undoubtedly caused su
1506,6953,15,don just like know think good,0.388,0.570,5,drive card scsi disk dos windows,comp.sys.ibm.pc.hardware,rec.motorcycles,comp.sys.ibm.pc.hardware,netters looking books showing fix hardware problem let know books mind thanks
1507,1091,6,window server motif widget use application,0.388,0.602,9,edu com mail information send list,comp.windows.x,comp.windows.x,comp.sys.mac.hardware,remember seeing distribution mentioning support tektronix terminal server accurate mike acs virginia edu
1508,2419,0,israel turkish armenian jews war israeli,0.387,0.567,16,people god does believe evidence say,talk.politics.mideast,talk.politics.mideast,alt.atheism,proven maybe certainly verified reasonable doubt statement statements like matter public record day war think arab leaders broadcasting statements arab radio want check old newspapers think look hamas covenant written different impression original arabic translation verified arabic speakers document
1509,7353,16,people god does believe evidence say,0.387,0.523,7,time use used number point different,alt.atheism,alt.atheism,rec.autos,course version position included challenges claim flat lie week claimed answer challenges turned included text want context included articles come think contradiction new entry challenges post way kept bloody thing written related thread pleased post position forgotten leave electronic paper trail n
1510,8069,15,don just like know think good,0.387,0.620,5,drive card scsi disk dos windows,comp.sys.ibm.pc.hardware,rec.motorcycles,comp.sys.ibm.pc.hardware,simple concept null modem cable actually idea don count statement asking pins does use specifications just want instead buying don know port used help vax edu kevin
1511,7545,16,people god does believe evidence say,0.387,0.676,15,don just like know think good,sci.crypt,alt.atheism,rec.motorcycles,agree danger say political issue technical
1512,1614,13,team game year games play season,0.387,0.538,15,don just like know think good,rec.sport.baseball,rec.sport.hockey,rec.motorcycles,pitchers matter good mechanics machines young winners don pitch unaware doing braves pitching staff showing signs cracking strain knowing going runs unfortunately braves pitchers bad long organization stress mean stress pitching completely ignored hitting braves right looking similar braves mid heav
1513,7636,2,car new bike price sale cars,0.387,0.436,7,time use used number point different,rec.motorcycles,misc.forsale,rec.autos,point experiments difficult know physics situation calculations fact effects contributing leaning bike begin turn effect causing torque bike contact patch having shifted causing bike fall contact patch accelerated causing torque bike average bike rider average bike wheel speeds mph say calculate twi
1514,6685,10,said people went didn came told,0.387,0.651,15,don just like know think good,talk.religion.misc,talk.religion.misc,rec.motorcycles,nut clearly liar said surrender local radio stations broadcast message didn said surrender passover didn excuses gross disregard safety children displayed feds pointed clinton probably seen
1515,1879,18,god jesus church bible christ christian,0.387,0.540,15,don just like know think good,talk.religion.misc,soc.religion.christian,rec.motorcycles,yes remeber works read years ago ritual called believe spelling pope charles
1516,4105,0,israel turkish armenian jews war israeli,0.387,0.630,15,don just like know think good,talk.politics.mideast,talk.politics.mideast,rec.motorcycles,character invented men purposes said head arab american relations committee tim remind readers fact daily news march reported arrest foreign newspapers reported release shortly provide copies articles request
1517,6293,17,power use water ground wire used,0.387,0.519,15,don just like know think good,sci.electronics,sci.electronics,rec.motorcycles,explanation think capacitors series handle twice output voltage know positive sides facing used obtain large capacitor handle positive negative probably design philosophical reason production cost best
1518,2956,14,gun law guns government people state,0.386,0.515,15,don just like know think good,talk.politics.misc,talk.politics.guns,rec.motorcycles,evidence aware reported media evidence presented trial sounds lot like rodney king trial bunch people saw seconds minute long video decided knew people sat week trial
1519,3537,0,israel turkish armenian jews war israeli,0.386,0.528,7,time use used number point different,talk.politics.mideast,talk.politics.mideast,rec.autos,choice piece checking sources does deserve believed gaza strip does possess highest population density world fact isn close just example serve illustrate statement city kong nearly times population gaza strip roughly comparable land area centers numerous cities possess comparable far higher populati
1520,7861,11,image software available ftp files graphics,0.386,0.689,6,window server motif widget use application,alt.atheism,comp.graphics,comp.windows.x,tail functions scheme efficient loops doesn program assembler heard compilers
1521,8584,10,said people went didn came told,0.386,0.578,15,don just like know think good,talk.religion.misc,talk.religion.misc,rec.motorcycles,tell folks man run reason attack man beliefs legal terminology argument attack man did proven illegal remember movie couple years ago scene factory gas coming pipes floor degree flame overhead note did flash fires burn like tear gas mix distribute flash analyst tell tell fbi spokesman reno maybe shu
1522,9866,12,key encryption chip clipper keys privacy,0.386,0.634,15,don just like know think good,sci.crypt,sci.crypt,rec.motorcycles,yes clipper intergraph risc chip used thier workstations wonder intergraph going thier sake
1523,8988,2,car new bike price sale cars,0.386,0.539,15,don just like know think good,rec.autos,misc.forsale,rec.motorcycles,hello netters visiting sweden august probably rent chevy quoted week additional days include free driving distance local taxes baltimore told insurance thats necessary included doubt cause friend rented car year turned needed lot insurance included base price hand didn rent does info rip probability
1524,3434,4,health medical disease use patients food,0.386,0.549,15,don just like know think good,sci.med,sci.med,rec.motorcycles,agree adding layers managers simply eat money spent actually doing work doctors supplies efficient probably limited management fixed budget england canada afraid wrong track problem insurance lobby powerful gordon banks skepticism chastity intellect geb cadre dsl pitt edu shameful surrender soon
1525,5044,10,said people went didn came told,0.386,0.658,15,don just like know think good,talk.politics.guns,talk.religion.misc,rec.motorcycles,fbi briefing mention having starters mother media jmd handheld com
1526,8180,7,time use used number point different,0.386,0.537,2,car new bike price sale cars,rec.motorcycles,rec.autos,misc.forsale,cage numerous occasions hand rolled window effort wave passing biker
1527,9180,6,window server motif widget use application,0.386,0.493,15,don just like know think good,comp.windows.x,comp.windows.x,rec.motorcycles,looked faq reilly books unable easy means finding state state keys certainly track events inside window set pressed window looked decided definitely wanted convenience function tell information question means determining state pointed question easy means making keyboard act like keyboard active user
1528,1812,1,space nasa launch earth satellite shuttle,0.386,0.549,15,don just like know think good,sci.space,sci.space,rec.motorcycles,advertising sure nasa friend spent night figuring just exactly gold need golden certain american fast food organization face moon fortunately morning hmmm actually isn like million think sounds like lot tens said organization sold year best substance craft lunar orbit large set craft reasonable visi
1529,4400,15,don just like know think good,0.386,0.549,5,drive card scsi disk dos windows,sci.electronics,rec.motorcycles,comp.sys.ibm.pc.hardware,try cables chips let dig cables chips street near south street wall street phone ordering exact good chance screw pretty good deliver cheers rob
1530,346,9,edu com mail information send list,0.385,0.508,15,don just like know think good,misc.forsale,comp.sys.mac.hardware,rec.motorcycles,deal jay hayes ripped deal guy know door bat lives post address later phone number case wants leave nasty messages return email return phone calls left message collect man maintains net turkey net
1531,6766,5,drive card scsi disk dos windows,0.385,0.493,15,don just like know think good,comp.sys.mac.hardware,comp.sys.ibm.pc.hardware,rec.motorcycles,duo park heads seconds drive logic programmed software way tune makes heads park think heads parked seconds hear heads parking
1532,4927,5,drive card scsi disk dos windows,0.385,0.586,15,don just like know think good,sci.electronics,comp.sys.ibm.pc.hardware,rec.motorcycles,video machines used mode copy video phone number ask sales department state arizona does savings time effectively pacific time zone
1533,4944,14,gun law guns government people state,0.385,0.588,15,don just like know think good,talk.politics.guns,talk.politics.guns,rec.motorcycles,hmm person isn time group committed suicide avoid persecution capture miss point raid happened place fbi actions damn warsaw ghetto fitting gore events remove references dates government troops wearing black uniforms carrying automatic weapons backed armored vehicles religious minorities claim pract
1534,1034,15,don just like know think good,0.385,0.539,2,car new bike price sale cars,rec.autos,rec.motorcycles,misc.forsale,just detector dash cop doesn right away valentine best detector far stated car driver tells direction radar coming gives threats picking place everyday goes number threats valentine detecting genuine cop factory direct problem rob lehigh edu
1535,9000,15,don just like know think good,0.385,0.506,18,god jesus church bible christ christian,soc.religion.christian,rec.motorcycles,soc.religion.christian,told satan angel charge music heaven beautiful angels isn funny days bible music beauty days controls bands popular matter bad fact better politically correct like talent course television station tells dress think started fashion just food thought really wierd theory revelation come true today thin
1536,959,5,drive card scsi disk dos windows,0.385,0.563,15,don just like know think good,comp.graphics,comp.sys.ibm.pc.hardware,rec.motorcycles,course agree does measurement better does motion screen video does rom manufacturers shall date second hand hard look future
1537,2977,0,israel turkish armenian jews war israeli,0.385,0.525,15,don just like know think good,talk.politics.mideast,talk.politics.mideast,rec.motorcycles,btw does river flow west south think waters stay entirely lebanese territory hasan says jordan river makes sense case river hand flows jordan mistaken
1538,2000,7,time use used number point different,0.385,0.533,15,don just like know think good,talk.politics.guns,rec.autos,rec.motorcycles,really stupid rules late century quite different today posted matches current rules don make look like things late hundreds original constitution militia arms simply currently german special significance words simply special emphasis pete com uunet
1539,9134,10,said people went didn came told,0.384,0.584,0,israel turkish armenian jews war israeli,talk.politics.mideast,talk.religion.misc,talk.politics.mideast,center policy research cpr subject israeli press torture written apr cpr org mideast forum israeli press torture israeli press newspaper date december author subject torture title article moderate physical pressure times course long hours room prison says beaten tortured heard agent captain louis ph
1540,7063,19,file entry output program section char,0.384,0.592,11,image software available ftp files graphics,comp.os.ms-windows.misc,rec.sport.baseball,comp.graphics,love windows probably want delete damaged executables fresh data files examined repaired stupid caches things windows runs swap file contain data pretty risky stuff environment reasonably accurate prediction brief description dos stores files pieces file directory entry fat chain data area think she
1541,8264,8,president government people said program money,0.384,0.476,15,don just like know think good,talk.politics.misc,talk.politics.misc,rec.motorcycles,kind doesn understand difference proposed blocked congress executive order issued clinton let course thinking order create appearance low rates uncle sam shifted debt long term short term effect uncle sam federal goverment giant waiting blow short term rates rise payments deficit rise uncle borrow c
1542,3891,14,gun law guns government people state,0.384,0.576,7,time use used number point different,talk.politics.misc,talk.politics.guns,rec.autos,article colorado edu colorado edu teel writes definition resident specific thing alien look remember common usage words legal meaning gotta authority black law dictionary revised page residence factual place living particular misc requires bodily presence place campbell residence usually place frequ
1543,7167,19,file entry output program section char,0.384,0.517,6,window server motif widget use application,comp.windows.x,rec.sport.baseball,comp.windows.x,article crossposted windows author andy posted mon apr gmt reason following code causes application intercept change meaning intent code allow date fields following special keys insert today date day day dates example shouldn using field reason following code special keys hit idea code interpret key
1544,7549,2,car new bike price sale cars,0.384,0.600,15,don just like know think good,sci.space,misc.forsale,rec.motorcycles,want fun plug basic lotus use spreadsheet auto functions produce bar graphs based tilt hours day light avg
1545,8629,10,said people went didn came told,0.384,0.572,15,don just like know think good,talk.politics.guns,talk.religion.misc,rec.motorcycles,copy update randy weaver trial large response email messages decided sufficient warrant posting file follows folks resident list guess kind falls people updated randy weaver kevin harris trial yesterday marked jury apparently legal activities occurred jury selected things start today interesting out
1546,3327,15,don just like know think good,0.384,0.561,16,people god does believe evidence say,talk.religion.misc,rec.motorcycles,alt.atheism,evidence contrary koresh simply fanatic thought neccessary bunch folks children satisfy jim jones circa nope like koresh demonstrating evil corruption centuries
1547,8488,9,edu com mail information send list,0.384,0.582,15,don just like know think good,sci.electronics,comp.sys.mac.hardware,rec.motorcycles,does radio electronics free information cards work just send general information companies advertise magazine does sign catalog
1548,8986,5,drive card scsi disk dos windows,0.384,0.526,6,window server motif widget use application,comp.os.ms-windows.misc,comp.sys.ibm.pc.hardware,comp.windows.x,looking decent windows news reader given doesn work dll ibm tcp dos status windows use windows sockets liked dos abandon started using access token ring results invalid class error bye
1549,8438,11,image software available ftp files graphics,0.384,0.629,15,don just like know think good,comp.graphics,comp.graphics,rec.motorcycles,impulse shipping imagine close amiga imagine terms features
1550,867,11,image software available ftp files graphics,0.384,0.598,15,don just like know think good,comp.os.ms-windows.misc,comp.graphics,rec.motorcycles,experience new demo run baud dropping characters steve
1551,4322,15,don just like know think good,0.383,0.547,13,team game year games play season,rec.sport.baseball,rec.motorcycles,rec.sport.hockey,dallas alot nerve saying bunch mets fans football season local station times heard bigger bunch low intellect bed obnoxious entire life average eagles fan range best known big flames let works bob
1552,698,2,car new bike price sale cars,0.383,0.540,15,don just like know think good,rec.autos,misc.forsale,rec.motorcycles,bird manual says replace plugs plugs real plugs dad note didn long replaced agree weren greatest james
1553,7813,15,don just like know think good,0.383,0.666,5,drive card scsi disk dos windows,comp.os.ms-windows.misc,rec.motorcycles,comp.sys.ibm.pc.hardware,computer people advantages act like mac ate cat
1554,931,15,don just like know think good,0.383,0.607,0,israel turkish armenian jews war israeli,talk.politics.mideast,rec.motorcycles,talk.politics.mideast,did long greeks requesting called netters write istanbul
1555,6973,2,car new bike price sale cars,0.382,0.574,17,power use water ground wire used,misc.forsale,misc.forsale,sci.electronics,features include face watt amplifier red remote times bit best station memory controller loud switch clock original packaging asking best offer nice radio great condition remote comes handy wouldn think line interested send email orion uci edu offers considered
1556,7682,12,key encryption chip clipper keys privacy,0.382,0.494,5,drive card scsi disk dos windows,sci.crypt,sci.crypt,comp.sys.ibm.pc.hardware,whats difference modem modem entirely silly pointing modems approved data transmission work just fine transmit voice perry metzger pmetzger shearson com
1557,6797,10,said people went didn came told,0.382,0.529,16,people god does believe evidence say,rec.motorcycles,talk.religion.misc,alt.atheism,biker dog foremost want mention common sense choice killing dog getting injured killed rational decision insane animal rights dog second useful learn read dog body language react dog thinks game playing completely different react dog hostile intent useful learn present dog dogs social beasts recogni
1558,3285,13,team game year games play season,0.382,0.504,15,don just like know think good,rec.sport.hockey,rec.sport.hockey,rec.motorcycles,complaint doing jersey pitt series shots hits camera check boards puck slot rebound maybe mom camera people little experienced
1559,282,7,time use used number point different,0.382,0.498,18,god jesus church bible christ christian,talk.religion.misc,rec.autos,soc.religion.christian,remarkable managed zero probably evidence probably convincing anti christian literature jewish second century enormous quantities detailed arguments christianity arguments used today despite volumes attacking christianity denies existance jesus activities considerably compelling harmony gospels espe
1560,2368,15,don just like know think good,0.382,0.671,12,key encryption chip clipper keys privacy,sci.electronics,rec.motorcycles,sci.crypt,looks key sells chip number does want selling hope helps frank customer asked thing answered highly technical sensitive instrument use computer repair probably grasp exactly does frank radio doctor inter net pittsburgh sgi com washington packet usa disclaimer disclaimer confess did
1561,8666,14,gun law guns government people state,0.382,0.544,15,don just like know think good,talk.politics.guns,talk.politics.guns,rec.motorcycles,did australian customs service make public statement committee year weapons smuggling problem able control possibly criminals don grasp economics
1562,3971,7,time use used number point different,0.382,0.459,15,don just like know think good,sci.med,rec.autos,rec.motorcycles,think lee lady talking cross purposes lady concerned contrast great science makes big advances knowledge mediocre science makes smaller steps thread concerned difference science lee lady correct asserts difference einstein average post doc quality thought difference einstein genius great scientist g
1563,6701,11,image software available ftp files graphics,0.382,0.599,5,drive card scsi disk dos windows,misc.forsale,comp.graphics,comp.sys.ibm.pc.hardware,macintosh plus includes drives external software word excel pascal intro package tour leaving school sell steal reply mail
1564,3505,17,power use water ground wire used,0.382,0.595,15,don just like know think good,sci.electronics,sci.electronics,rec.motorcycles,early recall reading used mechanical compressed air valve controlled pickup result noisy conventional tended wear disks pretty quickly prof told willing students project worked wwii needed mega power clear audio quality purpose refugees aircraft solution giant compressed air source horn parallel wor
1565,8434,16,people god does believe evidence say,0.382,0.466,15,don just like know think good,talk.religion.misc,alt.atheism,rec.motorcycles,middle ages truely sad hate day churches people death practicing homosexuality crime church called governments world homosexuals treated today does mean teach christians practice homosexual think teach christians practice middle ages persecuted accuse judging did look heart love writing teach christ
1566,1592,6,window server motif widget use application,0.381,0.669,9,edu com mail information send list,sci.space,comp.windows.x,comp.sys.mac.hardware,compute astronomical things written export lcs mit edu
1567,2936,9,edu com mail information send list,0.381,0.561,4,health medical disease use patients food,sci.med,comp.sys.mac.hardware,sci.med,foundation america able answer questions send information references seizure types medication references area ask number local foundation touch parent support group social workers good luck
1568,7181,18,god jesus church bible christ christian,0.381,0.531,15,don just like know think good,alt.atheism,soc.religion.christian,rec.motorcycles,yes jesus super hero grand scale make life pleasant working people similar notion supernatural change world wasn communist god man gave presents kids christmas don know fanatics cheers kent
1569,587,16,people god does believe evidence say,0.381,0.557,15,don just like know think good,talk.politics.misc,alt.atheism,rec.motorcycles,nice dodge answer questions believe draft armed services voluntary say taxes answered question answer
1570,4560,8,president government people said program money,0.381,0.526,1,space nasa launch earth satellite shuttle,sci.space,talk.politics.misc,sci.space,selected excerpts invitation registration form sent permission low cost lunar access day conference explore means benefits human lunar program friday crystal city hotel arlington conference low cost lunar access conference forum exchange ideas structure affordable human lunar program inherent low co
1571,5653,15,don just like know think good,0.381,0.522,11,image software available ftp files graphics,comp.graphics,rec.motorcycles,comp.graphics,looking good free graphics library package program mainly use write children games education software heard mentioned gfx good pardon question sounds little strange asking question friend thanks advance
1572,1959,15,don just like know think good,0.381,0.614,13,team game year games play season,rec.sport.baseball,rec.motorcycles,rec.sport.hockey,com jimmy way reds play man days
1573,3317,8,president government people said program money,0.381,0.566,15,don just like know think good,sci.crypt,talk.politics.misc,rec.motorcycles,people usenet clearly special bunch live net future culture rapid electronic access information society general depend cnn hope make information public radical fringe majority country freedom easily won
1574,7531,2,car new bike price sale cars,0.381,0.523,15,don just like know think good,rec.autos,misc.forsale,rec.motorcycles,water gradually trunk friend ford probe remove spare water cover trunk guess usually happens good thunder storm common problem drain holes located thanks info tom
1575,6448,2,car new bike price sale cars,0.381,0.501,5,drive card scsi disk dos windows,misc.forsale,misc.forsale,comp.sys.ibm.pc.hardware,subject external extremely cheap brand new external floppy drive box sell shipping firm half market price check page computer apr issue price let know interested
1576,2691,13,team game year games play season,0.381,0.476,2,car new bike price sale cars,misc.forsale,rec.sport.hockey,misc.forsale,sale compact following cds sale mint condition fairly hard label bought rights released disks like sell package deal consider individual orders titles artists blues jackson clarke frank morgan frank walter west coast boys vol john steve bobby john patterns duke jordan tommy potter art taylor paul yo
1577,5343,15,don just like know think good,0.381,0.584,13,team game year games play season,rec.sport.hockey,rec.motorcycles,rec.sport.hockey,minnesota earned right nhl franchise place hope enjoy twin city wide high school hockey hey way old wee team having care come film event golden weird town business uwo stephen lawrence western business school london ontario second posting kind idiot business school canada problem teach business scho
1578,6538,11,image software available ftp files graphics,0.380,0.470,15,don just like know think good,comp.graphics,comp.graphics,rec.motorcycles,yeah course term mach correct color effect bad color effect result visible mach bands picture smooth
1579,4100,7,time use used number point different,0.380,0.531,16,people god does believe evidence say,alt.atheism,rec.autos,alt.atheism,connor assertion complex later simply incorrect known structures lost example lost legs fish lost eyes species completely lost males birds functional wings joel statements quality evolutionary process way evolution described explained terms point reason believe understand evolution instance tend nat
1580,78,7,time use used number point different,0.379,0.606,5,drive card scsi disk dos windows,comp.sys.ibm.pc.hardware,rec.autos,comp.sys.ibm.pc.hardware,aware notes recommendations spec noted vendors including sgi violate main point reduce impedance changes noise bus
1581,5442,15,don just like know think good,0.379,0.519,11,image software available ftp files graphics,comp.windows.x,rec.motorcycles,comp.graphics,currently evaluating gui initially motif wish flexible portable popular names impressed seen galaxy spoken current users list supplied happy users expect seen comments net fairly expensive evaluation license like query net negative experiences galaxy did anybody evaluate prefer tool use galaxy regre
1582,6964,15,don just like know think good,0.379,0.529,5,drive card scsi disk dos windows,comp.graphics,rec.motorcycles,comp.sys.ibm.pc.hardware,organization world information keywords craig consider run windows time work works fine think need right driver
1583,4948,7,time use used number point different,0.379,0.520,15,don just like know think good,sci.med,rec.autos,rec.motorcycles,simple question just prevents forces fall month does prevent true yes risk extra pregnancy development inside tube actually works works oral actually prevents occuring providing feedback preventing normally occurs time happens occur device prevents wall
1584,1996,14,gun law guns government people state,0.379,0.614,15,don just like know think good,alt.atheism,talk.politics.guns,rec.motorcycles,painless isn cruel occurred frequently dawn time hardly unusual innocents die causes accidental false execution issue
1585,3899,7,time use used number point different,0.379,0.495,15,don just like know think good,rec.motorcycles,rec.autos,rec.motorcycles,good advice couple years involved low speed landed pavement head hit pavement leaving couple chips paint point impact visible damage called helmet manufacturer damage said way shell works crack way serves spread force impact wider area thing takes care hopefully remaining impact force told second st
1586,1085,15,don just like know think good,0.379,0.557,17,power use water ground wire used,sci.electronics,rec.motorcycles,sci.electronics,paul unfortunately retail outlets stock just chip stuff stock ones sell like standard dram think stop shopping store closest pick copy byte magazine circuit popular electronics like flip distributors like electronics hamilton pioneer electronics don normally deal end users like couple deal people bu
1587,7075,17,power use water ground wire used,0.379,0.435,2,car new bike price sale cars,rec.motorcycles,sci.electronics,misc.forsale,reading service manual bike couple questions hope answer checking oil level dip stick built oil cap does check cap screwed used dip stick cage stick extracted fully wiped clean fully read dip stick bike oil cap inch threads remove cap wipe stick clean reading service manual calls application bond he
1588,8422,7,time use used number point different,0.379,0.590,12,key encryption chip clipper keys privacy,sci.crypt,rec.autos,sci.crypt,urban maybe ought crypt faq actually sufficient clear magnetic media used classified data information horse mouth regarding sufficient media clearing meant controlled environment material outside controlled environment national telecommunications information systems security advisory office security
1589,462,11,image software available ftp files graphics,0.379,0.498,5,drive card scsi disk dos windows,comp.graphics,comp.graphics,comp.sys.ibm.pc.hardware,recently got hold card like programming libraries let access high resolution modes available borland turbo
1590,523,12,key encryption chip clipper keys privacy,0.379,0.537,16,people god does believe evidence say,sci.crypt,sci.crypt,alt.atheism,wrong don think pkp claims unlawful distribute code implementing rsa appears unlawful use agree sentence yes correct
1591,7293,18,god jesus church bible christ christian,0.379,0.587,7,time use used number point different,talk.religion.misc,soc.religion.christian,rec.autos,creation stories worst examples difficulty bible formed translated formed chapter problems text does demand creation stories
1592,2768,15,don just like know think good,0.379,0.532,8,president government people said program money,talk.politics.mideast,rec.motorcycles,talk.politics.misc,did contribute arf fund rates just paid problem couldn convince congress home location federal land btw building alleged funded tax exempt private funds operating costs borne taxpayers forever like guess come tell point mentioned
1593,9914,0,israel turkish armenian jews war israeli,0.378,0.496,15,don just like know think good,talk.religion.misc,talk.politics.mideast,rec.motorcycles,let alexander destroyed tyre people construct houses people live tyre considered rebuilt instead considered just people got fishing needed houses place sigh born city home town people consult city inform fishing village city founded century people lived bizarre dumb swedish queens founded cities coa
1594,8797,17,power use water ground wire used,0.378,0.678,15,don just like know think good,sci.electronics,sci.electronics,rec.motorcycles,picture tube explode smoke penguin set
1595,2577,12,key encryption chip clipper keys privacy,0.378,0.463,11,image software available ftp files graphics,sci.crypt,sci.crypt,comp.graphics,source code macintosh pgp available anonymous ftp ftp netcom com pub sea convert compact pro self extracting archive appropriate check digital signature file copy pgp non macintosh users check digital signature note end line macintosh purposes act technical documentation released public domain repre
1596,8319,1,space nasa launch earth satellite shuttle,0.378,0.468,15,don just like know think good,sci.space,sci.space,rec.motorcycles,mile long space object station problems little bit different normal space ideas combine discussion topic idea space problem service fly shuttle near fly special section shuttle springs leak self just thinking okay inflated covered inside harder substance agent hard giant structure space dock station
1597,2300,15,don just like know think good,0.378,0.622,9,edu com mail information send list,comp.graphics,rec.motorcycles,comp.sys.mac.hardware,wrote turned mirror sites looked fooled original site ncsa uiuc edu mess pointer started cheers
1598,3410,7,time use used number point different,0.378,0.480,15,don just like know think good,sci.space,rec.autos,rec.motorcycles,time read shuttle landing mention double having taken various relevant classes ideas come convincing exactly causes time constant like constantly produced plane hear goes
1599,4173,14,gun law guns government people state,0.378,0.607,16,people god does believe evidence say,talk.politics.misc,talk.politics.guns,alt.atheism,demon desire wright edu writes people aware brett listed posts bit listserv politics indicate hostile hiring policies verdict came equal opportunity disagreement guess guess seeing judge opinion motion denied grounds party case semi credible witnesses reserve spring lose exactly way promote daniel
1600,9764,18,god jesus church bible christ christian,0.378,0.454,15,don just like know think good,soc.religion.christian,soc.religion.christian,rec.motorcycles,text deleted wish followed thread jumping conclusions haven seen anybody write aids punishment certain types sin includes mark responding wrote don things god way come definition curse meant harm used word god loves told best way live bible god doesn cause warns kevin davis wrote ago bible makes cle
1601,9416,15,don just like know think good,0.377,0.505,18,god jesus church bible christ christian,soc.religion.christian,rec.motorcycles,soc.religion.christian,leave heaven sake pray dan does literally god intended taken dan view groups appears correct point view group truly meeting requirements laid bible means jesus clue mail really like touch insert deletion religions obviously gone center dan original context dan familiar got point don want turn clue t
1602,1821,10,said people went didn came told,0.377,0.633,18,god jesus church bible christ christian,talk.religion.misc,talk.religion.misc,soc.religion.christian,burning alive rough way given waco bunch choices reminded russian old believers thinking coming grew peter great started russia russian church years later locked churches burned alive thousands cases christians self history
1603,9215,10,said people went didn came told,0.377,0.523,15,don just like know think good,rec.motorcycles,talk.religion.misc,rec.motorcycles,got male duck chest like kicked instructor accident eyes tearing hard quite remarkable able come stop rubber duck btw lived quite healthy sat heads minutes went right bone way button regards charles
1604,1012,7,time use used number point different,0.377,0.545,15,don just like know think good,sci.crypt,rec.autos,rec.motorcycles,don think paying useful estimate annual value law enforcement million quite useful rough wiretaps used hard catch criminals resulting comes cents head population rigorous numbers quite useful make nice privacy worth turns
1605,3386,15,don just like know think good,0.377,0.547,5,drive card scsi disk dos windows,comp.sys.mac.hardware,rec.motorcycles,comp.sys.ibm.pc.hardware,approximately months ago purchased quantum months drive started having problems intermittent corrupted files resources wouldn recognize drive got exchanged new drive month passed second drive having problems boot iisi flashing question mark insert program recognize drive making scan drives point res
1606,9155,5,drive card scsi disk dos windows,0.377,0.572,2,car new bike price sale cars,misc.forsale,comp.sys.ibm.pc.hardware,misc.forsale,people really need sell pay bills going include sample cds worth separately deal standard memory bit stereo sampling voice got brand new connor meg internal scsi drive old used works perfect runs perfect addition access friends sound library sounds available sample based dance house stuff email than
1607,525,9,edu com mail information send list,0.377,0.572,18,god jesus church bible christ christian,soc.religion.christian,comp.sys.mac.hardware,soc.religion.christian,looking book specifically addresses mystery god paradox read touch subject chapter like detailed read aware books deal subject mail thanks
1608,9114,15,don just like know think good,0.377,0.596,13,team game year games play season,rec.sport.hockey,rec.motorcycles,rec.sport.hockey,team yeah soderstrom mask appeared lot bigger average helmet cage variety certain appeal josh
1609,8338,15,don just like know think good,0.377,0.536,7,time use used number point different,comp.sys.mac.hardware,rec.motorcycles,rec.autos,does details sort errors sensitive having strange problems intensive program getting lot segment errors
1610,4338,7,time use used number point different,0.376,0.484,18,god jesus church bible christ christian,talk.religion.misc,rec.autos,soc.religion.christian,ref encyclopedia religion preview later meeting ground iranian christian religions seen famous work iranian roots likely dates beginning christian era probably second century doctrine savior future basis story coming old word rendered greek uncertain originally meant member tribe compound hostile me
1611,4592,15,don just like know think good,0.376,0.583,12,key encryption chip clipper keys privacy,sci.crypt,rec.motorcycles,sci.crypt,tell hardware compression needed run digital speech think heard lets say bit samples raw data corresponding sampling rate usable fancy does compression need far know isdn plugged bit gives channel sec guess sampling rate want quality analog line anybody knows compression algorithms factors voice pos
1612,1376,11,image software available ftp files graphics,0.376,0.484,5,drive card scsi disk dos windows,comp.os.ms-windows.misc,comp.graphics,comp.sys.ibm.pc.hardware,far read win supported intel dec alpha mips series processors remember reading sparc support future sure mean running unix applications sas win maybe sas read win end spring hope helps
1613,9434,15,don just like know think good,0.376,0.587,6,window server motif widget use application,comp.sys.ibm.pc.hardware,rec.motorcycles,comp.windows.x,keith problem getting colors stuck flex stuff said solved entering advanced window flex program changing color palette sorry hope helps btw ati
1614,5629,15,don just like know think good,0.376,0.432,13,team game year games play season,rec.sport.hockey,rec.motorcycles,rec.sport.hockey,newspapers editors playoff pools don summaries west coast games finish late night morning edition sure greatly appreciate scoring summaries west coast playoff games posted group right away basically need goal assists don bother times penalties shots make lot pool people happy guess senators local pa
1615,8368,15,don just like know think good,0.376,0.583,9,edu com mail information send list,talk.politics.misc,rec.motorcycles,comp.sys.mac.hardware,admit hard data don help compile commented list grants direct aid interested references example congressional budget authorization hearings look happy post verification data try hand unfortunately won sufficient time available end month results delayed let know interested doing special agent media m
1616,1798,7,time use used number point different,0.376,0.464,12,key encryption chip clipper keys privacy,sci.electronics,rec.autos,sci.crypt,number copy protection schemes involve modifying physical media involve encryption schemes ones existed course computing successful time recall near monthly releases new ways crack copy protection scheme latest releases fact completely secure near difficult crack cracked guess saying question diffic
1617,9687,18,god jesus church bible christ christian,0.376,0.569,15,don just like know think good,talk.politics.guns,soc.religion.christian,rec.motorcycles,nut case realizes complete fool thousands netters backs away earlier rash statements god mercy
1618,7342,10,said people went didn came told,0.376,0.520,15,don just like know think good,talk.politics.guns,talk.religion.misc,rec.motorcycles,actually davidians started heard est people ran surrounding compound captured admitted setting don buy theory great commercial sig hell wood stove burning warm day flame use liquid dispute theory gas inserted understood correctly place didn start burning calm kid vernon koresh real said leave compou
1619,3100,17,power use water ground wire used,0.376,0.502,5,drive card scsi disk dos windows,comp.sys.mac.hardware,sci.electronics,comp.sys.ibm.pc.hardware,mac iisi running mhz months number scsi devices connected quantum maxtor toshiba adapter pioneer trouble using stock cooling facilities considered adding fan heat pump don feel necessary box temp meter order plan measurements arrives weeks email want results
1620,6924,15,don just like know think good,0.376,0.541,11,image software available ftp files graphics,comp.graphics,rec.motorcycles,comp.graphics,interested managed make unfortunately knight horse ideas looking surface board unfortunately black won work anybody ideas nice surfaces like use image command command unfortunately manual vague don craig email address anybody ideas essential venture post finished anybody using non unix systems fast 
1621,3609,8,president government people said program money,0.375,0.558,14,gun law guns government people state,talk.politics.guns,talk.politics.misc,talk.politics.guns,measure benefit various states problem hundreds millions dollars hunters pour economy sure sure liberal mention politically correct goal environmental animal rights groups individuals supporting measure willing add names list supporters seeking increased replace lost revenues equally confident entit
1622,5553,6,window server motif widget use application,0.375,0.519,11,image software available ftp files graphics,comp.windows.x,comp.windows.x,comp.graphics,really involved people using linux like stay cutting bleeding edge kernel patches library compiler patches come people like rebuild entire systems prime requirement linux software available gnu style public license linux software uses athena widgets xview individuals write software requiring motif d
1623,943,15,don just like know think good,0.375,0.533,2,car new bike price sale cars,rec.autos,rec.motorcycles,misc.forsale,user recently requested info shadow cars haven seen public responses people experiences cars
1624,1280,7,time use used number point different,0.375,0.523,18,god jesus church bible christ christian,talk.religion.misc,rec.autos,soc.religion.christian,correct following previous posting trying objective recognise gospels independent sources contrary share material bit careful gospels tell events usually use analyses matthew luke probably common source influenced mark petri
1625,8685,15,don just like know think good,0.375,0.532,18,god jesus church bible christ christian,alt.atheism,rec.motorcycles,soc.religion.christian,craig thought derived greek acronym greek isn goes like jesus christ god greek fish apologies greek correct way does sig mean
1626,5951,15,don just like know think good,0.375,0.539,11,image software available ftp files graphics,comp.sys.mac.hardware,rec.motorcycles,comp.graphics,recently upgraded upgraded drivers got software sumex clear install tell files come purpose left instance don want background printing thanks tom
1627,334,14,gun law guns government people state,0.375,0.475,15,don just like know think good,talk.politics.guns,talk.politics.guns,rec.motorcycles,hello understand philosophy bears national area people enter risk better rare human killed bear bears shot bears aren having population explosion humans better human killed bears don agree understand bit different national suppose decision allow provision defense allow provision defense bears suppos
1628,9005,1,space nasa launch earth satellite shuttle,0.375,0.632,15,don just like know think good,sci.space,sci.space,rec.motorcycles,understanding start occur growing distance pluto sun orbit effects pluto shadow vice versa george
1629,4982,14,gun law guns government people state,0.375,0.581,15,don just like know think good,talk.politics.guns,talk.politics.guns,rec.motorcycles,hard know believe letter received batf response sent said search warrant arrest warrant
1630,3939,16,people god does believe evidence say,0.375,0.626,18,god jesus church bible christ christian,soc.religion.christian,alt.atheism,soc.religion.christian,write christian people christian families true quite people group including
1631,1113,15,don just like know think good,0.375,0.496,12,key encryption chip clipper keys privacy,sci.crypt,rec.motorcycles,sci.crypt,reading debate clipper things add people know use encryption privately care issues debate questions use care using secure line second look people know use form encryption group people insist des good secure standard people looking trying improve existing strategies think approve blindly strategy lea
1632,7178,17,power use water ground wire used,0.375,0.528,15,don just like know think good,comp.sys.ibm.pc.hardware,sci.electronics,rec.motorcycles,yeah just read newsgroup uses high quality tube monitors sony example extra cost comes high bandwidth comes fantastic image large image size annoying lines screen come lines result high end tube wires tubes mitsubishi sony sony tubes wire level purely subjective happy don notice lines uses tube view
1633,5977,11,image software available ftp files graphics,0.375,0.541,5,drive card scsi disk dos windows,comp.graphics,comp.graphics,comp.sys.ibm.pc.hardware,faster probably assuming arm efficient mips integer calculations doing compact video like digital video easy task software motion pictures lot like compact video frames sec machine mhz mips
1634,1582,11,image software available ftp files graphics,0.374,0.630,5,drive card scsi disk dos windows,comp.graphics,comp.graphics,comp.sys.ibm.pc.hardware,does anybody know calculate rgb values required set color vga palette colors colors red orange yellow help appreciated email edu
1635,6911,4,health medical disease use patients food,0.374,0.506,15,don just like know think good,sci.med,sci.med,rec.motorcycles,best way self injection use right size needle choose correct spot usually given use needle select spot upper outer major nerves blood clean area injection make sure inject deeply different kind pain felt needle enters muscle skin
1636,9274,16,people god does believe evidence say,0.374,0.489,10,said people went didn came told,talk.religion.misc,alt.atheism,talk.religion.misc,common sense caused koresh followers fbi atf cia kgb maybe harper valley throwing evidence throw prove government agency did don resort covered proves did wild theories government agencies intentionally started key words proof evidence proves did explain koresh defending children burned
1637,3739,15,don just like know think good,0.374,0.616,13,team game year games play season,rec.sport.baseball,rec.motorcycles,rec.sport.hockey,sorry biggest load seen pirates trying trade time vaguely interested teams known grab prince options release released event injury longer capable believe everyday catcher good offense actually improve
1638,2825,10,said people went didn came told,0.374,0.525,16,people god does believe evidence say,talk.religion.misc,talk.religion.misc,alt.atheism,just parents prove quite mother named feet tall father quite alive assert quite simply deity does exist wait similar demonstration
1639,7761,11,image software available ftp files graphics,0.374,0.611,6,window server motif widget use application,comp.windows.x,comp.graphics,comp.windows.x,process evaluating terminals includes running serial line like run benchmarks determine comparative performance written benchmarks know useful programs net heard program called couldn locate using archie reply att com don read newsgroup thanks advance help
1640,5866,7,time use used number point different,0.374,0.640,15,don just like know think good,comp.graphics,rec.autos,rec.motorcycles,according tiff specification tiff version number bytes chosen deep philosophical significance week read guide galaxy second time millions years calculation second best computer time reveals answer question life universe actually picked number does suggestions came moment king time writing note book 
1641,2728,1,space nasa launch earth satellite shuttle,0.374,0.601,15,don just like know think good,sci.space,sci.space,rec.motorcycles,henry assumption gets wins want fine print says thou shall use shelf hardware sorry didn copy proposals run lines dollar reward simple goal ahead development buy shelf higher cost russian assume buy moon launching little payloads leo laser gas gun working bugs assembly integration leo hey couple tun
1642,10039,15,don just like know think good,0.373,0.592,5,drive card scsi disk dos windows,comp.os.ms-windows.misc,rec.motorcycles,comp.sys.ibm.pc.hardware,told panasonic don cis account just use epson driver comes pretty slowly
1643,9519,15,don just like know think good,0.373,0.570,2,car new bike price sale cars,comp.sys.mac.hardware,rec.motorcycles,misc.forsale,told companies sell plastic throw away use version driver ask buy michael
1644,441,15,don just like know think good,0.373,0.631,9,edu com mail information send list,alt.atheism,rec.motorcycles,comp.sys.mac.hardware,dan article deleted add local sunday newspaper add placed section perfect place
1645,1626,16,people god does believe evidence say,0.373,0.471,18,god jesus church bible christ christian,soc.religion.christian,alt.atheism,soc.religion.christian,minor problems article posted proof christ resurrection scriptural quotations sort reasoning beleive justified vain beleive quotations people beleive people try justify positions second logical proof period time event growing larger does increase odds discovered fact longer stronger finally proof re
1646,2931,7,time use used number point different,0.373,0.468,1,space nasa launch earth satellite shuttle,sci.space,rec.autos,sci.space,talks month notes note taking ability means infallible assume factual errors permission granted copy restriction note delta clipper project producing single orbit reusable launch vehicle vehicle scale vehicle designed test concepts ssto currently tests vehicle scale experimental vehicle capable reac
1647,4510,15,don just like know think good,0.373,0.632,13,team game year games play season,rec.sport.hockey,rec.motorcycles,rec.sport.hockey,according questionable newspaper silver dollar canada anniversary stanley cup know used day canada easily fish pocket change right fact question dollar coin know legal tender just coin exchange value sort thing hockey coin collectors chance coin current cost potential value just curious knows soc cu
1648,5683,15,don just like know think good,0.373,0.582,2,car new bike price sale cars,misc.forsale,rec.motorcycles,misc.forsale,hello folks sold time went problems moving keyboard stands don need anymore don want drag country ultimate support stand probably sold gone saturday pick date steady keyboard stand best offer try shaped unit sets arms attach support keyboard main shipping included prices details worked interested it
1649,1340,14,gun law guns government people state,0.373,0.592,15,don just like know think good,talk.politics.guns,talk.politics.guns,rec.motorcycles,doctor firearms tech expert given way gun points accidental injuries way lethal
1650,10,16,people god does believe evidence say,0.373,0.520,18,god jesus church bible christ christian,talk.religion.misc,alt.atheism,soc.religion.christian,yep pretty jew understand jewish way thinking jews believe covenant abraham moses case moral code follow mankind jews decide boundaries fall understand believed torah required pharisees ancestors modern judaism believed torah available interpretation lead understanding required morality essence bibl
1651,1414,7,time use used number point different,0.373,0.502,15,don just like know think good,rec.sport.baseball,rec.autos,rec.motorcycles,going night studying jose proved interesting analysis jose circa sep jose circa june period needs lose pounds gain bulk bat speed absolutely say lost bat speed huge speed open stance killing note acts sort like brian way open start ball released significant head movement note doesn close stance way 
1652,6812,9,edu com mail information send list,0.373,0.604,14,gun law guns government people state,sci.crypt,comp.sys.mac.hardware,talk.politics.guns,makes forget destroy copies key decided criminal today just curious views expressed employer steven johnson johnson com federal systems park drive phone virginia fax
1653,3447,15,don just like know think good,0.373,0.484,11,image software available ftp files graphics,comp.graphics,rec.motorcycles,comp.graphics,yeah corel draw wordperfect presentations pretty limited really thing decent raster vector conversion program tracing technique simple stuff like logos pretty complicated stuff goes suspect don write code good vector conversion program probably big application using come hasn written knowledge mean 
1654,9224,17,power use water ground wire used,0.373,0.583,15,don just like know think good,sci.space,sci.electronics,rec.motorcycles,just bit phil don nuclear fuel plant bomb grade cheaper given current prices things simply new fuel old ones creating potentially dangerous materials national security point view fuel result kind boom hardly decent bomb grade want bomb grade use research reactor power reactor want bomb don use use
1655,286,13,team game year games play season,0.372,0.570,15,don just like know think good,rec.sport.hockey,rec.sport.hockey,rec.motorcycles,recently bought pack prospect hockey cards various players coming nhl got particular card russian named says believe pick guy quoted saying good mario lemieux know guy
1656,6443,10,said people went didn came told,0.372,0.556,15,don just like know think good,talk.politics.guns,talk.religion.misc,rec.motorcycles,didn happen obviously authority camera time present excerpts cult leader view documentary claim source places saw did wonderful fbi tell saw place couldn answer important question root cause suspicion jim jmd handheld com
1657,2478,0,israel turkish armenian jews war israeli,0.372,0.573,15,don just like know think good,soc.religion.christian,talk.politics.mideast,rec.motorcycles,thoughts non killing defend innocent justifiable killing self defense turn right turn jesus meant teach position explicit didn tell leave army instance military apparently early christians refused fight roman army stated refuse given choice clear war roman policies modern warfare impossible direct a
1658,3588,10,said people went didn came told,0.372,0.486,15,don just like know think good,talk.politics.guns,talk.religion.misc,rec.motorcycles,actually minutes hours right guess single source news agency cnn failed mention davidians lighting plain view small scale jim jones type suicide instead aid sorry guy got wrong atf tear gas compound branch davidians going faith set compound killing children survived self slaughter pity children youn
1659,625,6,window server motif widget use application,0.372,0.575,11,image software available ftp files graphics,comp.windows.x,comp.windows.x,comp.graphics,netland thought read existance virtual mwm like usual ftp sites dec com export lcs mit edu trace program anybody hint program confirm deny existance program regards
1660,4128,10,said people went didn came told,0.372,0.579,2,car new bike price sale cars,misc.forsale,talk.religion.misc,misc.forsale,san houses sale west location large lot nice quiet location neighbor space pool rooms living room minutes highways excellent schools shopping transportation nearby unit foot large master suite study eat kitchen large floor wall wall vinyl car garage car port washer hook living room combo totally uni
1661,4323,9,edu com mail information send list,0.372,0.520,2,car new bike price sale cars,misc.forsale,comp.sys.mac.hardware,misc.forsale,selling way ticket washington champaign home university illinois willing offer good price interested email uiuc edu
1662,6643,9,edu com mail information send list,0.372,0.599,2,car new bike price sale cars,misc.forsale,comp.sys.mac.hardware,misc.forsale,week rent use july best offer week traded world hawaii austria far east interval international answer questions help trade paperwork phone numbers order
1663,1538,7,time use used number point different,0.372,0.581,15,don just like know think good,talk.religion.misc,rec.autos,rec.motorcycles,stuff taken line process served peaceful attempt serve warrant occurred think
1664,1754,10,said people went didn came told,0.371,0.523,15,don just like know think good,talk.politics.guns,talk.religion.misc,rec.motorcycles,watch miles away far away really explained filter agency said quote fbi sent letters martin luther king wife having affair tell exactly trust supposedly government suspect plenty willing risk small arms good footage people told hell camera range drew
1665,4812,4,health medical disease use patients food,0.371,0.585,15,don just like know think good,sci.med,sci.med,rec.motorcycles,went tuesday diagnosed having intersection syndrome prescribed want know disease drug thanks
1666,5350,7,time use used number point different,0.371,0.592,15,don just like know think good,talk.politics.guns,rec.autos,rec.motorcycles,having lived played worked near number years confirm ancient pattern dated years old indians stopped making pattern just stopped selling nazi pre note indian versions use clockwise counter clockwise guns rare family doesn rifle remember army don intend hand dislike weapons experience just hide bette
1667,4019,7,time use used number point different,0.371,0.505,15,don just like know think good,comp.windows.x,rec.autos,rec.motorcycles,try computing science course real university conversion course teach real programming space months taught pascal basic low level stuff covered did programming operating systems software engineering plus quite optional units including database theory stuff pascal replaced think year learn windows pro
1668,8407,15,don just like know think good,0.371,0.522,16,people god does believe evidence say,soc.religion.christian,rec.motorcycles,alt.atheism,years ago grabbed following net maybe newsgroup does know source accurate quote thanks leaves homosexual lines groups nazis tried exterminate germany came didn speak wasn communist came jews didn speak wasn jew came trade didn speak wasn trade came homosexuals didn speak wasn homosexual came catholi
1669,4652,1,space nasa launch earth satellite shuttle,0.371,0.577,9,edu com mail information send list,comp.windows.x,sci.space,comp.sys.mac.hardware,david david jpl jpl nasa gov senior software engineer temp use mail object office jet propulsion lab oak drive pasadena earliest possible date prove won tom
1670,8060,2,car new bike price sale cars,0.371,0.576,15,don just like know think good,rec.motorcycles,misc.forsale,rec.motorcycles,logic liability putting stickers car moving chooses start drive car known unsafe condition liable furthermore chance avoid unsafe situation additional factor blame stickers window effective problem taking window remove sticker different story nice paint job door jeff
1671,3201,5,drive card scsi disk dos windows,0.371,0.557,15,don just like know think good,comp.sys.mac.hardware,comp.sys.ibm.pc.hardware,rec.motorcycles,mac sound hardware diverse macs play stereo mix output instance play stereo left channel speaker truly mono like developers know stuff played left channel guaranteed heard right channel isn send data send data left channel course cheers
1672,4720,2,car new bike price sale cars,0.371,0.469,15,don just like know think good,rec.motorcycles,misc.forsale,rec.motorcycles,hate admit mentally kicking rode brand new home friday night miles rain darkness problems got home center stand day pushed center stand preparation going friend house pose guessed got away landed right lower fairing cracked right mirror cracked upper fairing damn stupid going cost local body shop fi
1673,3734,5,drive card scsi disk dos windows,0.371,0.506,11,image software available ftp files graphics,comp.windows.x,comp.sys.ibm.pc.hardware,comp.graphics,hello does somebody know functions haven need install tool hints greatly appreciated reply mail thanks advance
1674,5342,6,window server motif widget use application,0.371,0.521,5,drive card scsi disk dos windows,comp.windows.x,comp.windows.x,comp.sys.ibm.pc.hardware,sun mono built motherboard using color monitor having color screen mono screen tube picked sun mono monitor like make headed care loose screen color tube looking xsun man page sure possible anybody
1675,7644,2,car new bike price sale cars,0.371,0.671,15,don just like know think good,rec.sport.baseball,misc.forsale,rec.motorcycles,kind soul mail mlb program interested road trips year
1676,8270,13,team game year games play season,0.371,0.461,15,don just like know think good,rec.sport.hockey,rec.sport.hockey,rec.motorcycles,keeps talking european expansion thinking thoughts totally ball league format use incompatible europe don know best teams lower divisions promoted worst european fans paid play attitude long support teams run ranger based corporate thinking use term lightly don need good product nyc arena ottawa rec
1677,3839,15,don just like know think good,0.371,0.482,4,health medical disease use patients food,sci.med,rec.motorcycles,sci.med,friend diagnosed result sustained car accident years ago control illness non anti inflammatory worked pretty years isn helping friend taking isn helping control pain past months friend started taking effects combined drugs aren supposed realized months result pain friend having problems sleeping sta
1678,5534,15,don just like know think good,0.371,0.537,5,drive card scsi disk dos windows,comp.sys.mac.hardware,rec.motorcycles,comp.sys.ibm.pc.hardware,question nec monitor apple guy said monitor centris going just nec box got thinking monitor small tilt base maybe weight concentrated apple don know area base tilt additionally cdrom drive middle cut piece wood covered cream covered cloth used buffer layer centris monitor analog com
1679,2905,10,said people went didn came told,0.371,0.544,14,gun law guns government people state,talk.politics.guns,talk.religion.misc,talk.politics.guns,think updated info officer approached questioned officer officer struck head heavy police causing significant life threatening evidence doing threatening time released filed formal complaint officer police chief suspended pending investigation use excessive force pretty clear happened chief requeste
1680,4106,1,space nasa launch earth satellite shuttle,0.371,0.615,15,don just like know think good,sci.space,sci.space,rec.motorcycles,space forum workers kennedy space center sts solid rocket surprised pair outside base right hand tool survived trip launch pad approximately foot altitude nasa lisa told media long time like happened lost tool like initial investigation incident shown corp technician noticed reported missing april u
1681,8467,13,team game year games play season,0.371,0.581,15,don just like know think good,rec.sport.hockey,rec.sport.hockey,rec.motorcycles,interesting german friends robert told forwards canadian germans somebody sort ain north america doubt city having pop support nhl team course switzerland probably judged large city small distances cities yes arena open wall goals essentially arena arena seats berlin new facility built unless olympi
1682,3774,17,power use water ground wire used,0.371,0.585,5,drive card scsi disk dos windows,sci.electronics,sci.electronics,comp.sys.ibm.pc.hardware,currently using external order drive motor direction use pulse width software control assembly language programming afraid alter pulse timing question software control reliable understand port vary duty cycle setting high desire
1683,5102,15,don just like know think good,0.370,0.480,18,god jesus church bible christ christian,soc.religion.christian,rec.motorcycles,soc.religion.christian,hello week posted similar question alt come search deeper level answer lutheran catholic plan getting married church living plan moving month called catholic priest needed order marriage recognized church needless say hard fast rule comes catholic law interpreted pretty sure married problem trick li
1684,6516,8,president government people said program money,0.370,0.529,14,gun law guns government people state,talk.politics.misc,talk.politics.misc,talk.politics.guns,patrick example anti competitive regulations auto dealers deleted let try drag discussion original issues noted necessarily benefits eliminating anti competitive legislation regard auto dealers need swallow entire libertarian agenda accomplish end just grants benefits allowing wishes cut hair sell s
1685,6769,10,said people went didn came told,0.370,0.541,15,don just like know think good,talk.religion.misc,talk.religion.misc,rec.motorcycles,assert thousand year old invisible pink walls need support evidence think evidence shall suffice happen like listening satanic messages playing backwards fbi officials said cult leader david koresh forced followers remain flames closed koresh armed guard injected children poison quiet god saw behold
1686,1637,15,don just like know think good,0.370,0.542,14,gun law guns government people state,talk.politics.guns,rec.motorcycles,talk.politics.guns,does anybody solid data legally owned versus illegally owned firearms used crime know number legally owned guns used crime small like number reference possible data mailed open discussion directed talk politics guns unlike dogs scratch wash just sad try figure did wrong dave barry
1687,9667,9,edu com mail information send list,0.370,0.517,5,drive card scsi disk dos windows,comp.sys.mac.hardware,comp.sys.mac.hardware,comp.sys.ibm.pc.hardware,cleveland freenet edu david writes sure buy switch box monitor just arrangement desk works fine
1688,8207,9,edu com mail information send list,0.370,0.579,15,don just like know think good,talk.politics.mideast,comp.sys.mac.hardware,rec.motorcycles,think surprised posted article happy feedback readers judge accuracy article assumes fabrication critical review helpful
1689,8061,9,edu com mail information send list,0.370,0.487,15,don just like know think good,rec.sport.baseball,comp.sys.mac.hardware,rec.motorcycles,stuff inning scores deleted just exact time message results game necessary thanks hernandez posts daily standings results day supposed just wondering meant entirely service entire baseball world usenet especially east coast final scores west coast games newspapers late helpful fans countries receive
1690,6562,5,drive card scsi disk dos windows,0.370,0.578,15,don just like know think good,comp.os.ms-windows.misc,comp.sys.ibm.pc.hardware,rec.motorcycles,rules permanent swap file non space suspect responsible difference free disk case depends running increase swap file think applications couldn run closed
1691,7148,2,car new bike price sale cars,0.369,0.648,15,don just like know think good,rec.autos,misc.forsale,rec.motorcycles,fairly hard run lack power surely make handling great streets corners fairly light car low center gravity quite free engine fun car driven turbo converted starting perform thought mazda regards scott scott fisher scott local department psychology university western australia joy flat battery blown o
1692,7850,10,said people went didn came told,0.369,0.588,15,don just like know think good,soc.religion.christian,talk.religion.misc,rec.motorcycles,following comment article bradley clh koresh did originally claim christ backed said prophet latest news waco feds broke wall compound tank news time
1693,3451,9,edu com mail information send list,0.369,0.616,11,image software available ftp files graphics,comp.os.ms-windows.misc,comp.sys.mac.hardware,comp.graphics,hello everybody searching business information windows application create used drawing programs fax programs mail information references summaries results media thank advance
1694,3057,9,edu com mail information send list,0.369,0.639,15,don just like know think good,sci.space,comp.sys.mac.hardware,rec.motorcycles,saw thought second headline star recently know wire built tommy mac tom radius vision increases ibm msu edu circumference mystery grows
1695,5177,7,time use used number point different,0.369,0.552,15,don just like know think good,rec.motorcycles,rec.autos,rec.motorcycles,remember seeing large engine oil requirements ways life oil run chamber allow water boil long term usage oil practical isn discovery channel great
1696,4640,15,don just like know think good,0.369,0.509,1,space nasa launch earth satellite shuttle,sci.space,rec.motorcycles,sci.space,attended goddard fall head operations section nasa talking future missions going funded don remember title hand discarded announcement case asked matter spend million instruments place going available lead time instrument like magellan years spent spent using current instruments current budget littl
1697,2260,15,don just like know think good,0.369,0.645,4,health medical disease use patients food,sci.med,rec.motorcycles,sci.med,assuming having throat given taken course culture negative worry carrier
1698,763,15,don just like know think good,0.369,0.594,9,edu com mail information send list,talk.politics.guns,rec.motorcycles,comp.sys.mac.hardware,long time reader rkba supporter firearms brother netcom com nra
1699,4759,15,don just like know think good,0.369,0.524,18,god jesus church bible christ christian,talk.religion.misc,rec.motorcycles,soc.religion.christian,life flesh blood given make souls blood makes soul old testament big eye eye business makes sense support physical injury moral know taught sunday school class theology classes accept maybe understanding maybe just understanding heart know punishment innocent man wrong tried repeatedly course years 
1700,9681,9,edu com mail information send list,0.369,0.594,16,people god does believe evidence say,talk.politics.misc,comp.sys.mac.hardware,alt.atheism,noted present gay nation view isolated event thank error post net information came newspaper article fuzzy mind wonder similar presence new york boston liberation mark north american micro biological laboratories association packet containing sample bulletin publications list membership information 
1701,4209,15,don just like know think good,0.369,0.597,16,people god does believe evidence say,rec.autos,rec.motorcycles,alt.atheism,absolutely correct streak runs deeper stronger experienced height racial absolutely convinced kids today concept right wrong human intelligence turning greatest walked earth unless rest humanity decides best stand humans individuals start taking responsibility protection state individuals turn autho
1702,6642,10,said people went didn came told,0.369,0.608,15,don just like know think good,talk.politics.guns,talk.religion.misc,rec.motorcycles,subject tear gas received initial introduction tear gas thing came mind location exit way corners negotiate doors open obstacles movement difficult time exiting chamber concentration tear gas hazardous individuals problems wearing soft contact lenses tear gas area considered real bad idea hoping com
1703,9120,5,drive card scsi disk dos windows,0.369,0.545,15,don just like know think good,misc.forsale,comp.sys.ibm.pc.hardware,rec.motorcycles,just posting friend don reply friend simms sale conner hard drive runs john reached bbs called classified connection hear awesome voice
1704,6702,7,time use used number point different,0.369,0.634,16,people god does believe evidence say,talk.religion.misc,rec.autos,alt.atheism,thou shall law honestly word sin restriction kid does man words vision thousands individuals quoting man quoting order taken context words interpreted differently applied original expression think case regarding beta superior order belong included bit did service showed order members known little kn
1705,4923,14,gun law guns government people state,0.369,0.633,15,don just like know think good,talk.politics.guns,talk.politics.guns,rec.motorcycles,oregon background check slap day waiting period unless ccw meet
1706,7784,15,don just like know think good,0.369,0.487,0,israel turkish armenian jews war israeli,talk.politics.mideast,rec.motorcycles,talk.politics.mideast,small refresh hasan got track impression hasan realized trying drop thread let save portion sorry face really logical person likes calling started article contains abuses responding reading articles written acquired bad habits bad company followup subject way bothered responding calling assumption f
1707,7071,7,time use used number point different,0.368,0.570,5,drive card scsi disk dos windows,sci.electronics,rec.autos,comp.sys.ibm.pc.hardware,units pre production sample devices normally distributed evaluation guaranteed meet spec yep sure thing like motorola
1708,9521,15,don just like know think good,0.368,0.546,2,car new bike price sale cars,rec.motorcycles,rec.motorcycles,misc.forsale,does know later interested getting rid need motor buy bike email replies david ncr com edu
1709,285,15,don just like know think good,0.368,0.522,1,space nasa launch earth satellite shuttle,sci.space,rec.motorcycles,sci.space,actually probably fuel reserve case chase astronaut like yes got idea taking shuttle somebody build module shelf item trivial piece hardware include attitude control hst strong compensate things like guidance provision feed data hst external device separation don want left attached afterward avoid p
1710,1719,8,president government people said program money,0.368,0.620,15,don just like know think good,talk.politics.guns,talk.politics.misc,rec.motorcycles,government liberals batf fbi contributions taxes abortion elimination tissue clinton president happen hydrogen bomb yep yep
1711,9485,5,drive card scsi disk dos windows,0.368,0.600,15,don just like know think good,comp.os.ms-windows.misc,comp.sys.ibm.pc.hardware,rec.motorcycles,thanks info assume does know work needs thanks
1712,3924,8,president government people said program money,0.368,0.542,16,people god does believe evidence say,talk.politics.misc,talk.politics.misc,alt.atheism,fine libertarians uncomfortable use state sponsored coercion notion coercion virtually eliminated society properly eliminated state longer worth consideration view peculiar libertarians example does non initiated force coercion include tax collection does include minimal level regulation commerce ad
1713,9886,15,don just like know think good,0.368,0.548,14,gun law guns government people state,talk.politics.guns,rec.motorcycles,talk.politics.guns,supports basing regulations ignorance miller disappeared bothered present supreme court particular shotguns used world war tight spots guns invented turn clean louis
1714,1904,8,president government people said program money,0.368,0.545,15,don just like know think good,talk.politics.misc,talk.politics.misc,rec.motorcycles,case haven noticed pushing universal health care access program access means folks damn children health care services delivered disclaimer opinions expressed employer
1715,5365,2,car new bike price sale cars,0.368,0.644,15,don just like know think good,misc.forsale,misc.forsale,rec.motorcycles,nintendo bit power pad light gun controllers games duck hunt power field wings asking
1716,4618,2,car new bike price sale cars,0.367,0.635,9,edu com mail information send list,misc.forsale,misc.forsale,comp.sys.mac.hardware,following sale printer working condition postage game lost files holmes original box contents used time unregistered postage email email com
1717,6633,6,window server motif widget use application,0.367,0.604,15,don just like know think good,comp.os.ms-windows.misc,comp.windows.x,rec.motorcycles,read electronic magazine think thing multi user supports user time support multiple clients actual user mileage vary posting does represent opinions employers
1718,2739,5,drive card scsi disk dos windows,0.367,0.541,15,don just like know think good,comp.os.ms-windows.misc,comp.sys.ibm.pc.hardware,rec.motorcycles,hey sounds great does mean works thought uses problem lan drivers uses hate load drivers make work read german computer magazine tcp support just corner anybody news regards richard possibly caused message message spread twice outside munich send short note help debug news application
1719,498,11,image software available ftp files graphics,0.367,0.565,6,window server motif widget use application,comp.sys.ibm.pc.hardware,comp.graphics,comp.windows.x,huge software packages files produce ide longer sufficient limit broken limit ide available greg edu
1720,3116,11,image software available ftp files graphics,0.367,0.566,5,drive card scsi disk dos windows,comp.windows.x,comp.graphics,comp.sys.ibm.pc.hardware,sgi indigo mips chip running working remotely batch mode programs using clock code slower running processes affect consistent explanations real imagined
1721,364,6,window server motif widget use application,0.367,0.528,11,image software available ftp files graphics,comp.windows.x,comp.windows.x,comp.graphics,respond email anybody actually seen tek color space stuff working having luck editor export lcs mit edu reilly ftp able example ftp net reilly example fails set inputs returns smaller value does makes sense editor fails apparently mathematical color specs results invalid values actually edit colors 
1722,6605,16,people god does believe evidence say,0.367,0.531,0,israel turkish armenian jews war israeli,talk.politics.mideast,alt.atheism,talk.politics.mideast,lived july think input relevant separate questions obviously israeli authorities recognize israeli nationality purposes services cards field nationality field provided provided religious departments gov general case israel borders shaped war peace israeli gov felt defining borders step meaningful pe
1723,3048,12,key encryption chip clipper keys privacy,0.367,0.550,14,gun law guns government people state,sci.crypt,sci.crypt,talk.politics.guns,pay start looking proposal mean police agency just bad idea suppose state police want tap suspect phone need warrant just like old days unlike old days need federal agencies parts key happens tiff escrow houses release keys political state lower level police agencies watch big boys play politics pot
1724,8291,16,people god does believe evidence say,0.367,0.623,15,don just like know think good,talk.religion.misc,alt.atheism,rec.motorcycles,don mean using complete golden dawn source unless lying pulling original order multiple modern groups comment spin member religious society friends membership urbana champaign friends meeting ironic don want belong runs claiming true disgusting enjoy journey peculiar
1725,6390,16,people god does believe evidence say,0.367,0.545,15,don just like know think good,talk.politics.misc,alt.atheism,rec.motorcycles,government force available doesn libertarian position government use force uses force force directed government citizens true safeguards government claiming initiation force really response like burning maine gulf incident assault waco ask argue understand followups alt politics libertarian
1726,1042,10,said people went didn came told,0.367,0.616,15,don just like know think good,talk.politics.guns,talk.religion.misc,rec.motorcycles,chance quite similar grain bin explosion explosion note entire compound merely burned explosion ignition causing note miles decent grain explosion knock butt ears ring days speak experience
1727,9550,15,don just like know think good,0.367,0.516,4,health medical disease use patients food,sci.med,rec.motorcycles,sci.med,compounds places fruits popular especially europe treat seemingly extreme cases months ago friend visiting italy said friend sold asked look sure contained active probably destroyed placebo effect skeptical idea doing wise days studies attempted look effect compounds human disease nutrition controll
1728,9379,9,edu com mail information send list,0.367,0.538,7,time use used number point different,comp.graphics,comp.sys.mac.hardware,rec.autos,head try given center sphere determined dist radius distance points dist dist dist dist course square thing rid square roots plug variables distance formula terms cancel leaving independent equations solve using favorite method best john john lord god subtle information technology institute national
1729,6115,17,power use water ground wire used,0.366,0.573,15,don just like know think good,sci.electronics,sci.electronics,rec.motorcycles,greetings situation phone jack mounted wall don know number line don want operator place trace
1730,6977,5,drive card scsi disk dos windows,0.366,0.542,2,car new bike price sale cars,misc.forsale,comp.sys.ibm.pc.hardware,misc.forsale,little research price asking bit high best offer features uses modulation create sounds programmable envelopes pitch like like steps sounds memory ram cartridge keys pitch bend wheel midi ports includes manuals want adapter use batteries line cord ram cartridge holds additional sounds throw bunch sh
1731,3583,9,edu com mail information send list,0.366,0.461,14,gun law guns government people state,talk.politics.guns,comp.sys.mac.hardware,talk.politics.guns,fellow members crime strike texas crime strike texas coalition victims rights groups texas ask write letter release following murderer letter written victims services board box capital station austin texas letter written possible red paper agreed meetings represents coalition parts heart left blood 
1732,9063,2,car new bike price sale cars,0.366,0.568,15,don just like know think good,sci.space,misc.forsale,rec.motorcycles,sticks just morning second grade came chocolate strawberry cylinders long diameter wrapped yellow space foil like space foil time taste hard remember certainly say modern power bar sort injected chocolate power bar rough taste strawberry sucked man
1733,2485,2,car new bike price sale cars,0.366,0.571,15,don just like know think good,rec.autos,misc.forsale,rec.motorcycles,just chrysler painted told refrain leave sun supposedly let escape paint month smell feet away hot day lets slight surface flow paint remains little soft
1734,4531,7,time use used number point different,0.366,0.570,18,god jesus church bible christ christian,talk.religion.misc,rec.autos,soc.religion.christian,glorious eve thou shall law word sin restriction concern known exists external visible organization men women having path real self knowledge having burning willing benefit experience act spiritual guides willing societies associations orders groups founded thirty years parts world following line st
1735,3178,16,people god does believe evidence say,0.366,0.546,15,don just like know think good,soc.religion.christian,alt.atheism,rec.motorcycles,deleted glad atheist tragic people choose meaningless existence terrible living fears death life feel sorry eric attempts share joy life considered evidence infectious nature christianity christian free human person think love choose create live forever god christ kind drug drugs replacement christ 
1736,5614,2,car new bike price sale cars,0.366,0.587,15,don just like know think good,rec.autos,misc.forsale,rec.motorcycles,knowledge driving second hand think correct statements yeah paradise fact forget heard relatives drivers esp germany disciplined relatives resident hired car airport went miles home said grew year older ride drive car germany kept promise situation worse effect increased volume traffic mean better d
1737,7738,5,drive card scsi disk dos windows,0.366,0.555,6,window server motif widget use application,comp.graphics,comp.sys.ibm.pc.hardware,comp.windows.x,tommy probably talking standard vga modes modes tseng super vga modes viewing gif lousy small monitor view linux think change view sources make use modes sources designed easy addition new super vga support mode array register values program array declaration kind describing current mode haven tried
1738,8772,14,gun law guns government people state,0.366,0.576,2,car new bike price sale cars,rec.autos,talk.politics.guns,misc.forsale,reminds texas ads hear guy speaking french like letter home french moves background french voice come foreground talking went walking beach felt like home decided shoes rest clothes ended send normally unloaded colt delta glove box loaded magazine handy perfectly legal oklahoma times travelling inte
1739,1855,0,israel turkish armenian jews war israeli,0.366,0.543,8,president government people said program money,talk.politics.guns,talk.politics.mideast,talk.politics.misc,speak organizations cited look society government movement world government fact media values clues fact economic strength americans possibly future enemy just fact words like community nations global village international business international corporations destroying economy propaganda playing med
1740,1267,2,car new bike price sale cars,0.365,0.575,15,don just like know think good,comp.graphics,misc.forsale,rec.motorcycles,apple just released quicktime volume new inside macintosh series bookstore reasonable technical stock
1741,6820,2,car new bike price sale cars,0.365,0.588,15,don just like know think good,misc.forsale,misc.forsale,rec.motorcycles,animals dance seriously saw video sale brand new palmer video guess dance like
1742,6984,6,window server motif widget use application,0.365,0.591,5,drive card scsi disk dos windows,comp.sys.mac.hardware,comp.windows.x,comp.sys.ibm.pc.hardware,possibly solution needs used years personal fatal bug recent bug shows heavy serial traffic completely crashes reboot time hit restart button told january aware working fixing bug described answered asking status bug fix great going using baud problems
1743,6053,17,power use water ground wire used,0.365,0.567,5,drive card scsi disk dos windows,comp.sys.ibm.pc.hardware,sci.electronics,comp.sys.ibm.pc.hardware,expert understanding watts output power supply exceed sum hard disk watts requirement typically power supply sufficient power hope help lau
1744,1999,15,don just like know think good,0.365,0.546,16,people god does believe evidence say,talk.politics.guns,rec.motorcycles,alt.atheism,say presume mean talking restricting rights restricting rights arguing restrictions lead implementation way assault lead battery legal definitions speak homosexuals seen alot polite discussion don guy word matter read try determine direction post generally receive reasoned responses true tend lose q
1745,3913,15,don just like know think good,0.365,0.538,0,israel turkish armenian jews war israeli,talk.politics.mideast,rec.motorcycles,talk.politics.mideast,really belong usa don know holocaust real word write message virginia edu date sat apr gmt later somebody informed gross mistake write message virginia edu date sun apr gmt instead joseph dare say know nazi germany people maybe including sure learned history nazi germany austria family trying make c
1746,7873,15,don just like know think good,0.365,0.475,0,israel turkish armenian jews war israeli,talk.politics.mideast,rec.motorcycles,talk.politics.mideast,suggest national covenant use exact words quoted sure agree message issued later home try precise section research hope realize arafat western media inform officially exact intentions issue far concerned stands bible speak mainstream palestinian national movement pro israel say influenced opinions a
1747,949,15,don just like know think good,0.365,0.456,0,israel turkish armenian jews war israeli,talk.politics.mideast,rec.motorcycles,talk.politics.mideast,actions taken sides tough talk sides arab leader throw jews water tough talk think killing people mildly justified opinion israeli soldiers justified opinion jews justified opinion brad wrote article israelis killed ther lot pride satisfaction lines feel disgusting agree killing technically murder a
1748,884,5,drive card scsi disk dos windows,0.365,0.572,7,time use used number point different,comp.sys.mac.hardware,comp.sys.ibm.pc.hardware,rec.autos,noticed exact phenomenon occurs lciii new machines
1749,5375,15,don just like know think good,0.364,0.559,16,people god does believe evidence say,sci.med,rec.motorcycles,alt.atheism,thoughts think easier generation accept genetic manipulation people nature ignoring old practice doing just new human intervention arrogance manipulation routinely natural certainly big deal interesting human probably trade addition positive social environment genetic gifts having won advantage peop
1750,769,17,power use water ground wire used,0.364,0.503,2,car new bike price sale cars,misc.forsale,sci.electronics,misc.forsale,foot switches sale great guitar amps keyboards diameter cable like make offer knows jason
1751,963,15,don just like know think good,0.364,0.515,2,car new bike price sale cars,rec.autos,rec.motorcycles,misc.forsale,anybody got good bad experience selling car car hunters selling dodge stealth contacted company called group based illinois said buyers area interested car wouldn talking talked good minutes asking car said sell problem guaranteed didn sell car days money charged protected federal law states satisfi
1752,6983,10,said people went didn came told,0.364,0.555,15,don just like know think good,rec.autos,talk.religion.misc,rec.motorcycles,afraid time come rice finally died promised wife tour car died pick volvo sweden drive import home advice relative costs references learn personal experience email
1753,9829,7,time use used number point different,0.364,0.598,18,god jesus church bible christ christian,soc.religion.christian,rec.autos,soc.religion.christian,cell church fundamental building block cell group small group believers small groups responsible ministry church emphasis relationships programs relationship based probably raise questions answered nutshell
1754,6322,5,drive card scsi disk dos windows,0.364,0.608,11,image software available ftp files graphics,comp.windows.x,comp.sys.ibm.pc.hardware,comp.graphics,does information advice large color monitors use running server software looking quality information price information welcomed thanks david
1755,94,15,don just like know think good,0.364,0.552,11,image software available ftp files graphics,sci.electronics,rec.motorcycles,comp.graphics,program lot shareware similar approach send money documentation free upgrade latest version support small degree want offer better version figure seen doesn really hurt users shareware cheaper alternatives visit sounding board bbs bbs opinions specifically responsible
1756,976,2,car new bike price sale cars,0.364,0.570,5,drive card scsi disk dos windows,misc.forsale,misc.forsale,comp.sys.ibm.pc.hardware,roland voice fully programmable analog size keys midi memory store patches built speakers connectors midi input expansion pedal head phones tape load save patch shift pedal hold output asking
1757,8941,7,time use used number point different,0.364,0.453,11,image software available ftp files graphics,sci.electronics,rec.autos,comp.graphics,written program want market like certain degree protection main individuals know laser hole burning method hardware key method software going cost afford low price afford people make copy software guess say upto copying want copy copy software course meant forbid true hackers copying better program 
1758,3928,16,people god does believe evidence say,0.364,0.548,0,israel turkish armenian jews war israeli,alt.atheism,alt.atheism,talk.politics.mideast,likely tragic situation bosnia combination religious motives religion just attribute groups agree sad bosnia terrible example case religion helping instead used weapon humans bosnian looks like serbs willing use christianity weapon friends cheers kent
1759,997,2,car new bike price sale cars,0.363,0.515,5,drive card scsi disk dos windows,sci.electronics,misc.forsale,comp.sys.ibm.pc.hardware,use advantage really don know worth fiber modems model interface appear new powered used tell work make offer isc modem model interface internal fan powers fine condition unknown phone company make offer motorola modem interface appears work check make offer thanks buy stuff goes door
1760,1346,15,don just like know think good,0.363,0.530,0,israel turkish armenian jews war israeli,talk.politics.mideast,rec.motorcycles,talk.politics.mideast,president clinton recognize jerusalem keeping diplomatic rear door open stating parties concerned decide city final status course definitely matter decided israel participating neighboring real conflict stating views expect better politicians
1761,9466,9,edu com mail information send list,0.363,0.551,6,window server motif widget use application,comp.sys.mac.hardware,comp.sys.mac.hardware,comp.windows.x,user word using symbols plus doing document shows screen problems looks fine tries print changes symbols change double quotes character plus little circles appear words instead spaces happens laser printer tried macs different prints fine laser printers wrong thanks help advance gary gary university
1762,2741,8,president government people said program money,0.363,0.485,9,edu com mail information send list,misc.forsale,talk.politics.misc,comp.sys.mac.hardware,summer housing needed university washington seattle looking place stay summer university washington seattle doing seattle got kind space summer send email expect start week june george george edu george village
1763,8439,7,time use used number point different,0.363,0.614,15,don just like know think good,sci.space,rec.autos,rec.motorcycles,test reusable tool stick pants better closer brains
1764,5251,2,car new bike price sale cars,0.363,0.504,5,drive card scsi disk dos windows,misc.forsale,misc.forsale,comp.sys.ibm.pc.hardware,time clean closet stuff offers isn read carefully make offer department wordperfect upgrade copy includes disks upgrade manuals best offer balance power edition amiga manual card best offer sale department model auto reverse open stereo tape deck auto reverse deck records tape just like cassette dec
1765,7090,6,window server motif widget use application,0.363,0.532,5,drive card scsi disk dos windows,comp.sys.ibm.pc.hardware,comp.windows.x,comp.sys.ibm.pc.hardware,just got problem modem use connect university garbage screen know noise line actually hear question error correction protocol help eliminate garbage modem doesn hardware software implemented protocol trick thanks juan
1766,2150,14,gun law guns government people state,0.363,0.525,8,president government people said program money,talk.politics.guns,talk.politics.guns,talk.politics.misc,washington update desk past months clinton administration mixed signals coming economy leading indicators shown apparent improvement economy corresponding improvement area jobs creation unemployment figures mark month effort understand problem president clinton appointed blue ribbon panel try resolv
1767,2319,2,car new bike price sale cars,0.363,0.594,15,don just like know think good,rec.autos,misc.forsale,rec.motorcycles,boy lucky went new texas rangers stealth patrol car good thing slowed
1768,4966,2,car new bike price sale cars,0.363,0.563,15,don just like know think good,sci.med,misc.forsale,rec.motorcycles,thanks assistance try different brand patches tried brands brands come head fourth
1769,7555,17,power use water ground wire used,0.363,0.588,15,don just like know think good,rec.autos,sci.electronics,rec.motorcycles,using functions anymore doubt motor electronics start ttl
1770,10002,10,said people went didn came told,0.363,0.533,15,don just like know think good,soc.religion.christian,talk.religion.misc,rec.motorcycles,agree god makes husband head house surely needs help wife lord gave house thank god beautiful woman brought life couldn lead help wonderful wife
1771,1248,6,window server motif widget use application,0.363,0.569,11,image software available ftp files graphics,comp.windows.x,comp.windows.x,comp.graphics,using year unix sun windows platforms opinion best toolkit market supports rich api high level ipc mechanism file memory management command driven application development drawing geometry management yeah open look motif windows mac flip switch
1772,7223,5,drive card scsi disk dos windows,0.363,0.559,2,car new bike price sale cars,misc.forsale,comp.sys.ibm.pc.hardware,misc.forsale,time spring cleaning following items sale roland multi sound module upto voices char lcd display midi reference card stereo output great games support music far superior sound card midi adding additional sounds midi setup shipping canon video camera includes camera carrying battery pack battery char
1773,3711,14,gun law guns government people state,0.362,0.575,15,don just like know think good,talk.politics.misc,talk.politics.guns,rec.motorcycles,stand corrected guess comments pork making stands everybody opinion following related topic people natives territories representation house rep congress constitution sets house representatives represent state proportion population senate represent state equally territories like does knowledge handle
1774,9953,1,space nasa launch earth satellite shuttle,0.362,0.692,15,don just like know think good,sci.space,sci.space,rec.motorcycles,bird expecting die soon orbit major users areas needed provide plane orbit user community
1775,5449,10,said people went didn came told,0.362,0.544,15,don just like know think good,talk.religion.misc,talk.religion.misc,rec.motorcycles,brought ussr innocent proven guilty jury dan dead country tax charge brought death country really blind idiot sure death batf stayed home alive murdered short memory sleep idiot sleep sleep simple minded shall country short patience dogs deserve better treatment got jim jmd handheld com
1776,3452,15,don just like know think good,0.362,0.507,4,health medical disease use patients food,sci.med,rec.motorcycles,sci.med,note research mixed consensus role role short chain patients short shorter role treatment short chain looking forward upcoming meeting boston people doing raise hypothesis studies restriction contact authors directly write letter editor good point way general use know acid speaking brian physician n
1777,5461,4,health medical disease use patients food,0.362,0.581,15,don just like know think good,sci.med,sci.med,rec.motorcycles,aware foreign doctors admitted training apply resident alien status order green card return country apply course problem agreeing practice town need district rider saying allowed permanent lot bills congress riders attached citizen common cracking trying tell citizens follow gordon banks skepticism 
1778,5380,4,health medical disease use patients food,0.362,0.496,7,time use used number point different,sci.med,sci.med,rec.autos,does anybody know information regarding total quality management quality control quality assurance delivery health care service appreciate information post responses fact hot topic medicine days medical literature devoted heavily funded studies days outcome research physicians constantly truly effec
1779,9412,15,don just like know think good,0.362,0.595,18,god jesus church bible christ christian,soc.religion.christian,rec.motorcycles,soc.religion.christian,wondering knew changes temple ceremony years think revelation mainstream christianity know god makers published quite ago changed interested influence early especially smith family settlement info new studies appreciated thanks
1780,5586,2,car new bike price sale cars,0.362,0.526,15,don just like know think good,rec.autos,misc.forsale,rec.motorcycles,question answered live live place crime apparent good idea simply professional thief wants vehicle good gone matter slow good idea basic options ignition kill fuel cut flashing red led basic decent alarm slow criminal steering wheel lock sufficient persuade thief easier target car life confusing hop
1781,7118,10,said people went didn came told,0.362,0.531,0,israel turkish armenian jews war israeli,talk.politics.mideast,talk.religion.misc,talk.politics.mideast,news missed apr busy media israeli soldiers israeli soldiers sexually arab women occupied gaza strip week long sealed palestinians jewish state palestinian sources said sunday incidents occurred town involved soldiers centre house house palestinian activists imposed strip occupied west bank days ago
1782,8123,10,said people went didn came told,0.362,0.637,2,car new bike price sale cars,rec.autos,talk.religion.misc,misc.forsale,apparently woman husband auto door locks feels safer car locks easily addition watching spot keys ready open door
1783,1571,15,don just like know think good,0.361,0.507,13,team game year games play season,rec.sport.hockey,rec.motorcycles,rec.sport.hockey,mlb perfectly willing players just defect sort like situation used russian czech hockey players political situation countries changed
1784,4089,15,don just like know think good,0.361,0.598,5,drive card scsi disk dos windows,sci.electronics,rec.motorcycles,comp.sys.ibm.pc.hardware,let try sending message time sorry bout does know products using motorola chips utilizing standard network variable types
1785,8693,8,president government people said program money,0.361,0.603,0,israel turkish armenian jews war israeli,talk.politics.mideast,talk.politics.misc,talk.politics.mideast,danny israeli journalist speaking tonight wednesday subject politics israel speaking berkeley campus talk sponsored berkeley israel action committee
1786,2762,15,don just like know think good,0.361,0.551,5,drive card scsi disk dos windows,comp.graphics,rec.motorcycles,comp.sys.ibm.pc.hardware,reason saw original post thread looking fast polygon routines vga really past mode stuff code domain far know original articles routines presented dumb vga routines interesting discussion way interested details issues question home
1787,1900,6,window server motif widget use application,0.361,0.624,11,image software available ftp files graphics,comp.os.ms-windows.misc,comp.windows.x,comp.graphics,update allow person using novell windows file manager view files person created changed like novell command tim com
1788,2580,15,don just like know think good,0.360,0.578,14,gun law guns government people state,rec.motorcycles,rec.motorcycles,talk.politics.guns,esp agree reasonable laws strict enforcement tough sentences andrew did post looking sympathy consequences posted asking advice extremely high quote post obviously valid later insurance noted did defend way drunk driving drunk driving repeat worry try make person longer problem paid debt society ste
1789,2071,19,file entry output program section char,0.360,0.470,11,image software available ftp files graphics,comp.os.ms-windows.misc,rec.sport.baseball,comp.graphics,need just change wallpaper written short program does using function bad news need dll run dll program order pictures depends date number bmp files directory picture remains execute program multiple times day number changed feel need uuencode email ftp
1790,3104,5,drive card scsi disk dos windows,0.360,0.583,9,edu com mail information send list,comp.graphics,comp.sys.ibm.pc.hardware,comp.sys.mac.hardware,eisa isa just happens does cards email info com details thomas
1791,2983,5,drive card scsi disk dos windows,0.360,0.637,15,don just like know think good,comp.sys.mac.hardware,comp.sys.ibm.pc.hardware,rec.motorcycles,type problem point apple rep told duo file version fixes kind sleep related problem want investigate
1792,1093,2,car new bike price sale cars,0.360,0.548,15,don just like know think good,rec.autos,misc.forsale,rec.motorcycles,ford tried ranger pickup horn end turn signal instead center wheel god intended drove different cars camry did used pushing turn signal blow horn time got right getting annual state required safety inspection ford better ideas
1793,4970,2,car new bike price sale cars,0.360,0.545,15,don just like know think good,rec.motorcycles,misc.forsale,rec.motorcycles,continuously forum street quite difference opinions motorcycling different individuals cruiser bike riders different view motorcycling sport bike riders like dislike motorcycling closed minded recognize effect close minded scan information lot noise pointless flame age used instead problem really so
1794,7764,11,image software available ftp files graphics,0.360,0.556,15,don just like know think good,comp.windows.x,comp.graphics,rec.motorcycles,directory unix tmp start created directory wasn created root contains file owned
1795,1390,16,people god does believe evidence say,0.360,0.494,0,israel turkish armenian jews war israeli,alt.atheism,alt.atheism,talk.politics.mideast,fairly sure obtain citizenship making application require germany certain applied citizenship inevitable case interesting propaganda purposes said times don consider iran particularly good islamic state talk rights people capitalist secular world countries examples lack rights world countries say ex
1796,9607,15,don just like know think good,0.360,0.534,11,image software available ftp files graphics,comp.graphics,rec.motorcycles,comp.graphics,trying figure way adobe auto trace exactly screen edges pixels resulting images useless need exact tracing approximate tried adjusting doesn help suggestions
1797,9436,6,window server motif widget use application,0.360,0.489,11,image software available ftp files graphics,comp.windows.x,comp.windows.x,comp.graphics,know shading program based xlib public domain need example allocate correct program appreciate help don know help just started playing program called povray vision displays output windows does fairly good job colormap color plane display got source site person david buck patrick tgv window washer tg
1798,9625,15,don just like know think good,0.359,0.554,6,window server motif widget use application,comp.os.ms-windows.misc,rec.motorcycles,comp.windows.x,remember reading program windows icons run away mouse moved near does know program ftp location probably cica
1799,9461,15,don just like know think good,0.359,0.547,11,image software available ftp files graphics,comp.graphics,rec.motorcycles,comp.graphics,looking software run brand new knows sites useful stuff want let know mail thanks lot jamie com
1800,8138,15,don just like know think good,0.359,0.593,17,power use water ground wire used,rec.autos,rec.motorcycles,sci.electronics,don understand vent windows create tremendous noise makes simple impossible speeds current flow designed right far superior
1801,1949,16,people god does believe evidence say,0.359,0.559,15,don just like know think good,alt.atheism,alt.atheism,rec.motorcycles,higher risk killed actually killed mistake agree concept type murderers massive waste space resources don agree concept killing wrong kill punish punishment kill lacking consistency
1802,4413,14,gun law guns government people state,0.359,0.580,7,time use used number point different,sci.crypt,talk.politics.guns,rec.autos,cases information come properly use wish certainly exceptions write paper includes sufficiently detailed information build nuclear weapon classified understand law nuclear weapons design classified work believe allowed read paper example tell drivers speed trap run argue broke law discovered locatio
1803,5301,9,edu com mail information send list,0.359,0.571,16,people god does believe evidence say,alt.atheism,comp.sys.mac.hardware,alt.atheism,volumes speaks fact leaves choices definitely agree psychological reasoning belief mac michael cobb won raise taxes middle university illinois class pay programs champaign urbana clinton debate cobb lis uiuc edu
1804,8078,7,time use used number point different,0.359,0.516,15,don just like know think good,rec.sport.hockey,rec.autos,rec.motorcycles,stuff deleted recall author article started thread claimed changing names variety reasons roger flamed severely grounds supported changing grounds current names inappropriate individuals represent think flaming think enhanced credibility just observation aside real question like idea changing names 
1805,5575,13,team game year games play season,0.359,0.602,15,don just like know think good,rec.sport.baseball,rec.sport.hockey,rec.motorcycles,dodgers inning play committed error rate errors season maybe right time warren
1806,1899,11,image software available ftp files graphics,0.359,0.539,5,drive card scsi disk dos windows,misc.forsale,comp.graphics,comp.sys.ibm.pc.hardware,sale software packages ibm compatible computers wing commander deluxe edition includes secret missions includes original packaging manuals disks includes registration card send register original price wing commander original price secret missions original price secret missions total original price a
1807,9999,19,file entry output program section char,0.359,0.634,7,time use used number point different,comp.graphics,rec.sport.baseball,rec.autos,looking algorithm determine given point bound polygon does code reference book containing information subject regards simon function rand van index return return return
1808,7450,15,don just like know think good,0.359,0.624,14,gun law guns government people state,talk.politics.guns,rec.motorcycles,talk.politics.guns,statement simply fault atf element surprise lost element surprise paragraph said special agents announced purpose compound serve federal warrant element surprise needed element surprise lost needed strike warning read need wait comes anymore facts just opinions observations jim jmd handheld com
1809,1184,17,power use water ground wire used,0.359,0.490,14,gun law guns government people state,sci.electronics,sci.electronics,talk.politics.guns,hope knowledgeable readers make comment contribution state virginia radar detectors illegal period caught spot returned appear court pay fine fine having radar detector accessible motor vehicle sorry ignorance law excuse used way law enforced officer actually radar detector law enforcement agencies 
1810,7489,17,power use water ground wire used,0.359,0.483,15,don just like know think good,sci.electronics,sci.electronics,rec.motorcycles,yes know near christmas time gonna loose net access days maybe week lucky wanted post interested people save till note bell labs good place phd good boss subject light set levels brightness version variable brightness light set set starts bulb string diagram way set modified set level brightness str
1811,54,6,window server motif widget use application,0.358,0.502,11,image software available ftp files graphics,comp.windows.x,comp.windows.x,comp.graphics,does know available terms automated testing motif applications thinking program record events output verification test procedures run time testing interested product like unix projects separate project using question like answered faq sharing windows answers record playback export lcs mit edu contri
1812,9509,13,team game year games play season,0.358,0.557,15,don just like know think good,rec.sport.hockey,rec.sport.hockey,rec.motorcycles,msu lbs msu edu david writes quite wings fans just tend low key suppose family roger clinton remember paraphrase favorite star trek lines adopt ways leaf fans bad leaf fans ron
1813,8778,9,edu com mail information send list,0.358,0.589,15,don just like know think good,talk.politics.mideast,comp.sys.mac.hardware,rec.motorcycles,want info claiming blacks brought earth trillion years ago send literature nation islam group believe want info claiming holocaust happened send info institute historical review david group just read dan posts alt revisionism just wanted steve post company deserves
1814,6857,2,car new bike price sale cars,0.358,0.485,15,don just like know think good,rec.motorcycles,misc.forsale,rec.motorcycles,request opinions better piece piece like ended getting different sizes far large fit just right better cut legs large didn use jacket fits chest slightly small arms imagine finding piece size fit correctly piece problems strange pilot jacket fits great tried matching pants fit like glove assume mode
1815,4964,15,don just like know think good,0.358,0.457,16,people god does believe evidence say,soc.religion.christian,rec.motorcycles,alt.atheism,hello seen common threads running postings atheists newsgroup think used explain unfortunately don direct quotes handy atheists believe die die forever god condemn fail believe eternal death unfair don problem christians hell definition eternal death exactly atheists expecting die reason hell especi
1816,5617,16,people god does believe evidence say,0.358,0.567,9,edu com mail information send list,soc.religion.christian,alt.atheism,comp.sys.mac.hardware,knew receive response post extensive thank responded showed people willing think general response return old matter question response suggest read articles covering question soc culture african american need cultural
1817,2005,8,president government people said program money,0.358,0.533,15,don just like know think good,alt.atheism,talk.politics.misc,rec.motorcycles,wrong god free time correct mistake continues supposedly love eternal soul speaks volumes trap position tell don believe god wish unless know motivations better believe say searched god years bob beauchaine bobbe vice ico tek com said queens stay blew bronx away sank manhattan sea
1818,9301,9,edu com mail information send list,0.358,0.658,15,don just like know think good,sci.electronics,comp.sys.mac.hardware,rec.motorcycles,suggest misc consumer house better forum huge faq issues raised
1819,7903,15,don just like know think good,0.358,0.561,16,people god does believe evidence say,talk.politics.misc,rec.motorcycles,alt.atheism,religious right engines people does calling claiming truth environmental disaster read thread heard talked suggest people fit definition religious left come phil prime motivation protecting environment people continue live just disagree necessary maintaining healthy environment people response delet
1820,2411,2,car new bike price sale cars,0.358,0.515,17,power use water ground wire used,sci.electronics,misc.forsale,sci.electronics,gee guess extra horn mounted floor cars firing ground angle just huh simply turn horn
1821,8274,17,power use water ground wire used,0.358,0.455,5,drive card scsi disk dos windows,comp.sys.mac.hardware,sci.electronics,comp.sys.ibm.pc.hardware,watching iisi reports plan upgrade weeks plan build small board different able switch different speeds using switch way speed want run slower stock speeds experience problems applications don expect able switch clock speeds running switch lock problems switch needed idle mhz reduce wear tear cpu hea
1822,8227,15,don just like know think good,0.357,0.579,2,car new bike price sale cars,misc.forsale,rec.motorcycles,misc.forsale,sale including filters negative carriers supplies paper paper chemicals think past date great working condition bought year ago served purpose hasn used months don time money just sitting bathroom taking space like use like sell use collect dust bathroom interested package sell including shipping mi
1823,7351,8,president government people said program money,0.357,0.597,15,don just like know think good,rec.autos,talk.politics.misc,rec.motorcycles,considering buying new car called insurance companies california estimates asked coverage companies charge according zip code charge according city gave zip code city places integra aaa state farm aaa non profit said expect receive end year huge gap companies state farm wants twice think suspicious 
1824,371,16,people god does believe evidence say,0.357,0.704,14,gun law guns government people state,alt.atheism,alt.atheism,talk.politics.guns,live social groups laws behavior
1825,7740,7,time use used number point different,0.357,0.553,15,don just like know think good,talk.politics.mideast,rec.autos,rec.motorcycles,mack posted know statistics significance does relatively small population growth rate sampling period small end small cent annual population growth rate implies approx years imagine people able deny problem exists especially countries low growth rates large environmental impact iran high growth rate
1826,1570,9,edu com mail information send list,0.357,0.619,6,window server motif widget use application,comp.windows.x,comp.sys.mac.hardware,comp.windows.x,compile list security holes yes send copy wrong group point right thanks btw list doesn contain info use holes instead need info detect holes seal holes monitor activities possible info welcomed thanks eric
1827,3949,15,don just like know think good,0.357,0.536,1,space nasa launch earth satellite shuttle,sci.space,rec.motorcycles,sci.space,theoretical concept seriously pursued freeman years ago don know known high explosive orion prototype flew atmosphere san diego working general atomic time didn learn experiment thirty years later ted taylor visited revealed feel sure film experiment really like seen
1828,1105,2,car new bike price sale cars,0.357,0.576,15,don just like know think good,rec.motorcycles,misc.forsale,rec.motorcycles,curtis jackson pens msf course costs deal free philadelphia dod
1829,3014,15,don just like know think good,0.357,0.579,5,drive card scsi disk dos windows,sci.crypt,rec.motorcycles,comp.sys.ibm.pc.hardware,easier faster probably secure use norton talking ibm tell clean free disk space clean slack space end files use government standard option careful regards vesselin
1830,402,15,don just like know think good,0.357,0.594,18,god jesus church bible christ christian,soc.religion.christian,rec.motorcycles,soc.religion.christian,said michael catholic list called spiritual works mercy sinner instruct ignorant counsel comfort bear forgive injury pray living dead yes know controversy don want argue things direct application usenet people ask questions express doubts need comfort prayers imagine happen flame wars injuries add p
1831,7439,2,car new bike price sale cars,0.357,0.503,15,don just like know think good,rec.autos,misc.forsale,rec.motorcycles,quality myth road surface isn different typical freeway better terms lighting safety signs problem driving save really likely dangerous quite severe don recall freeway road damage warnings regard unsafe decent car note definition decent exclude typical american don know live worried cops traffic roa
1832,7877,5,drive card scsi disk dos windows,0.356,0.537,15,don just like know think good,comp.sys.ibm.pc.hardware,comp.sys.ibm.pc.hardware,rec.motorcycles,naive question basis claim cpu intensive job running friend claims little difference temperature idle cpu cpu running intensive job
1833,5587,15,don just like know think good,0.356,0.596,13,team game year games play season,rec.sport.baseball,rec.motorcycles,rec.sport.hockey,came today start tonight rangers distance bullpen doesn come like alan
1834,1920,17,power use water ground wire used,0.356,0.518,15,don just like know think good,sci.electronics,sci.electronics,rec.motorcycles,safety issue paranoid certain areas caps series means don short shorts
1835,7098,15,don just like know think good,0.356,0.526,6,window server motif widget use application,comp.os.ms-windows.misc,rec.motorcycles,comp.windows.x,working definitions ini incorrect don think using novell aren use different packet types tcp novell ipx able just fine required using different tcp packages problem didn specify just addresses file look like specify domain instead use specified know release notes say addresses work apparently don us
1836,9648,14,gun law guns government people state,0.356,0.489,12,key encryption chip clipper keys privacy,sci.crypt,talk.politics.guns,sci.crypt,exactly add observation chip does standard algorithm won secret leaving government remaining option make use escrowed keys illegal won begin bother terrorists child government referring note federalist papers stress reason right citizens bear arms defend army army imho purpose private crypto defend 
1837,8815,17,power use water ground wire used,0.356,0.569,7,time use used number point different,sci.electronics,sci.electronics,rec.autos,rough works reference station exactly known position errors incoming gps signals errors factors including atmospheric distortion selective availability time dithering reference unit contains complex computational equipment errors position knows transmits corrections broadcast available number relati
1838,8534,7,time use used number point different,0.356,0.532,16,people god does believe evidence say,sci.med,rec.autos,alt.atheism,cross posted alt psychology personality talks physician apologies sci med readers familiar myers personality terms word intuitive approximately philosophy science tech types intuitive social science theology types hate guts tend inter marry letter reference jon noring typical type stuff right jon st
1839,5781,5,drive card scsi disk dos windows,0.356,0.567,9,edu com mail information send list,comp.sys.mac.hardware,comp.sys.ibm.pc.hardware,comp.sys.mac.hardware,couple questions multimedia set does anybody phone fax number mail address principal technologies new hampshire post office box number want ask couple questions sending money info appreciated running came microphone way using similar software input recorded sound mac trying play short interview clip
1840,13,15,don just like know think good,0.356,0.573,0,israel turkish armenian jews war israeli,alt.atheism,rec.motorcycles,talk.politics.mideast,don sure look happened japanese citizens world war prepared say let round people stick concentration camp trial short step trial nazis originally intended jews final solution partly couldn afford run camps caused total war weren generally died disease
1841,8302,15,don just like know think good,0.356,0.505,5,drive card scsi disk dos windows,comp.sys.mac.hardware,rec.motorcycles,comp.sys.ibm.pc.hardware,jeff answers questions recommend sony monitor vga monitor designed specifically use works macs specific video capabilities means takes mac vga cable recommend james engineering cost compared higher prices comparable monitors used half year love second used decent modem cancelled helpful explaining r
1842,7779,1,space nasa launch earth satellite shuttle,0.356,0.591,11,image software available ftp files graphics,sci.space,sci.space,comp.graphics,did russian spacecraft ill mission years ago send images martian moon does know ftp site thanks
1843,7940,1,space nasa launch earth satellite shuttle,0.356,0.569,2,car new bike price sale cars,sci.space,sci.space,misc.forsale,bad didn tour data think gamma ray mind hawking propose mechanism drag free satellite coated carries aluminum gold set grateful dead minds want know carry features drag free thought aero braking possible experimental activity
1844,9985,10,said people went didn came told,0.355,0.587,15,don just like know think good,talk.politics.guns,talk.religion.misc,rec.motorcycles,ask people killed rubber bullets use certain controlled circumstances fired looks like tear gas launcher smaller rubber bullets shotguns understand intended truly dangerous animal general capable really stopping wants past fired low velocity ball round intended load finally mother warned eye thing
1845,9721,2,car new bike price sale cars,0.355,0.576,5,drive card scsi disk dos windows,misc.forsale,misc.forsale,comp.sys.ibm.pc.hardware,version sale purchased august latest version willing sell hard drive multi scan monitor paid software computer includes contract updated year year make offer
1846,7837,5,drive card scsi disk dos windows,0.355,0.607,15,don just like know think good,comp.sys.ibm.pc.hardware,comp.sys.ibm.pc.hardware,rec.motorcycles,reply mail job related colorado jumbo places employment eaten tapes tape easy fix tape drive fried does simply need cleaning comments appreciated stephen
1847,6579,5,drive card scsi disk dos windows,0.355,0.579,6,window server motif widget use application,comp.os.ms-windows.misc,comp.sys.ibm.pc.hardware,comp.windows.x,using disable lot problems weird things including windows permanent swap file using advanced personal measure tells accessed just shell dll really like plus
1848,8454,6,window server motif widget use application,0.355,0.617,7,time use used number point different,comp.windows.x,comp.windows.x,rec.autos,isn window number accepted consortium fact doing man pretty machine tell consortium requests following names used referring software window version window version thing windows window despite repeated misuse forms trade probably tells trust trade window right trust say regard implementations buy ser
1849,8753,7,time use used number point different,0.355,0.530,15,don just like know think good,talk.politics.misc,rec.autos,rec.motorcycles,questioning king black question arises king race make police officers afraid hell statement imply cops different standard large black guys just large guys general posts later don understand pointed use informative original use
1850,2740,5,drive card scsi disk dos windows,0.355,0.618,15,don just like know think good,talk.politics.misc,comp.sys.ibm.pc.hardware,rec.motorcycles,speed limit tracks northeast high speed rail country requires massive government don need government
1851,3365,7,time use used number point different,0.355,0.507,11,image software available ftp files graphics,comp.os.ms-windows.misc,rec.autos,comp.graphics,using access available stores quite pleased relatively easy learn easy use somewhat easy program highly particularly used paradox windows don expect better access imho
1852,7184,7,time use used number point different,0.355,0.576,15,don just like know think good,sci.med,rec.autos,rec.motorcycles,develop inner ear problems flying hear pilots limit maximum number flying hours limits main problems associated long haul hours trips crew rest requirements prevent fatigue crew pilot limits somewhat cabin crew limits reason crew rest requirements address time duty plus rest time tired crew accident
1853,7504,5,drive card scsi disk dos windows,0.355,0.515,7,time use used number point different,comp.sys.mac.hardware,comp.sys.ibm.pc.hardware,rec.autos,apple patented implementation regions presumably includes internal data structure officially documented apple apple patent concept region guessing reverse engineered apple internal data structure regions dunno hold court came data structure won able draw files containing regions files aren places re
1854,5220,9,edu com mail information send list,0.355,0.669,11,image software available ftp files graphics,comp.graphics,comp.sys.mac.hardware,comp.graphics,speaking licensed games philips media international following recently posted message section multimedia forum seventh guest licensed virgin games philips interactive media international worldwide rights licensed graphics titles adapted using potential cartridge meaning using additional memory motio
1855,697,11,image software available ftp files graphics,0.355,0.564,5,drive card scsi disk dos windows,misc.forsale,comp.graphics,comp.sys.ibm.pc.hardware,disk users commercial alot new disks cdrom interested purchasing disks download list mentioned night download file zip magic catalog craig pleasure internet usenet fidonet org fidonet bbs number
1856,1343,13,team game year games play season,0.355,0.624,2,car new bike price sale cars,misc.forsale,rec.sport.hockey,misc.forsale,way ticket return leg ticket female san francisco louis philadelphia friday leaves arrives best offer
1857,9366,9,edu com mail information send list,0.355,0.606,15,don just like know think good,misc.forsale,comp.sys.mac.hardware,rec.motorcycles,opinion franchise buy net pick shipping costs specify pick normal ups charges delivered directly ups burned shipping charges use mailing service unless don right box buyer needs immediately tell person agreed pick shipping going things watch consider rates higher ups direct non ups truck package quo
1858,5716,16,people god does believe evidence say,0.354,0.581,18,god jesus church bible christ christian,alt.atheism,alt.atheism,soc.religion.christian,explain position statement typing practice satan angels god tells
1859,20,9,edu com mail information send list,0.354,0.582,11,image software available ftp files graphics,misc.forsale,comp.sys.mac.hardware,comp.graphics,catalog personal computing tools engineers lists hardware cards application software packages class machines focus engineering applications pcs data acquisition control design data analysis presentation like free copy reply postal mailing address copy catalog write does tons stuff impression try sen
1860,300,6,window server motif widget use application,0.354,0.600,11,image software available ftp files graphics,comp.windows.x,comp.windows.x,comp.graphics,need pcs run application microsoft project original ran needs expanded allow unix users work application current proposal use display server application like know experiences using run application displaying sparcstation heard network traffic slow replies mail thanks advance
1861,824,15,don just like know think good,0.354,0.561,13,team game year games play season,rec.sport.hockey,rec.motorcycles,rec.sport.hockey,pretty conclusive puck clearly hit came line admittedly homers kept different view upstairs obvious thought saw replay puck didn originally goal video replay judges initiated contact claim goal fact scored seeing stuff like happen gives bad feeling leaf chances year cordially
1862,6452,15,don just like know think good,0.354,0.573,16,people god does believe evidence say,soc.religion.christian,rec.motorcycles,alt.atheism,like opinions exactly does engaged couple married god eyes say announced plans marry god committed realize subjective married joined god sight suppose unable right current time purely reasons control think post mail general responses need clarification asking mail thanks god bless
1863,1867,9,edu com mail information send list,0.354,0.602,11,image software available ftp files graphics,comp.windows.x,comp.sys.mac.hardware,comp.graphics,don know hours spent sun user group makes available rom members disk sources binaries sells table contents interested alex alex voice life org fax boring sun user group beacon gnu cdrom priced members including emphasis greatest possible service value added members year disk contained plug play addi
1864,8544,15,don just like know think good,0.354,0.489,7,time use used number point different,sci.space,rec.motorcycles,rec.autos,think little inaccurate based account software development process fred basically correct sophisticated tools just lot effort care got right cited software people compared engine people noted software people starting feel management pressure cut corners hadn things software people worked hard things
1865,8674,15,don just like know think good,0.354,0.497,2,car new bike price sale cars,rec.autos,rec.motorcycles,misc.forsale,right want home mechanics wall shot bull chicken read service manual head sand certainly tools job cheaper alignment rack job albeit accurate natural pride owner mechanic places work acceptable job car using simple tools work effect life worst happens tires wear oddly wheels totally able steer car r
1866,4156,15,don just like know think good,0.354,0.499,0,israel turkish armenian jews war israeli,alt.atheism,rec.motorcycles,talk.politics.mideast,number civilian iraqi deaths way anti war liberal news media facts died gulf war did civilians war comparable size century short duration coupled precise surgical bombing techniques technically possible recently idea hundreds thousands iraqi citizens died ludicrous hundreds thousands iraqi soldiers 
1867,6559,10,said people went didn came told,0.354,0.566,15,don just like know think good,talk.politics.guns,talk.religion.misc,rec.motorcycles,correction fbi says escaped said deliberately set cult members press kept miles away absolutely independent verification government claims matter
1868,4308,2,car new bike price sale cars,0.354,0.553,15,don just like know think good,rec.motorcycles,misc.forsale,rec.motorcycles,wells apr wibbled morning pulled designated motorcycle parking area cage pulled bikes people don double park cars motorcycles mind question know want know carry pieces paper say don park car motorcycle area cops wait emerge building beg forgiveness does problem don know local branch preferred method
1869,4226,14,gun law guns government people state,0.354,0.526,15,don just like know think good,talk.politics.guns,talk.politics.guns,rec.motorcycles,look trunk time heck look dash funny thing attached quick release gun ones trunk better don numbers chicago philadelphia police cars carried multiple automatic weapons thousands rounds standard issue nature disadvantage cop shoot rounds job single opponent especially cop guaranteed backup gang membe
1870,6184,15,don just like know think good,0.354,0.472,7,time use used number point different,rec.motorcycles,rec.motorcycles,rec.autos,secondly tyre road suspension geometry ground clearance motorcycle dictate quickly avoid obstacles knowledge physics rider ears seriously suggesting countersteering knowledge enables corner faster manage hey didn chance sheesh answer absolutely describes riders identical machines knows doing faster 
1871,1824,9,edu com mail information send list,0.353,0.598,15,don just like know think good,talk.politics.guns,comp.sys.mac.hardware,rec.motorcycles,following quoted tail end article appeared world lies sorry think wall street journal repeated colorado people daily student newspaper university colorado boulder study deaths king county wash gun home times likely used kill owner friend child kill studies western institute pittsburgh mere presence 
1872,8423,16,people god does believe evidence say,0.353,0.581,15,don just like know think good,talk.politics.misc,alt.atheism,rec.motorcycles,wasn english representation admittedly dim history problems americans taxes unfair unjust schemes taxes pretty hard run government means support dale cook town having churches bars social problem edward opinions employer
1873,2686,9,edu com mail information send list,0.353,0.615,15,don just like know think good,talk.religion.misc,comp.sys.mac.hardware,rec.motorcycles,judging postings read usenet non usenet bbs conferences definitely species especially runs dark
1874,5651,15,don just like know think good,0.353,0.575,2,car new bike price sale cars,rec.motorcycles,rec.motorcycles,misc.forsale,sorry specific ran small twin got based twin ran modern carbs high btw ran mid latest crop japanese run hard remember new old end roll technology stands
1875,8142,15,don just like know think good,0.353,0.556,5,drive card scsi disk dos windows,comp.os.ms-windows.misc,rec.motorcycles,comp.sys.ibm.pc.hardware,gee remember old floppy disks used high school mention old multi disk held went big machine drives local college took programming classes early tom world std com
1876,9337,10,said people went didn came told,0.353,0.634,17,power use water ground wire used,sci.electronics,talk.religion.misc,sci.electronics,microwave tower florida watch cars hit breaks came sight morning
1877,424,7,time use used number point different,0.353,0.593,15,don just like know think good,talk.religion.misc,rec.autos,rec.motorcycles,happen violation person seriously violation cells smaller thumb mileage vary
1878,2243,15,don just like know think good,0.353,0.683,9,edu com mail information send list,sci.electronics,rec.motorcycles,comp.sys.mac.hardware,does know ftp sites deal electronics projects plans response appreciated
1879,4817,7,time use used number point different,0.352,0.514,11,image software available ftp files graphics,comp.graphics,rec.autos,comp.graphics,looking information hidden line removal using roberts algorithm code pseudo code especially helpful required class monday little time implement changes fast class notes given class leave lot desired vastly appreciate help actually algorithm nice roberts main problem objects dimensions need know line
1880,8715,18,god jesus church bible christ christian,0.352,0.569,15,don just like know think good,talk.religion.misc,soc.religion.christian,rec.motorcycles,tony appreciate narrow view expressed text quoted appreciate determined ignorance taking away want say views hope sort narrow die generations promoted teach children wet blanket mode john
1881,7626,12,key encryption chip clipper keys privacy,0.352,0.597,9,edu com mail information send list,sci.crypt,sci.crypt,comp.sys.mac.hardware,just problem thing formatted analogy content standard box specification contents provides standard like minded individuals exchange mail containing agreed data format say say say postscript say cheers marc marc cis log marc org freenet begin pgp public key block version
1882,360,7,time use used number point different,0.352,0.426,9,edu com mail information send list,sci.electronics,rec.autos,comp.sys.mac.hardware,wondering able help related subjects currently learning receivers circuits really good books theory detailed electrical diagrams help lot seen lot theory books circuits lot circuit books theory does help pretty book readable communication receivers design
1883,3300,1,space nasa launch earth satellite shuttle,0.352,0.613,15,don just like know think good,sci.space,sci.space,rec.motorcycles,saw newspaper night black woman space physician chemical engineer flew year appear operator star trek generation episode week hardly space science know interesting
1884,6177,14,gun law guns government people state,0.352,0.469,15,don just like know think good,talk.politics.guns,talk.politics.guns,rec.motorcycles,mention year weaver affair waco affair interested peoples interpretations koresh people basically business weapons violations committed wouldn violations think batf criminal starting negotiations military style assault firing house children don couldn just leave token guard place wait don approve te
1885,4282,11,image software available ftp files graphics,0.352,0.506,5,drive card scsi disk dos windows,comp.sys.ibm.pc.hardware,comp.graphics,comp.sys.ibm.pc.hardware,discussion switching drives removed albeit strange option using program like available anonymous ftp major sites available anonymous ftp allows format disks disks formats yes broken dos disks disks vice versa use techniques non dos self game disks old works program named shareware available major bb
1886,7964,16,people god does believe evidence say,0.352,0.577,15,don just like know think good,rec.autos,alt.atheism,rec.motorcycles,tell matt sarcastic honest automobiles worth far owners value investment people don figures average property tax allocated housing projects inferior public schools like feeling government honest productive citizen trash significantly value automobiles argue animals stealing cars mention committing c
1887,6282,15,don just like know think good,0.352,0.654,1,space nasa launch earth satellite shuttle,sci.space,rec.motorcycles,sci.space,sub orbital version suitable use sounding rocket thank thought definitely bastard son just reminder
1888,804,15,don just like know think good,0.352,0.507,2,car new bike price sale cars,rec.sport.hockey,rec.motorcycles,misc.forsale,new buffalo second sabres recall price tag just paint job mask total price ouch
1889,9330,4,health medical disease use patients food,0.352,0.537,15,don just like know think good,sci.med,sci.med,rec.motorcycles,sure date previously low recommended advice changed differences advice patients remaining input physician important important practice send patients course seeing know better diet histories evaluate contents diet
1890,6003,7,time use used number point different,0.352,0.512,15,don just like know think good,sci.med,rec.autos,rec.motorcycles,disclaimer doctor sure really sharp distinction allergic basically means nose reason allergy work surprising relief purely measures spray
1891,2845,15,don just like know think good,0.352,0.543,2,car new bike price sale cars,rec.motorcycles,rec.motorcycles,misc.forsale,greg new motorcycles haven bought position learn ridden took class group called motorcycle safety foundation california similar washington
1892,6426,7,time use used number point different,0.351,0.633,5,drive card scsi disk dos windows,sci.space,rec.autos,comp.sys.ibm.pc.hardware,read article computer technology stated new computer technology actually lower slower replaced silicon effective products available capable silicon multi processors slower existent single processors argument new technologies promised theoretically future higher performance lower cost higher think fi
1893,2552,15,don just like know think good,0.351,0.463,9,edu com mail information send list,comp.graphics,rec.motorcycles,comp.sys.mac.hardware,response wayne michael certainly sorry late answer couldn msdos cause forgot address retrieve posting answer comp graphics cause use mail bad english cause swiss language french long time retrieve address dos site edu aliases edu number pub msdos pub zip think certainly read answer kevin martin writ
1894,2769,15,don just like know think good,0.351,0.486,5,drive card scsi disk dos windows,comp.os.ms-windows.misc,rec.motorcycles,comp.sys.ibm.pc.hardware,somebody help just purchased win just dos apps text mode apps run window tried settings avail doing wrong didn problem thanks advance
1895,7790,15,don just like know think good,0.351,0.591,16,people god does believe evidence say,talk.politics.misc,rec.motorcycles,alt.atheism,just curious don answer feel uncomfortable times sex boys care total asked sex answer henry allen hamilton henry ads com typical homosexuals constantly making excuses child
1896,9049,15,don just like know think good,0.351,0.528,5,drive card scsi disk dos windows,comp.os.ms-windows.misc,rec.motorcycles,comp.sys.ibm.pc.hardware,disk compare utility old versus new windows flexible install time copy files hard disk greatly speeds things makes annoying spare compressed megs going promote corporate paranoia real issue convenience don like dealing floppies personally use changing registration info valid need ought solved using 
1897,1653,15,don just like know think good,0.351,0.540,5,drive card scsi disk dos windows,comp.sys.mac.hardware,rec.motorcycles,comp.sys.ibm.pc.hardware,discussion couple weeks ago using different cables achieve different resolutions quadra centris series company sold cables mentioned mail companies address info relevant just like life right lane ends half mile
1898,3698,12,key encryption chip clipper keys privacy,0.351,0.541,15,don just like know think good,sci.crypt,sci.crypt,rec.motorcycles,interesting server csrc ncsl nist gov longer recognizes commands telnet csrc ncsl nist gov trying connected csrc ncsl nist gov escape character org nist ready tue apr edt clipper command unrecognized like didn like marc dozen people probably idea does rush shut imply names list heavy duty
1899,1086,11,image software available ftp files graphics,0.351,0.590,15,don just like know think good,comp.os.ms-windows.misc,comp.graphics,rec.motorcycles,microsoft word windows version type following paragraph want really dead good just live write aids helps impress boss tools options grammar select use grammar style rules strictly rules click run grammar does spelling check complaints passive sentences reading ease grade level index
1900,8997,6,window server motif widget use application,0.351,0.586,5,drive card scsi disk dos windows,comp.os.ms-windows.misc,comp.windows.x,comp.sys.ibm.pc.hardware,try recorder make micro certain operations windows app didn ability use micro accessories window problem work good luck
1901,6248,15,don just like know think good,0.351,0.609,2,car new bike price sale cars,rec.autos,rec.motorcycles,misc.forsale,yes exhaust majority noise comes tone firing determined engine configuration case viper yes discussing huge engine sound somewhat like truck understanding btw engine designed originally intention trucks viper heard hand knowledge doing pretty good job best exhaust sound world degree designed period
1902,1742,6,window server motif widget use application,0.351,0.604,5,drive card scsi disk dos windows,comp.windows.x,comp.windows.x,comp.sys.ibm.pc.hardware,bit server work fine far know running older versions run latest apps long host machine libraries installed wrong mike acs virginia edu
1903,7147,18,god jesus church bible christ christian,0.351,0.597,15,don just like know think good,soc.religion.christian,soc.religion.christian,rec.motorcycles,say impact right eyes discussing major impact early church bears testimony impact course knew don forget jesus seen jews romans fool didn need additional headaches stealing jesus body make appear jesus buried grave man know say didn know buried question say think disciples stole body think moment di
1904,6753,7,time use used number point different,0.350,0.564,15,don just like know think good,sci.space,rec.autos,rec.motorcycles,situation regard changed considerably recent years discussion high power rec models rockets frequently asked questions list hardware walk street buy need proper tripoli high power analog moving extend upper boundaries considers proper need special authorization provided aren doing approaches stupid 
1905,9167,15,don just like know think good,0.350,0.615,7,time use used number point different,sci.med,rec.motorcycles,rec.autos,extreme example came connection saw problem extraordinary example receive solutions hypotheses solutions everyday problems moments appear occupied activities quite removed algorithms new software feature come occasional runs alternative better ways instruct rear sons arrive garden swear thinking ide
1906,1500,1,space nasa launch earth satellite shuttle,0.350,0.563,15,don just like know think good,sci.space,sci.space,rec.motorcycles,careful making statements solid state generally reliable analog nasty follow tommy mac pat wait minute pat pleased suffering small mind insisting perfect safety people don balls live real world mary shafer nasa ames dryden
1907,3966,9,edu com mail information send list,0.350,0.645,16,people god does believe evidence say,talk.politics.misc,comp.sys.mac.hardware,alt.atheism,check scientific research area convince research world indicates issue coercion critical factor interested research topic suggest england united states netherlands especially like research actually quotes boys involved relationships say children sex new findings new larry little brown boston boys co
1908,2661,9,edu com mail information send list,0.350,0.583,1,space nasa launch earth satellite shuttle,sci.space,comp.sys.mac.hardware,sci.space,reply address mark org gov beam article jsc nasa gov brief blurb manned lunar exploration crystal city virginia thanks typing steven hope decide pat net use eyes ears plan minutes away home report perspective sci space going send maybe plan cross paths briefly maintain list going mark org
1909,5003,11,image software available ftp files graphics,0.350,0.501,9,edu com mail information send list,misc.forsale,comp.graphics,comp.sys.mac.hardware,friends books sale used change job loss letting gather dust like pass use course price topics include programming languages unix dos windows operating topics general motif networking digital signal processing computer graphics computer architecture math software engineering algorithms software testi
1910,348,9,edu com mail information send list,0.350,0.555,5,drive card scsi disk dos windows,comp.sys.mac.hardware,comp.sys.mac.hardware,comp.sys.ibm.pc.hardware,does know reach micron interested getting specifics types monitors work micron card mail phone number prefered answers questions appreciate reply thanks opinions intended reflect com hughes aircraft company
1911,3453,9,edu com mail information send list,0.350,0.619,15,don just like know think good,sci.med,comp.sys.mac.hardware,rec.motorcycles,spend time dealing quality stuff hot number journals worth looking quality review bulletin pub joint commission organizations boulevard quality health care publishing group box
1912,169,9,edu com mail information send list,0.350,0.693,15,don just like know think good,sci.electronics,comp.sys.mac.hardware,rec.motorcycles,easier area supports dial recording number phone use verify installed line gary vice president current consulting corp graphics corporation woods drive independence boulevard warren
1913,9942,7,time use used number point different,0.350,0.556,5,drive card scsi disk dos windows,comp.os.ms-windows.misc,rec.autos,comp.sys.ibm.pc.hardware,article crossposted comp windows apps author richard posted apr gmt hello seen great deal discussion relative merits access borland paradox win users experience database package called approach gotten number good reviews various like require hardware overhead paradox ruled access aspects extremely n
1914,8070,11,image software available ftp files graphics,0.349,0.570,15,don just like know think good,comp.graphics,comp.graphics,rec.motorcycles,tight matter problems important volunteer help define critique spec finally little backwards tiff bit image format chris
1915,902,15,don just like know think good,0.349,0.552,9,edu com mail information send list,rec.autos,rec.motorcycles,comp.sys.mac.hardware,gov steve anybody keeping track far miata sentra camry mention apparently including names appear real words english language case missed ones integra canada add count add canada given north america include canada add
1916,6555,5,drive card scsi disk dos windows,0.349,0.602,15,don just like know think good,comp.sys.mac.hardware,comp.sys.ibm.pc.hardware,rec.motorcycles,laserwriter disappeared completely network doesn zone print serial interface tho seen discussion changing zone including code lets change zone maybe code use factory default settings feeling needed heal
1917,3114,11,image software available ftp files graphics,0.349,0.596,6,window server motif widget use application,comp.os.ms-windows.misc,comp.graphics,comp.windows.x,relation question concerning changing registered information windows hex editor tried sure mistaken rob
1918,3047,15,don just like know think good,0.349,0.591,13,team game year games play season,rec.sport.hockey,rec.motorcycles,rec.sport.hockey,calling penguins way things stand radio game hour devils nice sony need paranoid don judge geographic coordinates jets nordiques final gld
1919,2181,17,power use water ground wire used,0.349,0.627,2,car new bike price sale cars,rec.autos,sci.electronics,misc.forsale,recently manufactured wheel slip detection systems use frequencies shared police radar forget band set radar detector close believe range pretty short
1920,1021,9,edu com mail information send list,0.349,0.556,5,drive card scsi disk dos windows,comp.sys.mac.hardware,comp.sys.mac.hardware,comp.sys.ibm.pc.hardware,article crossposted comp sys author gordon lang posted apr gmt article crossposted comp sys ibm hardware author gordon lang posted apr gmt need device isa board subsystem rgb video signals combine according simple rectangular window signal used interior signal exterior beleive exist want exclude sea
1921,3624,15,don just like know think good,0.349,0.567,17,power use water ground wire used,sci.electronics,rec.motorcycles,sci.electronics,fast dirty way kill line occurs inductive load turned zero crossing cycle capacitor got running bunch big instrument washer switched zero crossing solid state stuff stays quiet wise steam valve gets turned mechanical relay water tank control does generate peripheral chips software times tries love j
1922,7497,15,don just like know think good,0.349,0.578,14,gun law guns government people state,sci.crypt,rec.motorcycles,talk.politics.guns,excuse escrow agencies aren chosen say history sic sure think agencies history price kept secret academy awards years face aggressive press federal reserve open market committee successfully kept decisions period publication department agriculture successfully kept crop frankly trust course subject 
1923,1951,18,god jesus church bible christ christian,0.349,0.598,9,edu com mail information send list,soc.religion.christian,soc.religion.christian,comp.sys.mac.hardware,does know greek database word processor things like count word letter posting friend studies greek thanks email seldom look usenet nowadays
1924,7134,15,don just like know think good,0.348,0.615,2,car new bike price sale cars,rec.autos,rec.motorcycles,misc.forsale,getting car near future narrow better choice thanks danny
1925,6664,15,don just like know think good,0.348,0.524,4,health medical disease use patients food,sci.med,rec.motorcycles,sci.med,having problems fresh guess knowing possible say permanent temporary swelling general limitations patients relate evidence foods bring important distinguish symptoms physician think new inflammation pains raw just imply friend look membership foundation america good luck friend
1926,3974,9,edu com mail information send list,0.348,0.558,15,don just like know think good,sci.electronics,comp.sys.mac.hardware,rec.motorcycles,contact chris arthur com lots old video arcade games knows parts tony anthony yes read right com man went code extra flame sysadmin exactly year calm sig
1927,5136,15,don just like know think good,0.348,0.471,18,god jesus church bible christ christian,soc.religion.christian,rec.motorcycles,soc.religion.christian,article apr rutgers edu com ruth hope suggesting merely person replies angry sarcastic manner demonstrates non christianity simple fact christian face planet know perfect known times fit does make christian points christian perceive like christ statement inherently suggests like christ jesus lost je
1928,7667,9,edu com mail information send list,0.348,0.537,15,don just like know think good,rec.sport.baseball,comp.sys.mac.hardware,rec.motorcycles,believe depth article ago remember article revealed new facts regarding subscription expired past february second years received guess article appeared definitive date article
1929,9717,18,god jesus church bible christ christian,0.348,0.513,0,israel turkish armenian jews war israeli,soc.religion.christian,soc.religion.christian,talk.politics.mideast,bradley asked think serbs doing god work bosnia posting hope familiar answer point feel say things posting bother know slightest suggestion christians use force gospel idea concerned death moslems violates heart gospel christ died break jew greek slave free male female moslems know preach don kill f
1930,6735,6,window server motif widget use application,0.348,0.516,9,edu com mail information send list,comp.windows.x,comp.windows.x,comp.sys.mac.hardware,answer questions running xdm say following defines added site def building clients work site def define define hoping helps george opinions expressed author way represent opinions graduate school agencies personnel edu bitnet
1931,7643,11,image software available ftp files graphics,0.347,0.573,15,don just like know think good,comp.os.ms-windows.misc,comp.graphics,rec.motorcycles,does know bigger raster fonts using mag monitor diamond mode prefer larger characters windows heading practically using character sets mark
1932,9484,15,don just like know think good,0.347,0.525,2,car new bike price sale cars,misc.forsale,rec.motorcycles,misc.forsale,participated promotion company called visual images attempted cancel order package arrived able stop package need camera wide angle flesh film case instruction tapes vacation las vegas orlando paid promotion package vacation came gift really want sell make offer package participating award end payin
1933,1287,13,team game year games play season,0.347,0.490,15,don just like know think good,rec.sport.hockey,rec.sport.hockey,rec.motorcycles,idiot posted gretzky trade toronto waited got garbage maybe believed half second way just heard mother mario lemieux traded tie
1934,1625,5,drive card scsi disk dos windows,0.346,0.495,15,don just like know think good,comp.sys.mac.hardware,comp.sys.ibm.pc.hardware,rec.motorcycles,think kind comparison pretty useless general processor good good computer designed computer used designed purpose comparing processor speed pretty dumb just increase clock speed increase speed things mean say faster giving operational conditions say running program uses lot functions knowing does fu
1935,654,16,people god does believe evidence say,0.346,0.553,18,god jesus church bible christ christian,talk.religion.misc,alt.atheism,soc.religion.christian,key issues line post following dealt following post talk abortion yesterday modified correct paragraph message math edu references math edu math edu att com dean did called great commission jesus words matt matt jerusalem bible translation does welcome listen say walk house town shake dust feet matt
1936,6600,12,key encryption chip clipper keys privacy,0.346,0.543,15,don just like know think good,sci.crypt,sci.crypt,rec.motorcycles,choice house someplace west coast biggest concern isn escrow house compromised fact compromised kept secret keys kept glass hour span coverage thought key stolen just turn cable wait camera case key think span satellite compromised tour view seal key
1937,938,11,image software available ftp files graphics,0.346,0.575,5,drive card scsi disk dos windows,misc.forsale,comp.graphics,comp.sys.ibm.pc.hardware,computer related books sale new unused excellent condition subjects include programming languages lisp operating systems unix dos windows windows lan expert systems interested contact san edu thanks
1938,4042,16,people god does believe evidence say,0.346,0.667,15,don just like know think good,sci.space,alt.atheism,rec.motorcycles,time speculation staged fake evidence support contradict claim claim cold war
1939,4352,15,don just like know think good,0.346,0.631,9,edu com mail information send list,comp.windows.x,rec.motorcycles,comp.sys.mac.hardware,seen point view far articles lucky scan subjects time time inform univ dortmund tel dortmund fax
1940,2412,17,power use water ground wire used,0.346,0.528,15,don just like know think good,comp.sys.ibm.pc.hardware,sci.electronics,rec.motorcycles,hot cpu machine currently gets hot hold finger big fan blowing considering using heat sink advice
1941,43,17,power use water ground wire used,0.346,0.579,15,don just like know think good,sci.electronics,sci.electronics,rec.motorcycles,subject line says working project use car battery need pull possibly ideas prefer benefit brilliant people
1942,7314,8,president government people said program money,0.346,0.543,0,israel turkish armenian jews war israeli,talk.politics.mideast,talk.politics.misc,talk.politics.mideast,recently read clinton campaign stated elected immediately recognize jerusalem israel capital according article clinton winning recent talks president secretary state christopher stated status jerusalem final matter discussion parties don want start big discussion status jerusalem want know clinton s
1943,6286,17,power use water ground wire used,0.346,0.537,7,time use used number point different,sci.space,sci.electronics,rec.autos,interesting article scientific american time ago breathing liquid months came far remember mentioned things difficult substitute breathing fluid low difficult force fluid lungs extract oxygen power breathing effort let rate obviously air lungs expelled isn expelled nearest walls trip blood new air g
1944,7512,14,gun law guns government people state,0.346,0.602,2,car new bike price sale cars,talk.politics.guns,talk.politics.guns,misc.forsale,gun denver buy trading guns denver tickets pretty guns turned news tried hype best including loaded picture note news reported guns checked stolen stolen guns returned owners say does rally capital steps yesterday support rkba rally news channels
1945,8418,11,image software available ftp files graphics,0.346,0.540,6,window server motif widget use application,comp.os.ms-windows.misc,comp.graphics,comp.windows.x,cool background patterns edit control ini add following lines patterns section make sure desktop color standard colors patterns work like dark grey best
1946,1794,4,health medical disease use patients food,0.346,0.599,15,don just like know think good,sci.med,sci.med,rec.motorcycles,having limited years finding resistant tried wonder use destroy likely effective inexpensive good reasons using told reached laser age john
1947,6023,9,edu com mail information send list,0.346,0.577,11,image software available ftp files graphics,comp.graphics,comp.sys.mac.hardware,comp.graphics,happy international snail mail technical information imaging databases needs provide address hard copy email focusing open pace ingres regarding imaging databases installed installed production new ones going novell unix workstations work visual basic
1948,6438,4,health medical disease use patients food,0.346,0.540,9,edu com mail information send list,sci.med,sci.med,comp.sys.mac.hardware,good source information method cancer industry prize ralph non profit organization called people cancer formed purpose allowing cancer patients access information regarding cancer therapies endorsed cancer industry shown highly promising results non toxic interested cancer therapy contact people can
1949,4571,1,space nasa launch earth satellite shuttle,0.346,0.577,9,edu com mail information send list,sci.space,sci.space,comp.sys.mac.hardware,wonderful book called astronomical algorithms fairly sure contains algorithm sunrise sunset times dan mail stop nasa ames research center field
1950,2874,12,key encryption chip clipper keys privacy,0.345,0.494,14,gun law guns government people state,sci.crypt,sci.crypt,talk.politics.guns,think suppose federal agencies fail promptly comply court order good point local law enforcement unable perform wiretap bringing federal agencies based possibly incomplete understanding quoted denning fbi able decrypt key encryption layer needed identify escrowed keys request moves great deal law en
1951,8068,7,time use used number point different,0.345,0.543,2,car new bike price sale cars,rec.motorcycles,rec.autos,misc.forsale,primary concern protecting passenger event crash helmet size primary concern stupid helmet laws carry real big spare big small head big helmet small
1952,6140,13,team game year games play season,0.345,0.597,15,don just like know think good,rec.sport.hockey,rec.sport.hockey,rec.motorcycles,canada treated real abc people rogers treated channels don doing play play
1953,2982,8,president government people said program money,0.345,0.599,0,israel turkish armenian jews war israeli,talk.politics.mideast,talk.politics.misc,talk.politics.mideast,danny israeli journalist speaking tonight wednesday subject politics israel speaking berkeley campus
1954,3133,14,gun law guns government people state,0.345,0.659,15,don just like know think good,talk.politics.guns,talk.politics.guns,rec.motorcycles,dan writing medical care debate amazing criminals live better rest population aspects paying example november annual somewhat error respects paying paying paying lives prey practice acts citizens country amazing mindset justice har essentially offer prey church crime justice come let prey
1955,5668,15,don just like know think good,0.344,0.526,5,drive card scsi disk dos windows,sci.electronics,rec.motorcycles,comp.sys.ibm.pc.hardware,hello just bought new portable player office notice times box think understand rate samples exceeds highest frequency component factor don understand times business bought player really years ago specs said times tell getting good does player samples higher rate really wanted better wouldn higher ra
1956,3783,12,key encryption chip clipper keys privacy,0.344,0.547,5,drive card scsi disk dos windows,sci.electronics,sci.crypt,comp.sys.ibm.pc.hardware,need help components diode know key sells minimum order does know smaller orders diode equivalent replacement transistor ditto transistor chip key appear carry chip does know does obtain chip yamaha chip data dat obtain
1957,1467,15,don just like know think good,0.344,0.564,13,team game year games play season,rec.sport.baseball,rec.motorcycles,rec.sport.hockey,ted frank list players players common qualify free agents called reserve clause look year guys way getting outrageous raises
1958,325,2,car new bike price sale cars,0.344,0.511,0,israel turkish armenian jews war israeli,misc.forsale,misc.forsale,talk.politics.mideast,item item list magazines including asking price strategy tactics magazine include games new mailed games issue title asking oil war american intervention gulf berlin enemy gates army yugoslavia battle german offensive march operation grenade feb mar race jul aug battle colonies offensive end era new
1959,9516,15,don just like know think good,0.344,0.513,5,drive card scsi disk dos windows,sci.electronics,rec.motorcycles,comp.sys.ibm.pc.hardware,having trouble obtaining specified current drain real time clock experience doing specs sequences met mode activated bit hard decipher thought worked crystal lowest current drain times specified maximum conditions attempting create following things sure reset asserted low time sure cycle asserted do
1960,1958,5,drive card scsi disk dos windows,0.344,0.571,11,image software available ftp files graphics,comp.graphics,comp.sys.ibm.pc.hardware,comp.graphics,freenet book code teach read write pcx gif files access extra ram paradise video board higher vga modes anybody got line good book help answer question good graphics file formats isbn graphics isbn programmer guide ega vga cards isbn chapter paradise svga dave
1961,124,1,space nasa launch earth satellite shuttle,0.344,0.520,15,don just like know think good,sci.space,sci.space,rec.motorcycles,need launch send large amounts stuff assume new launcher development assume new launcher development lower costs specific objective probably don want build sized
1962,8840,6,window server motif widget use application,0.344,0.553,5,drive card scsi disk dos windows,comp.os.ms-windows.misc,comp.windows.x,comp.sys.ibm.pc.hardware,believe correct files think setup choose change video adapter called trick choose adaptor currently setup does actually changes file win com change video hardware selection contents rle win com trick used change startup logo want sig alert
1963,5183,2,car new bike price sale cars,0.344,0.535,15,don just like know think good,rec.autos,misc.forsale,rec.motorcycles,line did worked tips techniques included needed smaller sockets shocks helped sockets needed metric exact fit able use sockets close fun having canadian ford didn end just shock frame spare tire garage floor platform floor jack high raise frame truck lifted spring free taking block gave room pin hol
1964,5561,7,time use used number point different,0.344,0.492,2,car new bike price sale cars,rec.motorcycles,rec.autos,misc.forsale,shopping passenger helmet noticed cases external dimensions helmets difference inside solution buy large helmet construct removable sheet closed cell inside surface result reasonably fit smallest headed comfortable fit largest headed gets best fit
1965,8478,2,car new bike price sale cars,0.344,0.584,15,don just like know think good,rec.autos,misc.forsale,rec.motorcycles,past continue disagree think worthwhile alarm think important protect trunk engine bay doors flashing lights led mounted drivers passenger door relay disable engine operation toss glass break sensor shock sensor door lock panic feature nice important installation places cost little poorly installed 
1966,2218,17,power use water ground wire used,0.344,0.610,2,car new bike price sale cars,sci.electronics,sci.electronics,misc.forsale,version raw parts factory set rom images useless parts allowing electrical motorola parts making user programmable come options sealed expensive packages allow multiple use plastic dip time programmable way array light electronics department school university sydney australia email edu fax
1967,2702,17,power use water ground wire used,0.344,0.495,5,drive card scsi disk dos windows,sci.electronics,sci.electronics,comp.sys.ibm.pc.hardware,yes use purpose rest assured works fine case route bit serial digital audio using difficult signal surprised given pretty fast edges spec like ohms complex types generally little slower plain series good handling logic remember output load seen input device
1968,3715,5,drive card scsi disk dos windows,0.343,0.534,11,image software available ftp files graphics,comp.graphics,comp.sys.ibm.pc.hardware,comp.graphics,getting image computer monitor videotape harder looks standard vga ega outputs different ntsc format used equipment conversion hard hands costs quite bit access amiga computer ntsc output transfer certain types graphic files modem tape ntsc output unfortunately frame frame lead animation unless good
1969,3851,17,power use water ground wire used,0.343,0.681,5,drive card scsi disk dos windows,sci.electronics,sci.electronics,comp.sys.ibm.pc.hardware,pulled power supply manual motorola date code number
1970,3078,15,don just like know think good,0.343,0.537,16,people god does believe evidence say,sci.med,rec.motorcycles,alt.atheism,reading definition wonder recognize mistake proponents pseudo sciences ideas constitutes mistake discoveries previous mistakes accept
1971,1445,15,don just like know think good,0.343,0.622,1,space nasa launch earth satellite shuttle,sci.space,rec.motorcycles,sci.space,great visit national air space museum end month wife working general atomic time netnews life
1972,6497,15,don just like know think good,0.343,0.548,12,key encryption chip clipper keys privacy,sci.crypt,rec.motorcycles,sci.crypt,protocol key management description published far incomplete incorrect leaves idea actually hope cpsr request details wouldn easier just ask denning georgetown edu
1973,2617,15,don just like know think good,0.343,0.506,7,time use used number point different,comp.graphics,rec.motorcycles,rec.autos,typical claim say improved compression speed considerably did book interested looking pointers reportedly early fractal compression times hours used piece hardware called grad students work supposedly automated waiting impressed
1974,7473,13,team game year games play season,0.343,0.621,15,don just like know think good,rec.sport.baseball,rec.sport.hockey,rec.motorcycles,doubt clear did signed major league minimum oakland picking remaining million tab value field performance
1975,5267,17,power use water ground wire used,0.343,0.584,15,don just like know think good,sci.electronics,sci.electronics,rec.motorcycles,vague posting case knows recall reading used mechanical compressed air valve controlled pickup result noisy conventional tended wear disks pretty quickly paul
1976,8662,15,don just like know think good,0.343,0.458,14,gun law guns government people state,talk.politics.guns,rec.motorcycles,talk.politics.guns,sorry posting replied post politics group want involved fight save gun rights need little educated reading books hands hundreds messages internet want obtain complete list senate house resolution names numbers tell obtain info surely way obtain copies anti gun legislation washington help appreciated
1977,4711,15,don just like know think good,0.343,0.522,13,team game year games play season,rec.sport.baseball,rec.motorcycles,rec.sport.hockey,interesting article craig amazing hard baseball teams understand properly market teams treat customers business away century attitudes current owners display running clubs guess owners look baseball high growth rate ask necessary bring century business practices game don realize growth game capable 
1978,5404,16,people god does believe evidence say,0.343,0.557,18,god jesus church bible christ christian,talk.religion.misc,alt.atheism,soc.religion.christian,lots stuff creed deleted read original leave lds netters weiss task using mormon doctrine declare word lds church teaches doctrine hopefully lds netters explanation good weiss stated origin creed status inspired say good proved discussion debate authors creed inspired leave time post following thoug
1979,509,15,don just like know think good,0.343,0.540,12,key encryption chip clipper keys privacy,sci.crypt,rec.motorcycles,sci.crypt,lance edu wrote mon apr gmt agreed agency nsa approve public release crypto didn technical means know decrypt surely point make joe public think communications kept safe james bond nsa need decrypted access communications quite pull thought government going release algorithm panel carefully chosen e
1980,4109,14,gun law guns government people state,0.343,0.520,10,said people went didn came told,rec.autos,talk.politics.guns,talk.religion.misc,witnesses left compound batf shot did identify grenades inside identification near grenade announcement batf sealed warrant operating warrant way arrest warrant short batf control heads realized bombing compound woman children improve position real chance koresh able prove self defense court leave o
1981,9798,5,drive card scsi disk dos windows,0.343,0.585,15,don just like know think good,comp.os.ms-windows.misc,comp.sys.ibm.pc.hardware,rec.motorcycles,just wonder transfer files sun network home connected network tried use slow getting multiple files time impossible anybody hints thank advance
1982,7515,2,car new bike price sale cars,0.343,0.594,15,don just like know think good,rec.motorcycles,misc.forsale,rec.motorcycles,just gotta ask questions want ask active cop working dod dod technician speed student
1983,2626,5,drive card scsi disk dos windows,0.343,0.552,15,don just like know think good,comp.os.ms-windows.misc,comp.sys.ibm.pc.hardware,rec.motorcycles,clarify little sound exe self expanding archive contains driver actually called speaker drv think
1984,8308,10,said people went didn came told,0.342,0.562,0,israel turkish armenian jews war israeli,talk.politics.mideast,talk.religion.misc,talk.politics.mideast,list names neutral reporters killed interesting note intifada palestinian parties quickly began benefit media having spoken reporter covered know case mass demonstration gaza setup colleagues asked footage shot sent replied did happen case began closing sensitive trouble spots reporters
1985,6859,4,health medical disease use patients food,0.342,0.540,15,don just like know think good,sci.med,sci.med,rec.motorcycles,know post topic came sci physics fusion shortly cold fusion started recall experimental mice showed various ill effects eventually died reason does exactly reaction rates hydrogen extra mass causes lower velocity constant throws various bits body sick die heard way real life process takes quite want
1986,2923,15,don just like know think good,0.342,0.517,16,people god does believe evidence say,soc.religion.christian,rec.motorcycles,alt.atheism,following survey conducting term project philosophy class meant interesting statistically want hear kind voices asking blown read groups email responses stanford edu mail account infinite delete questions just numbered answers write really appreciate like start result soon possible like answers apri
1987,8898,7,time use used number point different,0.342,0.635,5,drive card scsi disk dos windows,sci.electronics,rec.autos,comp.sys.ibm.pc.hardware,actually detecting break watching character containing zero bits error resulting receipt means line stayed zero bit state past stop bit time slot basically indicates break special way detect break magic signal generated
1988,2458,14,gun law guns government people state,0.342,0.604,15,don just like know think good,talk.politics.guns,talk.politics.guns,rec.motorcycles,published letter blue press telling people hci requesting information time idea went rec guns couple people said hci counts information members confirm deny true impact hci getting thousand new members heard hci like members nra million true want play
1989,1493,5,drive card scsi disk dos windows,0.342,0.529,11,image software available ftp files graphics,comp.graphics,comp.sys.ibm.pc.hardware,comp.graphics,best program seen viewing files want version later current allows view bit modes really quite nice return question run windows dates drivers newest ones problem conflict star trek dark things willing bet drivers programs info newer drivers windows
1990,9565,8,president government people said program money,0.342,0.523,14,gun law guns government people state,talk.politics.guns,talk.politics.misc,talk.politics.guns,politicians want eliminate private ownership guns general public starts tax increases needed fund federal government higher percentage tax revenue goes pay national debt currently cents tax dollar collected rising dave netcom com
1991,908,7,time use used number point different,0.342,0.553,15,don just like know think good,sci.med,rec.autos,rec.motorcycles,wife insist involved process trained process interpreting diagnostic imaging data aware things physicians aren aware want deliver baby wouldn want read study opinion process involve
1992,9673,16,people god does believe evidence say,0.342,0.585,15,don just like know think good,talk.politics.misc,alt.atheism,rec.motorcycles,really said eating eating suppose accept anti bigotry geez uncle
1993,1148,8,president government people said program money,0.342,0.574,15,don just like know think good,talk.politics.misc,talk.politics.misc,rec.motorcycles,economic political ignorance americans truly scary price controls government intervention route disaster amazing people learn history common sense price controls work thought experiment belief price controls actually work government intervention people irony saying told biggest portion budget contro
1994,3273,17,power use water ground wire used,0.342,0.428,2,car new bike price sale cars,rec.motorcycles,sci.electronics,misc.forsale,thinking want think just installed set air ordered dennis kirk latest catalog rated meters installed using wire battery relay ground stock horn connectors fit relay pins just fine soldered connections relay used type battery connector fuse connector installed just forward fuse box fairing tie steeri
1995,2930,1,space nasa launch earth satellite shuttle,0.342,0.568,15,don just like know think good,sci.space,sci.space,rec.motorcycles,going upset direct moral outrage capitalist application booster long nasa sign times sony logo launcher sounds like lowell wood think does know involved purpose university colorado people guess purpose people learn build large inflatable space structures true think great idea learning build build st
1996,5154,15,don just like know think good,0.342,0.544,13,team game year games play season,rec.sport.hockey,rec.motorcycles,rec.sport.hockey,really inherently wrong tried just little decade ago showed early rounds playoffs soon went set filled early rounds empirical evidence decades people bruins play times bruins play round maybe hockey increased popularity sufficiently longer case experiment worthwhile distribution expansion teams pref
1997,2615,14,gun law guns government people state,0.342,0.555,15,don just like know think good,talk.politics.misc,talk.politics.guns,rec.motorcycles,selective service registration abolished start draft immoral agree don military experts agree quality armed forces superior volunteer army finally government lists computers irs social security motor vehicle needs maintaining list people utter waste money time let axe department reduce deficit littl
1998,3628,4,health medical disease use patients food,0.341,0.632,15,don just like know think good,sci.med,sci.med,rec.motorcycles,inside nose using tip bought tube doctor listen radio says apply days taking antibiotics mouth
1999,7205,15,don just like know think good,0.341,0.534,5,drive card scsi disk dos windows,comp.os.ms-windows.misc,rec.motorcycles,comp.sys.ibm.pc.hardware,hello question demo files cica downloaded install didn work addition altered eliminated dll file reinstall norton desktop know install eventually ask lotus send working model heard just want look feel buying pointer greatly appreciated thank
2000,5353,5,drive card scsi disk dos windows,0.341,0.502,15,don just like know think good,comp.os.ms-windows.misc,comp.sys.ibm.pc.hardware,rec.motorcycles,article unc edu admin unc edu dave using drivers version earlier latest available bbs fixes problem reason wanted reply public instead private mail following talked tech support days ago told expect new version near end month problem switching dos session standard mode apparently don know problem su
2001,7889,9,edu com mail information send list,0.341,0.645,15,don just like know think good,rec.sport.hockey,comp.sys.mac.hardware,rec.motorcycles,does nhl standings march need immediately project post email thanks
2002,6237,10,said people went didn came told,0.341,0.579,15,don just like know think good,talk.politics.guns,talk.religion.misc,rec.motorcycles,really don understand watched satellite network feeds people died eyes flames fbi stopped gate wrong scene watched movies pain fellow humans dying thank god feel sorry don think got deserved really believe koresh mad man said did deserve fate fact mad wasn reason believe followers innocent victims d
2003,5235,6,window server motif widget use application,0.341,0.503,11,image software available ftp files graphics,comp.windows.x,comp.windows.x,comp.graphics,glad proud announce new mailing list motif got replies week people interested list software properly installed list running interested joining send mail extend motif request blurb gets follows original announcement motif obtained enjoy welcome motif mailing list motif mailing list mailing list dedic
2004,9270,7,time use used number point different,0.341,0.551,15,don just like know think good,sci.space,rec.autos,rec.motorcycles,mean approach article recent week don remember exact date recent allen
2005,1031,7,time use used number point different,0.341,0.599,6,window server motif widget use application,comp.windows.x,rec.autos,comp.windows.x,comp windows calculation correct calculation sorry art tan degrees tan integer
2006,4610,7,time use used number point different,0.341,0.590,2,car new bike price sale cars,rec.autos,rec.autos,misc.forsale,according representative saw recently installed authorized dealer placed roughly spots car
2007,1117,12,key encryption chip clipper keys privacy,0.341,0.597,5,drive card scsi disk dos windows,sci.crypt,sci.crypt,comp.sys.ibm.pc.hardware,quoting pmetzger shearson com perry metzger article shearson com fast fastest modems far voice compressed
2008,426,14,gun law guns government people state,0.341,0.671,15,don just like know think good,talk.politics.guns,talk.politics.guns,rec.motorcycles,briefing documents raid similar local property sold prior raid recent coverage believed ventura county came conclusion report released office bad old man nearly blind didn stepping drug warriors
2009,2048,11,image software available ftp files graphics,0.341,0.587,15,don just like know think good,sci.electronics,comp.graphics,rec.motorcycles,attention hardware hackers bargain just bought pixel lcd panel pounds similar panel looking proper data help data device start routine phone library pass source type resolution matrix bought electronics park tel fax email compuserve just bought don know works price pounds including vat isn outside t
2010,1680,9,edu com mail information send list,0.341,0.577,18,god jesus church bible christ christian,soc.religion.christian,comp.sys.mac.hardware,soc.religion.christian,compiling bibliography religious magic interested sources particularly interesting especially interested works chemical christian feel free send personal opinions pro thanks
2011,7099,16,people god does believe evidence say,0.341,0.539,15,don just like know think good,alt.atheism,alt.atheism,rec.motorcycles,deleted deleted science teacher tells glass liquid try different science teacher glass fluid liquid high temperatures definition liquid includes readily takes form container let try accurate don want people think
2012,3439,18,god jesus church bible christ christian,0.341,0.584,9,edu com mail information send list,soc.religion.christian,soc.religion.christian,comp.sys.mac.hardware,beginning mail discussion group cell churches jesus christ cell church church cell church just interested learning cell churches send mail reserve right remove anybody group does demonstrate spirit
2013,8740,14,gun law guns government people state,0.340,0.628,15,don just like know think good,talk.politics.guns,talk.politics.guns,rec.motorcycles,ack public relations nightmare just happen gun lobby pays nra shell
2014,5995,16,people god does believe evidence say,0.340,0.577,15,don just like know think good,talk.politics.misc,alt.atheism,rec.motorcycles,run run lives process systematically health care systems key components hold gun wife respond way don think age hit white house age peace love harmony hasn hit south central hit yugoslavia long people world dead want protection police force peace make love shot ultimate statement equal rights forgot
2015,6356,1,space nasa launch earth satellite shuttle,0.340,0.522,15,don just like know think good,sci.space,sci.space,rec.motorcycles,didn early jet fighters think germans did work wwii lot military weren microwave landing systems wwii mary shafer
2016,8372,5,drive card scsi disk dos windows,0.340,0.561,6,window server motif widget use application,comp.os.ms-windows.misc,comp.sys.ibm.pc.hardware,comp.windows.x,greetings bunch problems opening dos window desktop occasionally result windows blowing set horizontal lines entire desktop recover completely exit windows problem windows scroll lines actually scrolling printed happen communications programs nail note programs don just scrolling capture buffers dis
2017,9363,18,god jesus church bible christ christian,0.340,0.583,15,don just like know think good,alt.atheism,soc.religion.christian,rec.motorcycles,sorry diskette couple months thanks efforts bobby quickly recent favorite satan angels god tells mozumder isc edu satan angels god tells
2018,2770,6,window server motif widget use application,0.340,0.635,11,image software available ftp files graphics,comp.graphics,comp.windows.x,comp.graphics,unc edu pub multimedia utilities unix tar mono works best threshold use mono face best viewing situation patch gives mono modes jan edu jan patch csc edu pub motif mono patch
2019,9469,5,drive card scsi disk dos windows,0.340,0.562,15,don just like know think good,comp.sys.ibm.pc.hardware,comp.sys.ibm.pc.hardware,rec.motorcycles,case rom supports vesa modes colors vesa compliant applications trouble setting modes forwarding posting software group just case careful doubt applications failing run lots stuff depends figuring exact svga looking don use vesa calls vesa pretty new new chip set think maybe function speed power nee
2020,8699,15,don just like know think good,0.340,0.474,5,drive card scsi disk dos windows,comp.sys.ibm.pc.hardware,rec.motorcycles,comp.sys.ibm.pc.hardware,hello quite sure joke read article right header joke worth reading know regular list ide harddisk specs available information ide strongly interested contacting manufacturers directly money overseas calls need harddisk manufacturer email addresses help
2021,9925,7,time use used number point different,0.340,0.573,5,drive card scsi disk dos windows,comp.windows.x,rec.autos,comp.sys.ibm.pc.hardware,old bits pixel aside real people upgraded risc architecture servers want concerned planes heard mono colour planes concerns plane unit specifically related planes thanks
2022,8614,9,edu com mail information send list,0.340,0.598,15,don just like know think good,comp.windows.x,comp.sys.mac.hardware,rec.motorcycles,gotten posts group couple days recently added feed list just group near death
2023,7649,15,don just like know think good,0.340,0.513,11,image software available ftp files graphics,comp.graphics,rec.motorcycles,comp.graphics,looking comments people used heard photoshop windows good does compare mac version lot bugs heard windows version needs fine tuning comments greatly appreciated thank
2024,9510,15,don just like know think good,0.340,0.498,18,god jesus church bible christ christian,soc.religion.christian,rec.motorcycles,soc.religion.christian,discussion jesus spoke come surprised noticed verse immediately father thank listening knew listen said sake people standing believe messenger translation guess come sake crowd
2025,9810,11,image software available ftp files graphics,0.340,0.477,6,window server motif widget use application,comp.graphics,comp.graphics,comp.windows.x,hello netters fairly weak question ask everybody netland looked faq comp graphics didn answer post short question display raster files gif files iff tiff images root window background sun ipc openwindows sun helps compiled pov sun like display work background thanks help information provide good day
2026,6233,15,don just like know think good,0.339,0.548,6,window server motif widget use application,comp.windows.x,rec.motorcycles,comp.windows.x,tell words compile message use know format don know compile reply com thanks advance
2027,786,16,people god does believe evidence say,0.339,0.529,15,don just like know think good,soc.religion.christian,alt.atheism,rec.motorcycles,people involved trying figure used phrase god shaped hole clh god shaped vacuum effect generally attributed pascal want know god shaped vacuum inside god fact infinite
2028,6301,6,window server motif widget use application,0.339,0.588,15,don just like know think good,comp.sys.mac.hardware,comp.windows.x,rec.motorcycles,excuse answered small utility switches functionality caps lock key ctrl key powerbook keyboard use ctrl key far caps lock convenient comfortable thank help scott
2029,4344,7,time use used number point different,0.339,0.582,11,image software available ftp files graphics,comp.os.ms-windows.misc,rec.autos,comp.graphics,stuff deleted according april issue magazine quote eventually windows likely ported successful risc architecture powerpc risc likely candidates sparc somewhat likely sun relatively strong unix software base
2030,1318,16,people god does believe evidence say,0.339,0.508,0,israel turkish armenian jews war israeli,talk.politics.mideast,alt.atheism,talk.politics.mideast,course opinion valid repeated capital letters words armenians justified aggression supposedly turks aggressive past don follow logic said don wish cyprus discussion did reasons turkey involvement trying convince seeing reason waste time let soc culture armenia started peace mind
2031,1839,11,image software available ftp files graphics,0.339,0.692,15,don just like know think good,comp.os.ms-windows.misc,comp.graphics,rec.motorcycles,speak peter understanding shareware status dos imagine registration fees similar believe new version dos released near future
2032,1140,16,people god does believe evidence say,0.339,0.601,15,don just like know think good,talk.politics.mideast,alt.atheism,rec.motorcycles,trying avoid discussion views endorsed trying newspaper article correct making statements president obtaining information statements thank
2033,2904,7,time use used number point different,0.339,0.483,4,health medical disease use patients food,sci.med,rec.autos,sci.med,getting original question thread experienced breathing difficulties years ago similar described case turned developing type sought direct confirmation doctor think breathing problem associated presence think occur lesser degree restricting food intake drastically don know relevant case ask daughter 
2034,3198,0,israel turkish armenian jews war israeli,0.339,0.706,15,don just like know think good,talk.politics.misc,talk.politics.mideast,rec.motorcycles,turkish president passed away today heart attack ankara gmt years old
2035,2390,9,edu com mail information send list,0.339,0.544,15,don just like know think good,alt.atheism,comp.sys.mac.hardware,rec.motorcycles,didn hear address changed reached following address branch davidian compound waco think seen posting alt jim
2036,5338,9,edu com mail information send list,0.339,0.565,11,image software available ftp files graphics,comp.graphics,comp.sys.mac.hardware,comp.graphics,guess subject says like references introductory material image databases send pointers mini point edu thanx advance
2037,199,16,people god does believe evidence say,0.339,0.431,18,god jesus church bible christ christian,soc.religion.christian,alt.atheism,soc.religion.christian,follow god blindly asked physically blind person follows seeing eye dog answer quite simple dog blind person acknowledge christian blind reality watched lately hear hear lies truth listen radio read newspaper remember tastes healthy rely hear taste knows real god course ask trust senses know hear go
2038,3677,15,don just like know think good,0.339,0.616,2,car new bike price sale cars,rec.motorcycles,rec.motorcycles,misc.forsale,want pick morgan attack wood frame hand bent metal skin just try replacement thought suspension better features
2039,1579,7,time use used number point different,0.338,0.498,1,space nasa launch earth satellite shuttle,sci.space,rec.autos,sci.space,difficulties high include long transfer times radiation damage spacecraft require huge amounts power nuclear power source dangerous source radiation damage big solar arrays sensitive radiation heavy make attitude control big pain solar replace arrays trip current technology nuclear power sources str
2040,1075,11,image software available ftp files graphics,0.338,0.604,5,drive card scsi disk dos windows,misc.forsale,comp.graphics,comp.sys.ibm.pc.hardware,complete computer required burning sound files consists apollo programmer designed specifically job wont microphone logical devices wipe mistakes brand new
2041,6069,15,don just like know think good,0.338,0.567,5,drive card scsi disk dos windows,comp.graphics,rec.motorcycles,comp.sys.ibm.pc.hardware,replay running arm processor arm slower arm does software standard rom bit colour resolution computer bit colour support real time dithering supposed couple arm used arm clock arm mips say flat depends really surrounding talking cache essential run kind speed slower memory stop saying things cos hop
2042,701,7,time use used number point different,0.338,0.592,16,people god does believe evidence say,alt.atheism,rec.autos,alt.atheism,note said depression destruction nuclear family extra sex specifically said prime cause prime cause cause recognize probably factors think extra sex subsequent family probably significant factor rise psychological problems including depression west century
2043,3111,11,image software available ftp files graphics,0.338,0.506,6,window server motif widget use application,comp.graphics,comp.graphics,comp.windows.x,thanks people responded request windows screen proves net wonderful thing summary choices various screen packages corel draw couple cica use built alt functionality paste screen window paste application cool thanks info grant windows newbie unix bag
2044,6030,7,time use used number point different,0.338,0.601,15,don just like know think good,soc.religion.christian,rec.autos,rec.motorcycles,general question world discovered round definition saturday ambiguous arbitrary answer calendar changed day week changed just date points days chris
2045,2822,16,people god does believe evidence say,0.338,0.488,15,don just like know think good,sci.med,alt.atheism,rec.motorcycles,yes absolutely make observation general sense observations human beings various biases message leaves talk hypothesis gets business science end result produced point isn novel come developing admit topic philosophy science making think summarizes popular science business doing science research doesn
2046,883,15,don just like know think good,0.338,0.532,8,president government people said program money,talk.politics.mideast,rec.motorcycles,talk.politics.misc,obviously really don know spoken sec state christopher recent trip provided millions aid participated supply military aid lift embargo arms sales kuwait directly participated food hmm say non white forgot oil rich loaded dollars don count
2047,1169,6,window server motif widget use application,0.338,0.559,5,drive card scsi disk dos windows,comp.os.ms-windows.misc,comp.windows.x,comp.sys.ibm.pc.hardware,card using windows mode normal font small enhanced mode dos window font small monitor way font size dos window excuse trivial answer fairly new windows world thanks include message reference unity ncsu edu
2048,7572,15,don just like know think good,0.337,0.453,16,people god does believe evidence say,alt.atheism,rec.motorcycles,alt.atheism,deletion deletion universe created way tell let creatures likes definitions god created satan knowledge happen including choice satan explain free goes didn god know happen created world concerned care fine idea comes possibility abuse power god introduced according description
2049,9286,2,car new bike price sale cars,0.337,0.562,15,don just like know think good,soc.religion.christian,misc.forsale,rec.motorcycles,just goes evangelical fundamentalists wear black leather jacket like classic rock longer long locks rely bible basis christian ethics
2050,4844,5,drive card scsi disk dos windows,0.337,0.545,15,don just like know think good,comp.sys.mac.hardware,comp.sys.ibm.pc.hardware,rec.motorcycles,got talking technician place recently bought mac guy told stopped shipping simms customers install babies easily static electricity claim
2051,1030,15,don just like know think good,0.337,0.657,11,image software available ftp files graphics,comp.graphics,rec.motorcycles,comp.graphics,spend money goes away time florida need based software plotting irregular boundaries profile soil given trial run creates borders response post summary thanks
2052,7602,15,don just like know think good,0.337,0.566,13,team game year games play season,rec.sport.hockey,rec.motorcycles,rec.sport.hockey,does know alternate games cities local broadcast rights protected really love bruins couple times pro patrick bias shown espn tells wait conference finals
2053,2601,4,health medical disease use patients food,0.337,0.553,15,don just like know think good,sci.med,sci.med,rec.motorcycles,don understand assumption legal think naturally occuring substances excluding controlled substances pretty terms use food food consumption falls fda regulations really looked closely reason ban world suppose legal consume tobacco products probably banned
2054,2819,9,edu com mail information send list,0.337,0.664,18,god jesus church bible christ christian,alt.atheism,comp.sys.mac.hardware,soc.religion.christian,latest news koresh finished writing bible
2055,2854,16,people god does believe evidence say,0.337,0.548,14,gun law guns government people state,talk.politics.misc,alt.atheism,talk.politics.guns,evidence given status admittedly questionable claim man trial included prior employment number women claimed worked walking truck stop wearing sort having convict create reasonable doubt rape actually took place theft services just ignorant lying accounts evening news indicated claimed self defense 
2056,9257,15,don just like know think good,0.337,0.689,16,people god does believe evidence say,sci.med,rec.motorcycles,alt.atheism,heard called believe info effects equivalent thanks
2057,2089,18,god jesus church bible christ christian,0.337,0.536,15,don just like know think good,alt.atheism,soc.religion.christian,rec.motorcycles,yesterday got chance hear speak university new hampshire succeeded isaac head american association atheist stood said heaven laughter room people speaking time thing possibly said room said yesterday lecture comes speak university highly recommend going read opinion greatest living greatest living p
2058,1410,11,image software available ftp files graphics,0.337,0.657,9,edu com mail information send list,comp.sys.ibm.pc.hardware,comp.graphics,comp.sys.mac.hardware,know ncd doing educational pricing software packages cash thanks eugene
2059,7164,7,time use used number point different,0.336,0.535,15,don just like know think good,sci.med,rec.autos,rec.motorcycles,bit year ago right discovered produced dull pain area repaired using method plug patch doctor considered procedure success months later pain returned doctor said wrong area repair pain occurs couldn identify specific problem performed original procedure says yes new area said cut area repair time qu
2060,6517,7,time use used number point different,0.336,0.527,4,health medical disease use patients food,sci.med,rec.autos,sci.med,reply daniel prince com daniel prince yes work equally hint different underlying process yes benefit usually evident days starting patients worked continued low dose daily regular sleep schedule current standard therapy cost usually depending dose potential significant effects like injury birth defe
2061,3340,7,time use used number point different,0.336,0.582,11,image software available ftp files graphics,comp.graphics,rec.autos,comp.graphics,working project needs create lines random data points work far tells need look irregular networks method does suggestions references programs hopefully source code creating help surface modeling greatly appreciated reached addresses paul
2062,4265,7,time use used number point different,0.336,0.555,13,team game year games play season,rec.sport.baseball,rec.autos,rec.sport.hockey,hank probably greatest subject lot opposing teams stands affect performance
2063,9610,15,don just like know think good,0.336,0.539,17,power use water ground wire used,misc.forsale,rec.motorcycles,sci.electronics,tektronix scope sale nice simple unit learn used school want play home easy inexpensive nice handle quite easy consider selling probes probes suitable type scope probes included price scope need technical info come look scope expert said know
2064,7711,7,time use used number point different,0.336,0.584,15,don just like know think good,sci.space,rec.autos,rec.motorcycles,pure speculation guess based hazardous pre launch ops qualify like caution just armed
2065,3897,14,gun law guns government people state,0.336,0.586,15,don just like know think good,rec.motorcycles,talk.politics.guns,rec.motorcycles,think legal clause regardless owns british company owner sell company
2066,2037,14,gun law guns government people state,0.336,0.693,15,don just like know think good,talk.politics.guns,talk.politics.guns,rec.motorcycles,wonder ama exact listing lives saved california waiting period states
2067,1934,5,drive card scsi disk dos windows,0.335,0.708,11,image software available ftp files graphics,comp.graphics,comp.sys.ibm.pc.hardware,comp.graphics,source mode mode uwaterloo faster extensions
2068,9531,5,drive card scsi disk dos windows,0.335,0.574,6,window server motif widget use application,comp.os.ms-windows.misc,comp.sys.ibm.pc.hardware,comp.windows.x,runs character based apps apps dos bit windows apps run windows bit subsystem consider fact built support tcp built support comes tcp like ftp client applications like schedule bit version storage argument issue ran did ton disk swapping virtual memory file oct build upgraded machine performance goo
2069,9602,16,people god does believe evidence say,0.335,0.615,15,don just like know think good,rec.motorcycles,alt.atheism,rec.motorcycles,carry want comply intelligent helmet laws comment way implies support helmet law support promise promise
2070,2938,10,said people went didn came told,0.335,0.591,2,car new bike price sale cars,rec.motorcycles,talk.religion.misc,misc.forsale,sold bike net young lady lived salt lake city live near lost angeles turned mutual ucla
2071,3857,15,don just like know think good,0.335,0.584,2,car new bike price sale cars,comp.sys.mac.hardware,rec.motorcycles,misc.forsale,got ordered jan received feb second ordered jan just got april come misc things like intro sample pictures alice ocean story woman apple games disc applications disc titles disc haven checked thing kids disc super interested make list exact titles post category interesting probably fairly useless ea
2072,6203,7,time use used number point different,0.335,0.643,11,image software available ftp files graphics,comp.windows.x,rec.autos,comp.graphics,produced paper use copy local sales rep mentioned straight forward using dialog language similar visual basic
2073,1368,7,time use used number point different,0.335,0.537,15,don just like know think good,sci.med,rec.autos,rec.motorcycles,relative recently diagnosed stage cell cancer seeking best place country treatment does suggestions suspect time essence
2074,9340,17,power use water ground wire used,0.335,0.649,7,time use used number point different,sci.electronics,sci.electronics,rec.autos,like high volume manufacturers boards assembled shore case far east final assembly east products designed entirely staff gurus like walter tends prefer american european components japanese far east shore assembly reason able make products perform people like audio research van better lower cost cou
2075,3909,7,time use used number point different,0.335,0.481,14,gun law guns government people state,talk.politics.guns,rec.autos,talk.politics.guns,jrm gnv ufl edu firearms tend fall low dollar pound area economic production local people skill motivation assemble worthwhile firearms scratch high ranking crime figures obtain average person average lucky zip gun pay nose good point make zip gun definition gun certainly capable sustained accurate 
2076,9439,16,people god does believe evidence say,0.335,0.590,15,don just like know think good,talk.politics.misc,alt.atheism,rec.motorcycles,interesting reaction gather washington event history don forget partners did study number sexual contacts said homosexual number fuck
2077,8441,15,don just like know think good,0.335,0.565,18,god jesus church bible christ christian,talk.religion.misc,rec.motorcycles,soc.religion.christian,jesus certainly demonstrated great depth love children died today davidian complex sorry events today negative organized religion cheers kent
2078,5179,9,edu com mail information send list,0.335,0.629,7,time use used number point different,sci.space,comp.sys.mac.hardware,rec.autos,send project proposal objectives current status project obstacles encountered chance project shall completed interesting information project help appreciated
2079,4819,7,time use used number point different,0.335,0.594,15,don just like know think good,sci.electronics,rec.autos,rec.motorcycles,rule says means works exactly way book specifies says means known bug bugs small obscure run practice motorola admits unlike certain companies
2080,9247,7,time use used number point different,0.335,0.615,15,don just like know think good,sci.med,rec.autos,rec.motorcycles,reply dec com understood quite time seeing aren strongly recommend new released called particularly helpful learning seizures ask doctor local support group
2081,358,15,don just like know think good,0.335,0.619,6,window server motif widget use application,comp.os.ms-windows.misc,rec.motorcycles,comp.windows.x,sounds like set panel international makes look like file manager thinks file size file manager confused points right period tony uucp uunet
2082,9448,15,don just like know think good,0.335,0.519,12,key encryption chip clipper keys privacy,sci.crypt,rec.motorcycles,sci.crypt,expert cryptography science basic things evident things clinton clipper address abuse conclusions based seen membership group notable persons agree bad possible government theory ends happening fact key make abuse impossible question authority remember power does corrupt think regard idea sense expa
2083,982,9,edu com mail information send list,0.335,0.616,11,image software available ftp files graphics,comp.windows.x,comp.sys.mac.hardware,comp.graphics,hello everybody searching business information motif applications create used drawing programs fax programs mail information references summaries results media thank advance
2084,2468,7,time use used number point different,0.335,0.598,11,image software available ftp files graphics,sci.space,rec.autos,comp.graphics,subject shuttle software happened hypothesis shuttle flight software major factor loss wit wind event flight control software indicated series violent engine movements shocked set leading
2085,1567,9,edu com mail information send list,0.334,0.545,7,time use used number point different,comp.graphics,comp.sys.mac.hardware,rec.autos,anybody suggest robust algorithms code computing point intersection lines plane data simple technique does provide results respond mail post summary newsgroups sufficient thanks member technical staff image understanding branch texas instruments central research labs dallas texas
2086,6809,15,don just like know think good,0.334,0.565,13,team game year games play season,rec.sport.baseball,rec.motorcycles,rec.sport.hockey,happen big fan baseball writer philadelphia tuesday writes week review column writes unusual situations occured week unusual stats section called week stupid lines mets ralph year contest stands guy hit writes baseball america column sort highlights week review check column make laugh rob
2087,7316,9,edu com mail information send list,0.334,0.563,18,god jesus church bible christ christian,soc.religion.christian,comp.sys.mac.hardware,soc.religion.christian,follow mark posting far current investigations church recently declared crying corresponding messages mary japan approved month ago proof department start appearances mary things pictures taken miracle sun appeared major american newspaper new york times believe major european newspapers talk post h
2088,3481,12,key encryption chip clipper keys privacy,0.333,0.573,15,don just like know think good,sci.crypt,sci.crypt,rec.motorcycles,suspect element political battle fear doubt factor people end users cripple chip hear debate vaguely government says solid people field say swiss balance doubt shift feds attempt limit forms encryption presented government covering butt protecting poor product superior competition comments
2089,5578,11,image software available ftp files graphics,0.333,0.477,9,edu com mail information send list,comp.graphics,comp.graphics,comp.sys.mac.hardware,peter package ahead problem miles let working package written like make public domain announce minute finished good news bad news months finish meantime look file tar located ncsu edu locations look archie nearest hope help sig computer graphics university switzerland tel fax projects computer graph
2090,2799,6,window server motif widget use application,0.333,0.535,15,don just like know think good,comp.sys.mac.hardware,comp.windows.x,rec.motorcycles,terry recently bought lciii remember trying rebuild desktop did strange problem held shift startup disable extensions happened tried keyboard using adb connector cable worked keyboard shift key keyboard worked checked fine try disabling extensions tell works annoyed sent keyboard mail inspection rep
2091,8413,15,don just like know think good,0.332,0.570,5,drive card scsi disk dos windows,comp.sys.ibm.pc.hardware,rec.motorcycles,comp.sys.ibm.pc.hardware,heard author having problems immediate family delayed development time months ago shame driver best memory manager doesn require mode like qemm works doesn memory runs exits provider little faster stable eos ncsu edu views csc ncsu edu won claim
2092,1326,19,file entry output program section char,0.332,0.637,6,window server motif widget use application,comp.os.ms-windows.misc,rec.sport.baseball,comp.windows.x,just moved borland visual today tried compile program complained function prototype problem turned word byte unsigned int shine light subject word byte
2093,5106,16,people god does believe evidence say,0.332,0.579,15,don just like know think good,comp.os.ms-windows.misc,alt.atheism,rec.motorcycles,particular program designed blind people important trying interface windows way blind people use voice recognition multimedia sound oriented program probably effective don know original purpose windows person posted question
2094,6826,5,drive card scsi disk dos windows,0.332,0.493,11,image software available ftp files graphics,comp.graphics,comp.sys.ibm.pc.hardware,comp.graphics,trying view tga files created povray diamond speedstar video board far convert jpeg using view cview displays bit color just want darn things real color ati ultra pro card easiest way view true color images using windows drivers like non windows solution love hear
2095,10081,15,don just like know think good,0.332,0.563,10,said people went didn came told,sci.space,rec.motorcycles,talk.religion.misc,sounds like ali different real causes accident far know slightest evidence having occurred induced probably did contribute opening leak path joint sealed smoke existing explanation related events account evidence adequately
2096,9545,15,don just like know think good,0.332,0.575,11,image software available ftp files graphics,comp.sys.mac.hardware,rec.motorcycles,comp.graphics,frankly think model does fonts does fine print model shocked kind features printer hoping decent printer replace personal laser writers motion picture major brooks institute photography santa barbara foreign student
2097,4575,16,people god does believe evidence say,0.332,0.604,15,don just like know think good,talk.politics.guns,alt.atheism,rec.motorcycles,shocked subject rely certainly intention meant leave subject line believe nntp server use columbia subject line protest problems header rude suppose case didn apologize apparent insult
2098,4903,15,don just like know think good,0.332,0.563,5,drive card scsi disk dos windows,sci.electronics,rec.motorcycles,comp.sys.ibm.pc.hardware,repair lot monitors like know pattern generator circuit provide ega vga signals using takes space bench somewhat portable guess sit design don time right reasonable suggestions appreciated
2099,8839,18,god jesus church bible christ christian,0.332,0.595,16,people god does believe evidence say,soc.religion.christian,soc.religion.christian,alt.atheism,bit essence marriage people commitment people claim married hearts willing marriage recognized church state evidence commitment isn really obvious situations christian marriage possible civil church desert island state marriage unjust reason laws marriage legal concept common law marriage meant ensu
2100,5015,9,edu com mail information send list,0.332,0.554,15,don just like know think good,sci.space,comp.sys.mac.hardware,rec.motorcycles,post referred michael adams nick completely error nick adams film early remember johnny country michael email address probably helped confuse things mind purely user error sorry
2101,7339,16,people god does believe evidence say,0.332,0.664,15,don just like know think good,talk.religion.misc,alt.atheism,rec.motorcycles,andy current theories hypotheses posting aware fact claims assembled randomly amino current thinking based came assembled kind primitive translation respond
2102,10060,18,god jesus church bible christ christian,0.332,0.598,15,don just like know think good,soc.religion.christian,soc.religion.christian,rec.motorcycles,takes load don want live forever wish christians held view walk campus spring really think limited respect teaching children criminal ideas young mind rely positive aspects religion win faith tim
2103,3531,9,edu com mail information send list,0.332,0.556,11,image software available ftp files graphics,comp.windows.x,comp.sys.mac.hardware,comp.graphics,folks information location information reference material following file formats pcx quite appropriate place ask questions let know appropriate accept apologies advance thanks help
2104,3838,12,key encryption chip clipper keys privacy,0.332,0.588,7,time use used number point different,sci.crypt,sci.crypt,rec.autos,just little wasn government required standard gauge didn improve things don misunderstand utter suspicious clipper chip hold design secret work law says discoveries people working government public domain nih class library des designs published place considered fairly strong stronger
2105,172,15,don just like know think good,0.332,0.517,11,image software available ftp files graphics,comp.os.ms-windows.misc,rec.motorcycles,comp.graphics,looking program called line mail reader windows using mail packets knows good mail readers let know thanks kevin
2106,5933,11,image software available ftp files graphics,0.332,0.549,15,don just like know think good,comp.windows.x,comp.graphics,rec.motorcycles,hello built mips platform send email don read group bunch questions thanks
2107,5792,7,time use used number point different,0.332,0.545,5,drive card scsi disk dos windows,comp.sys.mac.hardware,rec.autos,comp.sys.ibm.pc.hardware,subject says like details upgrade board makes equivalent plus identify board clips periodically remove clip entirely easy thing clean legs larry book asserts occasionally problem upgrades legs causing unusual errors like permanent think fairly easy socket currently modify board plug sure work aren a
2108,3562,1,space nasa launch earth satellite shuttle,0.331,0.534,15,don just like know think good,sci.space,sci.space,rec.motorcycles,catch boot purposes contest probably compete afford ride lower priced delivery systems demand develop new course low priced existed demand wonder way contest encourage low cost payload delivery systems accounting methods probably work example allow rockwell loan engines forth depends soon new launch
2109,8611,13,team game year games play season,0.331,0.568,15,don just like know think good,rec.sport.baseball,rec.sport.hockey,rec.motorcycles,hand juan probably does shot actually eric duke edu marxist sort paris internet comes close
2110,5579,8,president government people said program money,0.331,0.576,15,don just like know think good,talk.politics.mideast,talk.politics.misc,rec.motorcycles,dear friends graduate student education university requirements research class music education designed data research project study intends determine techniques used teach music experience music education like help project help appreciated want exchange ideas subject matter feel welcome working area
2111,5473,5,drive card scsi disk dos windows,0.331,0.612,11,image software available ftp files graphics,comp.graphics,comp.sys.ibm.pc.hardware,comp.graphics,hello just bought copy disagree good book unfortunately looking graphics feature described book mode easy accomodate pixel color attributes modes interested haven finish book author didn talk mode svga modes know good book dealing fast svga graphics scrolling good stuff send mail programming guide s
2112,1102,16,people god does believe evidence say,0.331,0.647,15,don just like know think good,alt.atheism,alt.atheism,rec.motorcycles,thing islamic bank bank operates according rules islam regard explicitly bank case crap motivated motives international banks emphasis dealing intelligence services various governments childish propaganda really ought life wasting typing thousands islamic banks operating world want talk corrupted ba
2113,9665,5,drive card scsi disk dos windows,0.331,0.605,11,image software available ftp files graphics,comp.graphics,comp.sys.ibm.pc.hardware,comp.graphics,need help upgrading animation video editing stand looking different type roll cuts station like controlled computer brand doesnt matter maybe mac amiga low end high end helpful use use mail requirements used hardware software necessary set need info mail washington edu thanks advance
2114,2752,8,president government people said program money,0.331,0.531,0,israel turkish armenian jews war israeli,talk.politics.mideast,talk.politics.misc,talk.politics.mideast,today posting end read money order create jobs residents active policy israeli administration regard jewish residents past governments funds cheap read affordable housing infrastructure investment creating industry generated income jobs years remain middle sized industries jewish settlements bedroom
2115,3066,15,don just like know think good,0.330,0.559,18,god jesus church bible christ christian,soc.religion.christian,rec.motorcycles,soc.religion.christian,dear fellow netters time time term like similar occurred posts group know movement called like jesus believe trinity plans change aware person church holds view trinity near future discuss item feel shall ask friends group background information anybody tell basic reasons holding belief jesus vice v
2116,9255,14,gun law guns government people state,0.330,0.524,15,don just like know think good,talk.politics.guns,talk.politics.guns,rec.motorcycles,look figure reliable means keeping guns away bad people interfering good people think problem methods using don trick don manufacture don sell don import japan did required near total isolation rest world centuries guns far fewer far people die hunting weapons allowed course long big require shots t
2117,8902,8,president government people said program money,0.330,0.586,16,people god does believe evidence say,talk.politics.misc,talk.politics.misc,alt.atheism,argument slavery dying institution historians mainly sought attention institution central issue civil war fact argument best recent scholarship years demonstrates sugar tobacco economy reliance slavery increasingly dominant south prior civil war south did receive massive momentum capital intensive g
2118,3844,2,car new bike price sale cars,0.330,0.574,15,don just like know think good,comp.sys.mac.hardware,misc.forsale,rec.motorcycles,meg simms trying sell like months old lifetime simms consider reasonable offers mail dave
2119,4129,15,don just like know think good,0.330,0.616,17,power use water ground wire used,sci.med,rec.motorcycles,sci.electronics,want try canadian counter product called water compared compatible
2120,7356,8,president government people said program money,0.330,0.568,0,israel turkish armenian jews war israeli,talk.politics.mideast,talk.politics.misc,talk.politics.mideast,accomplished criteria remember children bring stress alternative consider financial sexual act performed partners different ethnic backgrounds plan entitled peace income sexual security piss short time israeli gets screwed palestinian visa versa eligible income keeping spirit times tax expense polic
2121,8852,15,don just like know think good,0.330,0.510,18,god jesus church bible christ christian,soc.religion.christian,rec.motorcycles,soc.religion.christian,hard time understanding attitude gospels bit accurate little doubt jesus hell reality teacher wise loving thing people audience headed warn cruel believe place exists remain quiet scenario respect justified jesus knew place hell spoke just scare people unless accuse jesus encourage reconsider loving
2122,4594,6,window server motif widget use application,0.330,0.474,11,image software available ftp files graphics,comp.os.ms-windows.misc,comp.windows.x,comp.graphics,looking program let use windows common dialog box select file use running dos app basically dos apps use different files accept file command line parameter way know easily running windows set file additional parameters point type file problems remember file exactly located nice directories having us
2123,5410,2,car new bike price sale cars,0.330,0.558,9,edu com mail information send list,comp.sys.mac.hardware,misc.forsale,comp.sys.mac.hardware,edu hung date apr gmt organization california state university message edu newsgroups comp sys mac hardware kong buy cheap based computer experience buy macintosh winter kong saw price mac classic kong price buy recommended buy mac kong mac popular hung hello disagree regarding assessment macintosh 
2124,6621,6,window server motif widget use application,0.330,0.621,11,image software available ftp files graphics,comp.windows.x,comp.windows.x,comp.graphics,time asked software recommendations allow run home sparc office thanks replies majority people recommended ncd received yesterday installed sparc unix install consists copying files local bin directory ordered windows version came slick windows installation problem home directory line display export
2125,6987,15,don just like know think good,0.330,0.549,1,space nasa launch earth satellite shuttle,sci.space,rec.motorcycles,sci.space,spacecraft shut funding cuts example couldn magellan just told safe mode stay venus low power use mode maybe years funding gets restored economy gets better hopefully turned matter exactly apollo lunar experiments turned just political used congress funds turning keeps scientists hair heard argument
2126,3644,9,edu com mail information send list,0.330,0.649,15,don just like know think good,talk.politics.mideast,comp.sys.mac.hardware,rec.motorcycles,freeman constructive time engaging fantasy particular arafat john
2127,4053,2,car new bike price sale cars,0.330,0.542,15,don just like know think good,rec.motorcycles,misc.forsale,rec.motorcycles,thought best bike ridden mind ridden bikes mistaken thread group point
2128,5206,17,power use water ground wire used,0.330,0.498,15,don just like know think good,sci.electronics,sci.electronics,rec.motorcycles,let live just real storage scope just long actually isn usually special makes storage tube work screen placed just charged electron beam writes trace trace written screen separate low level flood electron gun keeps image exciting areas written areas storage screen problems resolution limited compare
2129,1164,7,time use used number point different,0.329,0.574,4,health medical disease use patients food,sci.med,rec.autos,sci.med,attending summer note conference immediately preliminary program registration materials international conference intelligent systems molecular biology washington july sponsored national health national library medicine department energy office health environmental research society american associati
2130,91,16,people god does believe evidence say,0.329,0.554,18,god jesus church bible christ christian,alt.atheism,alt.atheism,soc.religion.christian,saying physical adam eve humans direct human beings able wives couldn sisters didn daughters non humans genesis days adam years sons daughters
2131,5392,4,health medical disease use patients food,0.329,0.565,15,don just like know think good,sci.med,sci.med,rec.motorcycles,yeah diet load crap children diagnosed add placed diet improvement intellectual social skills fact continue decline course parents approach expense children development value interesting anecdotal results people believe want
2132,4757,9,edu com mail information send list,0.329,0.508,2,car new bike price sale cars,misc.forsale,comp.sys.mac.hardware,misc.forsale,looking save money man mail food twice dollar mail dollars sounds like great deal send salt lake city utah money form money order personally trust person send money sent let earn trust send dollar send store talk mail edu
2133,317,5,drive card scsi disk dos windows,0.329,0.560,17,power use water ground wire used,sci.electronics,comp.sys.ibm.pc.hardware,sci.electronics,trying figure operate pioneer bought surplus store kind viewing ordering connector power panel power light comes activity door doesn open experience unit ideas obtain documentation
2134,6262,7,time use used number point different,0.329,0.536,15,don just like know think good,talk.politics.guns,rec.autos,rec.motorcycles,alcohol banned today difficult manage large scale smuggling operation cops rank just narrow military communications intelligence gathering similar marijuana country greatly decreased value pound low compared cocaine simply worth risk domestic pressure domestic notwithstanding economical note domesti
2135,9044,6,window server motif widget use application,0.329,0.538,11,image software available ftp files graphics,comp.graphics,comp.windows.x,comp.graphics,looking graphics cad package unix box file records like count integer entity string entity string type string produce networked graph represented boxes circles represented lines width line determined different line type type boxes need identified entity number entities nice tool line cross did good 
2136,6756,2,car new bike price sale cars,0.329,0.654,15,don just like know think good,rec.motorcycles,misc.forsale,rec.motorcycles,yes unfortunately concept owner car responsible actions authorized user car biggest arguments photo radar systems trouble recourse mis issued ticket error computer follow city chicago informal motto city works issues dozens parking tickets year people set foot tire city
2137,4839,6,window server motif widget use application,0.329,0.610,11,image software available ftp files graphics,comp.windows.x,comp.windows.x,comp.graphics,buy bigger powerful server machine significant drop price year year link want use isdn costly bandwidth limited lies seeing link used traffic goes hmmm centre traffic running standard windows programs like word sort packets size link average traffic flow going network high low points mean network th
2138,5813,6,window server motif widget use application,0.329,0.521,11,image software available ftp files graphics,comp.graphics,comp.windows.x,comp.graphics,looking algorithm generate good cross section rgb colours given limited colour map size problem writing application colors want use colormap palette application like contain spread colours visible spectrum use rgb cube problem lot colours identical human eye
2139,248,17,power use water ground wire used,0.329,0.551,15,don just like know think good,sci.electronics,sci.electronics,rec.motorcycles,notice lot electronics questions people obviously tuned electronics simple answers require circuit diagram network don write send self addressed stamped answer questions willis circle network quicker easier free christopher wolf electrical engineer mtu edu
2140,4496,5,drive card scsi disk dos windows,0.328,0.626,2,car new bike price sale cars,comp.sys.mac.hardware,comp.sys.ibm.pc.hardware,misc.forsale,teh upgrade does include new sticker cover centris
2141,5234,10,said people went didn came told,0.328,0.566,15,don just like know think good,rec.motorcycles,talk.religion.misc,rec.motorcycles,missed article viking little dragon head style later copied indian round covers accident deleted forget line reasoning animal decides genetics putting mere road loose rocks just like bad concrete jumped fence came saw jump fence went gas feet ahead good damn literally damage bent case guard severely
2142,3359,14,gun law guns government people state,0.328,0.579,15,don just like know think good,talk.politics.guns,talk.politics.guns,rec.motorcycles,think pretty love royal willing throw freedom speech sake protecting reputation royal british government advertised american newspapers send gun defend british home british civilians faced threat invasion need arms defense homes wwii american november publications act misuse drugs act used justifica
2143,5526,7,time use used number point different,0.328,0.512,16,people god does believe evidence say,talk.politics.misc,rec.autos,alt.atheism,fact matter poverty related social political economic strongly related virtually major including england revolution france russia china occurred economies substantial long term growth poverty declining sets massive coupled perception social change possible poverty main engine social typical historic
2144,5879,7,time use used number point different,0.328,0.578,15,don just like know think good,talk.religion.misc,rec.autos,rec.motorcycles,slightly different note buildings state big numbers roof manhattan near garden city garden city nice black building
2145,3674,9,edu com mail information send list,0.328,0.640,15,don just like know think good,sci.electronics,comp.sys.mac.hardware,rec.motorcycles,yes does directions dayton thanks
2146,4956,9,edu com mail information send list,0.328,0.529,5,drive card scsi disk dos windows,misc.forsale,comp.sys.mac.hardware,comp.sys.ibm.pc.hardware,software tape drives currently used vms sale scsi tape drives working condition compression plus shipping cod certified checks units sold contact interested dick internet com uucp uunet office hudson fax
2147,8153,16,people god does believe evidence say,0.328,0.642,15,don just like know think good,talk.politics.guns,alt.atheism,rec.motorcycles,heat tops cold bastard list unbelievable countries morals low death innocent people viewed jmd handheld com
2148,4202,8,president government people said program money,0.328,0.627,15,don just like know think good,talk.politics.misc,talk.politics.misc,rec.motorcycles,thoughts going count bodies press white house staff junior senator king just curious bias going numbers brought
2149,10075,7,time use used number point different,0.328,0.729,18,god jesus church bible christ christian,soc.religion.christian,rec.autos,soc.religion.christian,mistaken jewish family names cohen considered legitimate indicators descent aaron family names considered legitimate indicators descent main legal issue priesthood supposed involve finding red used purpose years ago
2150,9615,14,gun law guns government people state,0.328,0.541,5,drive card scsi disk dos windows,comp.sys.ibm.pc.hardware,talk.politics.guns,comp.sys.ibm.pc.hardware,excerpts netnews comp sys ibm hardware apr amd clones legal upenn edu true read article send district court judge william san francisco threw jury verdict prohibiting amd using
2151,6084,9,edu com mail information send list,0.327,0.564,5,drive card scsi disk dos windows,comp.os.ms-windows.misc,comp.sys.mac.hardware,comp.sys.ibm.pc.hardware,upgrade visual products follows standard edition list price upgrade competitive upgrade professional edition list price upgrade competitive upgrade includes upgrades language products like michael hewlett packard try cover ass information networks division certainly support right road cup com
2152,9138,11,image software available ftp files graphics,0.327,0.557,7,time use used number point different,comp.graphics,comp.graphics,rec.autos,problem certain solving correct way wondering shed light point right place look ray imaging camera tube hole passing right angle tube axis image ray source screen tube know source screen centre distance radius tube radius hole calculations based image hole screen calculations mathematically highly c
2153,1284,10,said people went didn came told,0.327,0.607,15,don just like know think good,talk.politics.misc,talk.religion.misc,rec.motorcycles,witness tell burning truck dead kind witnesses talking witnesses accident directly involved emergency room doctors used trial don new trial screwed forgot witnesses talking new expert witnesses offer new interpretations data note loser witnesses grounds new trial loser new trial doing loser winner c
2154,5936,13,team game year games play season,0.327,0.491,15,don just like know think good,rec.sport.hockey,rec.sport.hockey,rec.motorcycles,clear trying say asked heard hockey played smythe division think response asked person played west division naming divisions long dead unnecessary hardly established situation existed prior smythe stanley cup challenge team successfully mount challenge dear founders did challenge created closed leag
2155,9535,15,don just like know think good,0.327,0.547,0,israel turkish armenian jews war israeli,talk.politics.mideast,rec.motorcycles,talk.politics.mideast,syria expansion author writes thought zionism racism wrong correct time zionism racism mcgill daily student newspaper mcgill proud print article saying want copy send mail
2156,98,5,drive card scsi disk dos windows,0.327,0.593,17,power use water ground wire used,sci.electronics,comp.sys.ibm.pc.hardware,sci.electronics,posted friend hello like know experience having board capacitors inside cmos chip power lines say lot space left pad limited design data effect breakdown info pointers appreciated
2157,10036,2,car new bike price sale cars,0.327,0.635,15,don just like know think good,rec.autos,misc.forsale,rec.motorcycles,understand working double battery super high engine bit lots communication equipment works color selection limited problem guy avenue clinton time lincoln time knowledge know does conversion work things like hot chevy sold middle east things like parties manufacturer maybe need buy specific package 
2158,8263,17,power use water ground wire used,0.327,0.617,15,don just like know think good,sci.electronics,sci.electronics,rec.motorcycles,joking entire internet flaming ahh remember company introducing pink colored resistor electronics working females
2159,3135,8,president government people said program money,0.327,0.552,9,edu com mail information send list,misc.forsale,talk.politics.misc,comp.sys.mac.hardware,spending summer washington working does summer like area august mail pertinent info purdue edu
2160,7567,7,time use used number point different,0.327,0.581,17,power use water ground wire used,sci.crypt,rec.autos,sci.electronics,note cable completely misunderstood said math frequently noted wrong better check calculations assume means bits assume start protocol overhead effective number bytes second let assume want transmit speech stereo send samples sec corresponds frequency low especially think bit low quality sound furth
2161,7639,7,time use used number point different,0.327,0.525,15,don just like know think good,comp.os.ms-windows.misc,rec.autos,rec.motorcycles,clones count quite poor trying clone goes regular modifications does require patience questions come mid real quick like version adobe clone aside level level issues adobe past released new code modifications upgrades fixes just software vendors level stuff sound assure changes frequent customer lis
2162,8191,2,car new bike price sale cars,0.327,0.518,7,time use used number point different,misc.forsale,misc.forsale,rec.autos,hello following sale books perfect condition interested mail rpi edu telescope hard cover surface physics soft cover physics matter introduction soft cover physics hard cover general relativity hard cover non soft cover advances atomic molecular physics vol hard cover advances atomic molecular physi
2163,2093,14,gun law guns government people state,0.327,0.529,15,don just like know think good,talk.politics.guns,talk.politics.guns,rec.motorcycles,talk politics guns ssd intel com kirk apr pro gun posters group guns terminator aka owned firearms years posting group example worth firearms sort long time readers group know dedicated rkba toys freedom
2164,4998,15,don just like know think good,0.326,0.519,16,people god does believe evidence say,soc.religion.christian,rec.motorcycles,alt.atheism,typical statement irrational person bible written male thousands years ago holy books follow parts think suitable modern life ignore heaven sake don literally think easy muslim commandments older christ opinion follow says intrinsically good christ sinners allow concept god opinion atheist easy task
2165,7948,15,don just like know think good,0.326,0.603,5,drive card scsi disk dos windows,sci.electronics,rec.motorcycles,comp.sys.ibm.pc.hardware,sure needs way converter wants ttl suggest cheap germany chip needs ttl converter uses btw compatibles expensive usa paid harris absolutely compatible
2166,8087,2,car new bike price sale cars,0.326,0.652,11,image software available ftp files graphics,sci.electronics,misc.forsale,comp.graphics,want start dsp project music stereo cassette chip set development kit compiler mix music ideally converters dsp compiler rough estimate cost appreciated thanks advance
2167,897,9,edu com mail information send list,0.326,0.515,15,don just like know think good,rec.autos,comp.sys.mac.hardware,rec.motorcycles,neil williams writes long subject years ago riding toyota pickup heading south north seattle threw rock hit windshield accident sure impossible quickly did figured kids reported left couple years ago killed guy company mid left wife children turned blocks away caught year old did cover don think for
2168,1735,12,key encryption chip clipper keys privacy,0.326,0.484,14,gun law guns government people state,sci.crypt,sci.crypt,talk.politics.guns,hits land record access isn supposed warrant rule today evidence think unless judge ordered think warrant illegal cops record today plain cellular calls ask judge hey permission listen tapes long think legal police record encrypted conversations violating privacy read encryption warrant usual good f
2169,2995,6,window server motif widget use application,0.326,0.620,11,image software available ftp files graphics,comp.windows.x,comp.windows.x,comp.graphics,looking software draw graph want just list edges program come reasonable positioning thanks advance
2170,3709,2,car new bike price sale cars,0.326,0.560,15,don just like know think good,sci.electronics,misc.forsale,rec.motorcycles,fellow info extra real time programming embedded sensors storage extra voice control telescope articles labels torn cut missing pages like trade condition labels mail mail mutual trust kinda don actually throw away
2171,1463,9,edu com mail information send list,0.326,0.613,13,team game year games play season,rec.sport.baseball,comp.sys.mac.hardware,rec.sport.hockey,post game interview claimed best manager explaining history blow losing tigers tim timothy law snyder department computer science georgetown university washington
2172,5881,8,president government people said program money,0.326,0.542,15,don just like know think good,talk.politics.misc,talk.politics.misc,rec.motorcycles,saying limited government provide opportunities private interests use pursue asking libertarians prove happen offer proof pretty damn plausible government does regulate particular area tool private interests pursue area suspect sort government likely tool tool instances suspect improvement human con
2173,1001,5,drive card scsi disk dos windows,0.326,0.579,7,time use used number point different,comp.sys.ibm.pc.hardware,comp.sys.ibm.pc.hardware,rec.autos,anybody point right direction information protected mode interested protected mode viewed point view
2174,2197,13,team game year games play season,0.326,0.604,15,don just like know think good,rec.sport.baseball,rec.sport.hockey,rec.motorcycles,vote goes indians red uniforms said felt like big red blood
2175,3180,10,said people went didn came told,0.325,0.610,15,don just like know think good,alt.atheism,talk.religion.misc,rec.motorcycles,cwru edu keith ryan cwru edu rush stanford edu stanford edu sadly yes don loose sleep old just fun basically harmless don work city don hard believe ole really believes hate ignorant writes thought people worse say men long doesn proceed pick rifle start shoot women strike aka canada slaughter occur
2176,1384,13,team game year games play season,0.325,0.579,15,don just like know think good,talk.politics.misc,rec.sport.hockey,rec.motorcycles,did don answer number libertarians fans vice versa know number fans baseball fans don plan posting red sox schedule
2177,1443,2,car new bike price sale cars,0.325,0.618,15,don just like know think good,rec.motorcycles,misc.forsale,rec.motorcycles,actually beleive normally means driving impaired does states lived necessarily impaired drugs sleep total moron surprised got hook confined randy davis email randy com pilot uunet ucsd randy dod
2178,4830,16,people god does believe evidence say,0.325,0.631,15,don just like know think good,talk.religion.misc,alt.atheism,rec.motorcycles,deleted deleted laugh tony shit bothers listen causes grave doubts future just branch davidians jim jones charlie manson uncle wolf member grand california southern beliefs teachings
2179,9520,5,drive card scsi disk dos windows,0.325,0.552,6,window server motif widget use application,comp.os.ms-windows.misc,comp.sys.ibm.pc.hardware,comp.windows.x,don usually subscribe newsgroups really appreciate possibly mail answer problem using windows buying winter just come annoying bug different groups program manager everytime install new makes new group promptly disappears turn windows happened installed excel pro created groups turned windows gone m
2180,276,15,don just like know think good,0.325,0.495,16,people god does believe evidence say,talk.politics.misc,rec.motorcycles,alt.atheism,reasonable doubt dates human rights time civil rights civil rights issued state strings attached choose said rights means determined needs state guilt innocence traditional sense subjective objective make harder right sacrificed wrong really small price pay common good don think
2181,3586,15,don just like know think good,0.325,0.511,9,edu com mail information send list,sci.electronics,rec.motorcycles,comp.sys.mac.hardware,message going international circuits systems held chicago checking people interested getting pickup game soccer hours conference mail macs mcgill bring ball know going conference know soccer players pass message chicago going conference let know field near hotel play thanks bye
2182,9415,15,don just like know think good,0.325,0.584,11,image software available ftp files graphics,comp.os.ms-windows.misc,rec.motorcycles,comp.graphics,margin problem ages finally got hold shareware binary editor exe setup facility force default code search change offending bytes viola guys options interested problem ugly head certain printers using old epson remember
2183,3606,9,edu com mail information send list,0.324,0.509,15,don just like know think good,comp.graphics,comp.sys.mac.hardware,rec.motorcycles,binary forget answer question life universe quote douglas adams round way course question discovered discovered sort question times arthur dent unfortunately inaccurate effort discover question begun effort believe likely far longer universe fact mark wilson online computer systems try email address
2184,2025,8,president government people said program money,0.324,0.617,15,don just like know think good,rec.sport.baseball,talk.politics.misc,rec.motorcycles,lived boston area years talking new boston garden hockey basketball lived day overcome day new fans stadium called year nearly long preliminary proposals new stadium local politics prevents timely fashion new lifetime
2185,6711,1,space nasa launch earth satellite shuttle,0.324,0.578,8,president government people said program money,sci.space,sci.space,talk.politics.misc,interesting opinion piece business section today times thursday april thought post flame wars mean reasoned debate let saying largely agree space age sense decades ago projects like space station miss point time reading example new weekly physics update net clear day lies fine manipulation matter in
2186,6336,7,time use used number point different,0.324,0.570,15,don just like know think good,sci.crypt,rec.autos,rec.motorcycles,collect data making sense matter sci crypt graduate major strong math background experienced programmer taking cryptology course alleged nsa filters sci physics major new age talking silly things like person expectations colors sees talk religion physics enjoys interesting idea science write occasio
2187,5250,11,image software available ftp files graphics,0.324,0.606,5,drive card scsi disk dos windows,misc.forsale,comp.graphics,comp.sys.ibm.pc.hardware,sale pen based electronic brand new sharp link software cable measures fits pockets ram available user pen touch screen input pointing drawing keyboard big touch type screen windows pop menus excellent alarms telephone directories user configurable databases word processor formatting drawing utility
2188,6870,7,time use used number point different,0.323,0.560,13,team game year games play season,rec.sport.baseball,rec.autos,rec.sport.hockey,single piece evidence points major league baseball offense defense run scored just important run prevented certainly passes common sense test statistical evidence say percent defense pitching percent fielding really like know btw thanks data fascinating chapters palmer hidden game titled pitching ba
2189,3207,4,health medical disease use patients food,0.323,0.557,16,people god does believe evidence say,soc.religion.christian,sci.med,alt.atheism,told planned style values free methods teach technology advise kids make choices actually pregnancy rates posted long article happy email copy interested article included sources contact information research statements outstanding source info acquiring related single copy quantities home use researc
2190,1167,14,gun law guns government people state,0.323,0.622,15,don just like know think good,rec.motorcycles,talk.politics.guns,rec.motorcycles,saw today newspaper fortune bars england said drunk away insurance payment years banned wednesday pub england wales david roberts awarded cash compensation losing leg motorcycle accident spent virtually court england told judge malcolm banned roberts bars england wales months years started pub
2191,1740,13,team game year games play season,0.323,0.725,9,edu com mail information send list,soc.religion.christian,rec.sport.hockey,comp.sys.mac.hardware,definition cell church group gets indianapolis week attendance
2192,5601,7,time use used number point different,0.323,0.480,2,car new bike price sale cars,rec.autos,rec.autos,misc.forsale,sounds like neat cars fun drive sold remember correctly believe engine parts older models parts harder come later models parts general difficult time carried stuff including brand new long block hmm spelling looks project
2193,5713,9,edu com mail information send list,0.323,0.670,5,drive card scsi disk dos windows,comp.sys.mac.hardware,comp.sys.mac.hardware,comp.sys.ibm.pc.hardware,days ago powerbook starts freeze seconds stays alive long program actively running long mouse moved did experience similar problems known fixes reply email read newsgroup normally regards mike fisher frank senior research fellow institute manufacturing technology technological university avenue tel 
2194,520,16,people god does believe evidence say,0.323,0.541,14,gun law guns government people state,sci.crypt,alt.atheism,talk.politics.guns,falls aclu doesn mean aclu eff effective instrument win hearts minds favor access cryptography precisely like cryptography makes censorship impossible stand attempt generate broad consensus favor encryption true context public debate dangerous red herring advocates strong crypto better prepare answe
2195,2413,7,time use used number point different,0.323,0.609,1,space nasa launch earth satellite shuttle,sci.space,rec.autos,sci.space,posted internet edu lunar operation model david mitchell march introduction order increase public space based lunar operations real lunar like environment constructed test operated models models remotely controlled individuals located world wide using personal computers purposes does provide test be
2196,7918,11,image software available ftp files graphics,0.323,0.641,2,car new bike price sale cars,misc.forsale,comp.graphics,misc.forsale,tapes left postage paid multiple orders appreciated necessary package deals welcome thanks chris
2197,6309,11,image software available ftp files graphics,0.323,0.648,2,car new bike price sale cars,comp.sys.mac.hardware,comp.graphics,misc.forsale,mail post cheap source ink original preferred settle party brands good quality steve
2198,1154,15,don just like know think good,0.323,0.523,12,key encryption chip clipper keys privacy,sci.crypt,rec.motorcycles,sci.crypt,getting really questions reverse engineering let just point exist gate arrays known security fuse programmed verified programming makes impossible read programming device ignoring reverse engineering questions speaking experience completely designs seven years ago disk file backups bad devices secur
2199,4868,14,gun law guns government people state,0.323,0.615,15,don just like know think good,talk.politics.guns,talk.politics.guns,rec.motorcycles,line pink believe gun control gun wanna controlling
2200,2078,17,power use water ground wire used,0.323,0.570,5,drive card scsi disk dos windows,comp.sys.mac.hardware,sci.electronics,comp.sys.ibm.pc.hardware,quick query powerbook gurus tom post alternative powerbook battery options mentioned exist versions powerbook batteries amp hour amp hour amp hour know determine battery looked battery obvious exterior indication contacted tom information macuser didn know know answer thanks christopher
2201,6367,15,don just like know think good,0.323,0.570,12,key encryption chip clipper keys privacy,sci.crypt,rec.motorcycles,sci.crypt,occurs wiretap order escrow houses release code cops code longer secure good point hands cops sure time good security good escrow houses expect cops honest risks face day media time sorts discrimination expect human lots cases police abuses ranging protection outright worked local radio shack alarm 
2202,577,12,key encryption chip clipper keys privacy,0.322,0.665,10,said people went didn came told,sci.crypt,sci.crypt,talk.religion.misc,sounds like old episode joe went apartment prime suspect answered door gave permission search apartment worked california understand law authority grant permission search space rented party provided default sure provide master key shown search warrant search supposed point question did user rent dis
2203,5846,15,don just like know think good,0.322,0.574,5,drive card scsi disk dos windows,comp.sys.mac.hardware,rec.motorcycles,comp.sys.ibm.pc.hardware,looking recommendations experiences bringing macintosh cpus token ring nets point right direction information
2204,559,9,edu com mail information send list,0.322,0.557,16,people god does believe evidence say,soc.religion.christian,comp.sys.mac.hardware,alt.atheism,greetings like touch people consider christians define arts topics discussion particular art view relationship christianity art view relationship christianity art christian participate shouldn christian participate biblical views pro example heard fellow tried christ thing wasn aside involved offici
2205,7666,12,key encryption chip clipper keys privacy,0.322,0.636,7,time use used number point different,sci.crypt,sci.crypt,rec.autos,said berkeley edu given description algorithm given plausible agreed bandwidth advance parties standard shared symmetric key
2206,6894,7,time use used number point different,0.322,0.603,16,people god does believe evidence say,talk.religion.misc,rec.autos,alt.atheism,text pertaining modes material nature subject matter modes material nature pure state spiritual existence free ideas gain protection van established self translation deal mainly subject modes material nature modes free gain safety established self material activities involve actions reactions modes 
2207,5366,7,time use used number point different,0.322,0.565,15,don just like know think good,sci.electronics,rec.autos,rec.motorcycles,does know source modem chips used modems ideally small quantity mail order years buying distributor marshall hundreds kits orders dropped point longer afford offer service distributors checked crazy minimum order like source interested building kits suggestions
2208,3712,6,window server motif widget use application,0.322,0.496,11,image software available ftp files graphics,comp.windows.x,comp.windows.x,comp.graphics,original question times beginning users heck experienced users write small test programs times forget draw response expose events results application graphics don just trying eliminate easy explanations seeing graphics said don try copying different planes window try output single plane data possibl
2209,1017,5,drive card scsi disk dos windows,0.322,0.531,11,image software available ftp files graphics,comp.graphics,comp.sys.ibm.pc.hardware,comp.graphics,hello help student turbo graphics programming having problems finding algorithms code teach stuff book code teach read write pcx gif files access extra ram paradise video board higher vga modes anybody got line good book help answer question thanks send reply palm bitnet
2210,2278,15,don just like know think good,0.322,0.584,5,drive card scsi disk dos windows,sci.electronics,rec.motorcycles,comp.sys.ibm.pc.hardware,distribution usa reply utexas edu net thing chip chipset decode code ask couple reasons mainly want reasonably compact encoding scheme write information cards code appears right right way reasonably easy let know chance reply quickly earlier post couple days think thanx utexas edu hewlett packard se
2211,5589,14,gun law guns government people state,0.322,0.526,15,don just like know think good,talk.politics.guns,talk.politics.guns,rec.motorcycles,odd lines making progress ironic note deleted lines emacs continually gave message garbage collecting think trying tell join time know talk politics guns newsgroup thought remind consider reasonable space limitation make mistake gun blowing hazard nearby say lane range point distance level threat dr
2212,5457,15,don just like know think good,0.322,0.696,2,car new bike price sale cars,misc.forsale,rec.motorcycles,misc.forsale,tickets starting week april maybe week way current conditions apr great spring excellent coverage stuff open lift lines
2213,6355,4,health medical disease use patients food,0.322,0.629,10,said people went didn came told,talk.religion.misc,sci.med,talk.religion.misc,correct today washington post gas fbi used certainly fatal high course non toxic tear gas point tear gas toxic toxic effects cause people seek fresh air
2214,8099,7,time use used number point different,0.322,0.580,17,power use water ground wire used,sci.electronics,rec.autos,sci.electronics,project come detector module fast sec packet radio use fancy modulation scheme just wide use mhz bit familiar motorola chip wonder newer designs work higher input frequencies goal come inexpensive design receiver end input end particularly interested ways use higher current chips work say internal n
2215,1850,4,health medical disease use patients food,0.322,0.611,15,don just like know think good,talk.politics.guns,sci.med,rec.motorcycles,determined blue cross medical coverage federal employees good model future national emergency medical care insured carry blue cross card entering hospital notify blue cross refuse pay bills emergency treated inform hours unable medical reasons hospital failing hours means cover need card notify card
2216,10086,16,people god does believe evidence say,0.321,0.583,15,don just like know think good,talk.politics.mideast,alt.atheism,rec.motorcycles,lengthy article quote doesn imply states possible way likely akin article saying possible usaf captured supporting assertion words telling reporter guessing israel maintains attitude nuclear weapons maintains attitude presence nuclear weapons specific naval craft refusing acknowledge existence weapo
2217,5027,4,health medical disease use patients food,0.321,0.461,15,don just like know think good,sci.med,sci.med,rec.motorcycles,talking migraine exercise thought exercise migraine turning thread day played tennis lunch hour tennis shape intense exercise got noticed head hours later feel migraine start continued drink water afternoon took didn help pain started wasn intense usually night pain isn time migraine occur exercise 
2218,4723,17,power use water ground wire used,0.321,0.587,15,don just like know think good,sci.electronics,sci.electronics,rec.motorcycles,wouldn crystal affected cold gut feeling device extreme cold likely affect compliance terminology frequency electronics department school university sydney australia email edu fax
2219,9041,6,window server motif widget use application,0.321,0.631,15,don just like know think good,sci.electronics,comp.windows.x,rec.motorcycles,tell possible purchase controls arcade style games projects working greatly implement thanx advance
2220,2696,9,edu com mail information send list,0.321,0.705,15,don just like know think good,sci.space,comp.sys.mac.hardware,rec.motorcycles,activity regularly reported ron interesting posts explain command loss timer thanks alan
2221,6038,9,edu com mail information send list,0.321,0.666,15,don just like know think good,sci.electronics,comp.sys.mac.hardware,rec.motorcycles,month ago photo posted alt binaries pictures misc inch northern caught simms
2222,4776,15,don just like know think good,0.321,0.625,12,key encryption chip clipper keys privacy,sci.electronics,rec.motorcycles,sci.crypt,wow concept does anybody want speculate non connection fit theft cable services laws unless case specifically written legislation cable company leg stand court does anybody specific legal knowledge
2223,7609,15,don just like know think good,0.321,0.571,7,time use used number point different,sci.space,rec.motorcycles,rec.autos,explain widely separated detectors burst time fact having widely separated interplanetary network sure way locate random burst detector locate burst say field view detectors use time burst seen detector narrow location sky detectors gets giving possible locations locations impossible say earth block
2224,6388,15,don just like know think good,0.320,0.558,18,god jesus church bible christ christian,soc.religion.christian,rec.motorcycles,soc.religion.christian,early christians weird yes non christian familiar late republican rome people forget creative filtering century hero worship modern non christians christians pretty weird acid luther apparently buying simplistic propaganda model sure large global longer cycles smaller denominations local ones usuall
2225,2353,4,health medical disease use patients food,0.320,0.594,15,don just like know think good,sci.med,sci.med,rec.motorcycles,reply ron rose com ron ron endless source misinformation bone called end spine single solid bone patients normal variant adjust solid bone break don tell don want know
2226,5005,1,space nasa launch earth satellite shuttle,0.320,0.521,9,edu com mail information send list,sci.space,sci.space,comp.sys.mac.hardware,says presume refer space wright worked solar jpl general ordering info request book called solar travel available planetary society years ago don know
2227,5101,11,image software available ftp files graphics,0.320,0.699,9,edu com mail information send list,misc.forsale,comp.graphics,comp.sys.mac.hardware,representing chinese manufacturers want wholesale products latin american countries looking agents help products include color black white interested mail fax usa information inquiries good commission
2228,6914,11,image software available ftp files graphics,0.320,0.666,5,drive card scsi disk dos windows,sci.electronics,comp.graphics,comp.sys.ibm.pc.hardware,recently picked display chips information longer don old data book appears dot matrix led display capable showing hex digit pin dip package pins present information power functions send mail thank
2229,7931,15,don just like know think good,0.320,0.582,11,image software available ftp files graphics,comp.os.ms-windows.misc,rec.motorcycles,comp.graphics,heard rumors seen places like info possible fonts document like write word ami pro file printed machine doesn font possible sorry faq couldn faq list knowing windows faq thanks advance
2230,1338,7,time use used number point different,0.320,0.607,15,don just like know think good,talk.politics.guns,rec.autos,rec.motorcycles,add voice hopefully growing purchase cnn conditions described post idea nets access organize looking help
2231,8621,15,don just like know think good,0.320,0.559,16,people god does believe evidence say,talk.religion.misc,rec.motorcycles,alt.atheism,does follow teachings christ christian easy say muslims like saddam hussein wouldn make blanket judgement
2232,8687,17,power use water ground wire used,0.319,0.579,1,space nasa launch earth satellite shuttle,sci.space,sci.electronics,sci.space,background orion theoretical concept drive using drive spacecraft idea devices yield plate attached main spacecraft shock wave transfer momentum ship atmosphere energy explosion atmosphere shock wave plate vacuum things going hit plate fusion products bomb radiation light heat products work radiatio
2233,9738,9,edu com mail information send list,0.319,0.602,15,don just like know think good,rec.autos,comp.sys.mac.hardware,rec.motorcycles,little bit subject goes yes motor div brother winner seen arthur early teens assume related keith pts mot com motorola wireless data group beach
2234,4185,11,image software available ftp files graphics,0.319,0.530,5,drive card scsi disk dos windows,comp.graphics,comp.graphics,comp.sys.ibm.pc.hardware,fact current version came december test movie created resolution wasn scaled cpu intensive operation original quicktime current version like prepared believe performance isn good playing actual movie haven numerical measurements scaled playback
2235,9984,15,don just like know think good,0.319,0.585,2,car new bike price sale cars,sci.electronics,rec.motorcycles,misc.forsale,panel car lincoln digital dash replaced thing dash thank god odometer reading exact old panel sort dated removing battery erase doesn guess chip non memory installed new dash wouldn let old dash
2236,10001,7,time use used number point different,0.318,0.563,18,god jesus church bible christ christian,talk.religion.misc,rec.autos,soc.religion.christian,text material attached things mind fixed determination service lord controlled mind does place translation minds attached sense material things determination service supreme lord does place means fixed mind dictionary says mind fixed understanding self said possible persons interested material sense
2237,9243,15,don just like know think good,0.318,0.702,1,space nasa launch earth satellite shuttle,sci.space,rec.motorcycles,sci.space,earth core gravity paper describes structures observe orbital motion theoretical media magnetic waves concluded exist based results experiment conducted century ago propose conclusions flawed based fact experiment designed look flow parallel earth surface assumption earth ball wind conclusion develo
2238,642,16,people god does believe evidence say,0.318,0.484,4,health medical disease use patients food,sci.med,alt.atheism,sci.med,dyer rude medicine scientific practiced manner early treatment non life threatening illness guess anecdotal evidence given patient educated guess trained person guess cheaper simpler deal people don respond diseases haven described root cause diseases described aren known read book want lot scientif
2239,4850,15,don just like know think good,0.318,0.515,14,gun law guns government people state,talk.politics.misc,rec.motorcycles,talk.politics.guns,replying teel nifty letters giving concrete proof income tax voluntary giving specific procedures stopping letters don provide concrete proof absence case law demonstrates method work ordinary people everyday situations specifically case law courts ruled income tax illegal ordinary working types pay
2240,3544,15,don just like know think good,0.318,0.569,1,space nasa launch earth satellite shuttle,sci.space,rec.motorcycles,sci.space,anybody willing discuss careers army deal space graduate commitment serve army like spend space related field saw post long time ago air force space command reference army counter info appreciated looking things like branch intelligence signal voice space qualifications necessary btw major computer 
2241,5266,11,image software available ftp files graphics,0.318,0.519,5,drive card scsi disk dos windows,comp.graphics,comp.graphics,comp.sys.ibm.pc.hardware,pov got card try pov displaying true colors rendering tried options driver happens isn correct anybody help
2242,812,7,time use used number point different,0.318,0.531,14,gun law guns government people state,talk.politics.guns,rec.autos,talk.politics.guns,dropped library yesterday picked copies national crime survey effort examine said self defense firearm haven ground way numbers couple things jumped specify type weapon used self defense refer weapon second assaults rose gun defenses reported fell unless explanation tempted mark reporting problem go
2243,8011,19,file entry output program section char,0.318,0.644,15,don just like know think good,comp.graphics,rec.sport.baseball,rec.motorcycles,sure newspaper copyrighted gotten permission use image copyright
2244,2856,15,don just like know think good,0.318,0.565,16,people god does believe evidence say,sci.med,rec.motorcycles,alt.atheism,ridiculous aren designed evolved humans trouble free birth process sacrificed increased brain size wild animals easier time birth humans domestic horses cows typically worse time idea family tree complicated pioneer great great wives figure wife child ask happened great great time reached quite none
2245,6321,7,time use used number point different,0.318,0.584,15,don just like know think good,sci.space,rec.autos,rec.motorcycles,actually legal familiar speaking knowing popular science probably fringe speaking public legitimate company advances composite engines available model rockets using similar fuel roughly times powerful black motors available form aluminum end rings engines range way common manufacture heard used spec
2246,8608,15,don just like know think good,0.318,0.572,9,edu com mail information send list,sci.space,rec.motorcycles,comp.sys.mac.hardware,trying mailing addresses following companies specifically need addresses personnel offices like bureau companies orbital sciences corp know seattle space industries houston space anybody point right direction prefer email response post summary sufficient exists thanks
2247,5973,6,window server motif widget use application,0.317,0.606,5,drive card scsi disk dos windows,comp.sys.mac.hardware,comp.windows.x,comp.sys.ibm.pc.hardware,problem starting machine gives high pitched sound desktop does mouse menu showing click mouse noise goes away time mouse problem happens minutes
2248,9949,0,israel turkish armenian jews war israeli,0.317,0.700,15,don just like know think good,talk.politics.misc,talk.politics.mideast,rec.motorcycles,boys girls war money raised band aid covered cost soviet client state replace weapon lost war joke arm world really funny station area primary threat targets area
2249,1492,18,god jesus church bible christ christian,0.317,0.494,0,israel turkish armenian jews war israeli,soc.religion.christian,soc.religion.christian,talk.politics.mideast,sunday sermon joshua israelites proceed massacre everybody reports bosnia mind felt uncomfortable minister saying massacre joshua right really bothered going try taking christianity seriously shouldn reports ethnic cleansing bosnia certainly shouldn considering bosnian muslims christians turkish rul
2250,6731,7,time use used number point different,0.317,0.580,17,power use water ground wire used,sci.electronics,rec.autos,sci.electronics,specify series use satellite receivers video think related data clock recovery circuit intended use isn used common implementation volume production easily available components probably vary local satellite standards think european systems vary widely worth investigating locally available receiver d
2251,9893,12,key encryption chip clipper keys privacy,0.317,0.555,15,don just like know think good,sci.crypt,sci.crypt,rec.motorcycles,think experiences regime highly relevant people heads sand saying happen constitutional rights trashed day government doing end run protections crisis requiring action likely future possession secure encryption tools regarded possession terrorist drug dealers tools felony just like common tools tool
2252,4784,6,window server motif widget use application,0.317,0.579,5,drive card scsi disk dos windows,comp.sys.mac.hardware,comp.windows.x,comp.sys.ibm.pc.hardware,write hardware set programs programs forget having comparing strings commands reference guide came entered box modem preferences quick summary reset modem user profile speaker volume fairly quiet ring volume fairly quiet display connect info according setting manual assume computer dial speed fast h
2253,3293,15,don just like know think good,0.317,0.574,5,drive card scsi disk dos windows,comp.graphics,rec.motorcycles,comp.sys.ibm.pc.hardware,don think speed determined run intel chips amiga motorola chips fastest true ray don think impulse port speed consideration terms features learning curve stated true imagine lots admit years use amiga learning curve steep manual bad lot market support product including regular tips articles magazine
2254,929,8,president government people said program money,0.317,0.546,2,car new bike price sale cars,rec.autos,talk.politics.misc,misc.forsale,australia car australia particularly interested american muscle cars makes ford chrysler usa weeks june chicago sun thursday denver friday sunday austin texas monday friday oklahoma city friday monday california tuesday thursday las vegas friday sunday grand monday tuesday june las angeles san diego
2255,7857,13,team game year games play season,0.317,0.640,15,don just like know think good,talk.politics.mideast,rec.sport.hockey,rec.motorcycles,thought implication prince destroyed fourth remaining troops second round remaining round mean
2256,7728,9,edu com mail information send list,0.317,0.574,17,power use water ground wire used,sci.electronics,comp.sys.mac.hardware,sci.electronics,cool good uxa cso uiuc edu tall cool organization university illinois urbana looking convert voltage levels ttl levels relatively inexpensive nice suggestion thanks try pin converts clever little
2257,1387,9,edu com mail information send list,0.317,0.649,15,don just like know think good,talk.politics.guns,comp.sys.mac.hardware,rec.motorcycles,edu party line thank jim welcome actually probably committed ultimate college student heresy liberal liberal mike
2258,209,7,time use used number point different,0.316,0.515,13,team game year games play season,rec.sport.hockey,rec.autos,rec.sport.hockey,traditional experience tickets playoffs civic arena illegal nonetheless present outside arena best strategy given don mind missing taylor decides come wait game rolling point desperate sell reduce near face value rid tickets playoffs little different good seats early left material sections add opini
2259,538,18,god jesus church bible christ christian,0.316,0.544,9,edu com mail information send list,soc.religion.christian,soc.religion.christian,comp.sys.mac.hardware,subject pretty says looking johnny hart creator comic mailing address haven seen look strips good friday easter sunday remarkable witness help touch really appreciate contacted paper carries strip thanks help dave peter evangelical lutheran church peter
2260,288,15,don just like know think good,0.316,0.596,12,key encryption chip clipper keys privacy,sci.crypt,rec.motorcycles,sci.crypt,berkeley edu ken message berkeley edu likely large subset encrypted communications archived tape read future probable cause arises warrant obtained think unlikely data like used court currently install wiretaps large numbers phones record calls listening post facto obtain warrants listen calls proba
2261,2406,15,don just like know think good,0.316,0.493,18,god jesus church bible christ christian,alt.atheism,rec.motorcycles,soc.religion.christian,assuming presenting accurately don argument really leads firm conclusion material john sure exactly referred granted similarity matt luke material different relationship right john getting straight jesus mouth version usual theory heard matthew luke independently relying mark think luke matthew woul
2262,3642,7,time use used number point different,0.316,0.635,15,don just like know think good,sci.crypt,rec.autos,rec.motorcycles,don know true time took elaborate measures formula secret instance plants different cities partial shipped forth complicated scheme single plant formula guess reverse engineered exotic actually prefer minutes gonna money machine matt pretend network administrator lab net work
2263,1994,5,drive card scsi disk dos windows,0.316,0.538,6,window server motif widget use application,comp.os.ms-windows.misc,comp.sys.ibm.pc.hardware,comp.windows.x,starting work project using transfer data application came excel macro transfer data need port uses different setup does suggestions good references downloaded windows dynamic exchange application note books worth getting specifics server application data client application windows macro did provide
2264,2848,7,time use used number point different,0.316,0.534,16,people god does believe evidence say,talk.politics.misc,rec.autos,alt.atheism,think cares pattern using examples course discussed years ago note use insight reason backwards conservatives media liberal liberals media conservative media fair seen reasoning implied ken
2265,2499,15,don just like know think good,0.315,0.518,11,image software available ftp files graphics,comp.graphics,rec.motorcycles,comp.graphics,sure time read tiff spec happy complexity spec think arbitrary carefully chosen number additionally choice bytes begin file meaningless just use letters tiff don think bothered support word orders tiff readers actually don
2266,9164,6,window server motif widget use application,0.315,0.595,11,image software available ftp files graphics,comp.os.ms-windows.misc,comp.windows.x,comp.graphics,attempting transfer files home computer running windows terminal workstation school file transfer protocol home kermit binary files running kermit workstation school setting file transfer protocol binary unable upload files school download files school home download terminal displays ther message ti
2267,6922,0,israel turkish armenian jews war israeli,0.315,0.621,9,edu com mail information send list,misc.forsale,talk.politics.mideast,comp.sys.mac.hardware,books really wish sell geometry howard edition chemistry second edition acts war behavior men battle richard holmes observing nixon years jonathan things carried tim heart letters memorial palmer good war oral history world war make offer contact edu
2268,1551,8,president government people said program money,0.315,0.528,15,don just like know think good,sci.space,talk.politics.misc,rec.motorcycles,rolled weeks ago speak white getting ready called sources latest town future years budget work sdio looking funds sdio repeat going fund orbital prototype best hope alive year fund vehicle major modifications just make orbit money set prototype tanks projects answer open questions better news comes 
2269,533,2,car new bike price sale cars,0.315,0.566,15,don just like know think good,sci.electronics,misc.forsale,rec.motorcycles,yes route exit south miles right springs road arena mile west north road parking arena limited probably entirely mile radius good luck mall springs possible park mall west shuttle busses running arena mall possible county map local aaa office free aaa member don definite plans particularly good time
2270,6889,8,president government people said program money,0.315,0.584,14,gun law guns government people state,talk.politics.guns,talk.politics.misc,talk.politics.guns,haven heard senator mom tennis shoes planning introduce legislation tax handgun transactions increase dealer costs order raise money cover costs insured shooting plans start year dealer fees depending type firearm gun transaction plans make federal elected washington state trade mark just mom tennis
2271,788,7,time use used number point different,0.315,0.585,15,don just like know think good,talk.politics.misc,rec.autos,rec.motorcycles,midway uchicago edu midway uchicago edu sez brett return figures correct clearly weren wrong cause fails consider basic factors ted notes long term investor oneself did late expenses near term require selling given choice waiting weeks taking extra tax hit selling december tax treatment fool choose 
2272,1819,7,time use used number point different,0.315,0.647,15,don just like know think good,sci.space,rec.autos,rec.motorcycles,process process cleaner reason dominance marketplace used btw replaced white lead decades ago little reduced metal merely issue children want stay
2273,1351,7,time use used number point different,0.315,0.619,12,key encryption chip clipper keys privacy,sci.crypt,rec.autos,sci.crypt,testing idea block cipher implementations correctness needs golden test looked postscript idea chapter single example gives zero degrees freedom contact necessary paying money use like anybody got disease
2274,3652,7,time use used number point different,0.315,0.605,1,space nasa launch earth satellite shuttle,sci.space,rec.autos,sci.space,advertising space episode big ball wax watching rising horizon noting stars slipped cause strike inspiration article orbiting formation space mirrors published spaceflight reviews desirable days count ones count
2275,6207,15,don just like know think good,0.315,0.609,11,image software available ftp files graphics,comp.sys.mac.hardware,rec.motorcycles,comp.graphics,friend mac think family extra laserjet sitting way connect make work postscript cartridge told random friend mentioned software package translation rick
2276,278,15,don just like know think good,0.314,0.535,2,car new bike price sale cars,comp.sys.ibm.pc.hardware,rec.motorcycles,misc.forsale,used working parts available original ibm laptop convertible things using ibm wants outrageous prices parts built supply parts going years willing rest basically standard parts motherboard battery power supply got accessories just ask limited supply basically just couple old machines interested mail
2277,612,7,time use used number point different,0.314,0.667,17,power use water ground wire used,sci.electronics,rec.autos,sci.electronics,refer patents james harris rogers details methods underground wireless communications review refer march june rogers methods used extensively world war war supposedly government soon rogers forgotten line antennas grounded send half signal ground half space quickly square distance ground does furthe
2278,4745,2,car new bike price sale cars,0.314,0.675,15,don just like know think good,rec.motorcycles,misc.forsale,rec.motorcycles,maintain senses eat meal hrs ride tried fast lite ride times parliament buildings suffered pound weight loss summer just bike handling look forward winter loading
2279,2138,14,gun law guns government people state,0.314,0.552,15,don just like know think good,sci.crypt,talk.politics.guns,rec.motorcycles,crime united states lawyers use make bread years ago small company wanted run game similar aspects lawyers citizens ancient law books clearly context designed prohibit travelling features felt time prohibition obvious things shooting lawyers opposition wanted judge took words law completely context 
2280,4591,11,image software available ftp files graphics,0.314,0.578,15,don just like know think good,comp.os.ms-windows.misc,comp.graphics,rec.motorcycles,experiencing end user problems various commercial software packages wordperfect win publish win printing mode citizen little guy citizen nutshell problem lose inches information left margin white space truetype font output preserved subsequent pages past wordperfect workaround consisting using defau
2281,3519,15,don just like know think good,0.314,0.512,11,image software available ftp files graphics,comp.graphics,rec.motorcycles,comp.graphics,mac user wants use models built using import different model files thought haven able simple translator work mac ideas able import super professional box knows translator available esp mail btw going send mail mailing list tomorrow address users operate macs getting hopes thanks advance
2282,7724,8,president government people said program money,0.314,0.637,9,edu com mail information send list,sci.crypt,talk.politics.misc,comp.sys.mac.hardware,agree elected officials feelings matter issue way way phone list posted day washington elected officials maintain local office area code manage elected officials use local office exclusively fax modem windows print capture software tool choice words stated summary called voice left comment office st
2283,1863,16,people god does believe evidence say,0.314,0.586,8,president government people said program money,soc.religion.christian,alt.atheism,talk.politics.misc,recall watt making comment effect quite years cite specifics recall secretary interior carter administration responded watt comments pointing role god gave man recorded genesis makes wonder true conservatives conservative want things value long term benefit form logically extend physical environment
2284,5664,15,don just like know think good,0.313,0.668,17,power use water ground wire used,misc.forsale,rec.motorcycles,sci.electronics,hello observatory came mentioned camera manufactured instrument corporation florida questions does knowledge does know company phone numbers need parts greatly appreciated care jamie
2285,5181,11,image software available ftp files graphics,0.313,0.658,15,don just like know think good,comp.sys.mac.hardware,comp.graphics,rec.motorcycles,program produces effect transform big array thanks information problem
2286,530,15,don just like know think good,0.313,0.632,5,drive card scsi disk dos windows,comp.sys.ibm.pc.hardware,rec.motorcycles,comp.sys.ibm.pc.hardware,day looking build parallel port digital converter day came promptly threw piece excuse obvious limits lower ascii char set constructed sitting inside nice little grey abs box unfortunately work little demo came pump box data type hash static small music signal worse speaker inside machine does anybo
2287,1997,15,don just like know think good,0.313,0.683,5,drive card scsi disk dos windows,sci.electronics,rec.motorcycles,comp.sys.ibm.pc.hardware,radio shack battery month club does know say honor existing cards customer hands new cards issued
2288,401,2,car new bike price sale cars,0.312,0.617,15,don just like know think good,rec.motorcycles,misc.forsale,rec.motorcycles,beleive called frame paint won fix new eng services lost think man anonymous
2289,2935,10,said people went didn came told,0.312,0.668,2,car new bike price sale cars,misc.forsale,talk.religion.misc,misc.forsale,investment property sale spain large lot hills noise living room sun kitchen bathroom large lot surrounded traditional white wall iron gates room ground pool minutes sea minutes town area specially mentioned report seat car years old included deal ideal family resort sell family reasons asking reply
2290,5667,7,time use used number point different,0.312,0.601,17,power use water ground wire used,comp.sys.ibm.pc.hardware,rec.autos,sci.electronics,interested getting pulse group regarding extended operation cover removed reasons considering including quick access jumpers complex card concern complete direct cooling flow air fan hot spots develop motherboard adequate supply air moving offices homes positive generally run cover extended periods 
2291,3194,17,power use water ground wire used,0.312,0.715,7,time use used number point different,talk.politics.mideast,sci.electronics,rec.autos,river flows west direction does run buffer zone does flow jordan contrary poster write increase river proportional changes
2292,4890,1,space nasa launch earth satellite shuttle,0.312,0.642,15,don just like know think good,sci.electronics,sci.space,rec.motorcycles,like remote control project high low thanks
2293,5987,17,power use water ground wire used,0.312,0.603,15,don just like know think good,talk.politics.guns,sci.electronics,rec.motorcycles,day brent shows ignorance power cut weeks lived area thinks electric favor stop working power fails power come slower country city gas prefered jim jmd handheld com
2294,8969,4,health medical disease use patients food,0.311,0.677,15,don just like know think good,sci.med,sci.med,rec.motorcycles,oops original message died try understood bacteria help break components milk normal changes passes childhood house
2295,5374,9,edu com mail information send list,0.311,0.584,15,don just like know think good,rec.motorcycles,comp.sys.mac.hardware,rec.motorcycles,paraphrase initial post fight speeding ticket court reply fight ticket california edition david brown berkeley press second edition library good luck let know goes
2296,6311,15,don just like know think good,0.311,0.516,11,image software available ftp files graphics,comp.windows.x,rec.motorcycles,comp.graphics,glad hear working couldn export simon simon added athena version available ftp file pub contrib tar note need gnu pub gnu doesn work send note happy mail copy probably won start tomorrow martin nelson way canada
2297,9998,15,don just like know think good,0.311,0.505,2,car new bike price sale cars,rec.autos,rec.motorcycles,misc.forsale,case reputable fuel cleaning properly cleaner hooked fuel high pressure car actually run cleaning process equipment properly generally average home mechanic expensive probably make fit didn tell tank worth wasting money discussion products time time pro generally regarded best bit bottle imho substi
2298,1982,11,image software available ftp files graphics,0.311,0.677,15,don just like know think good,comp.sys.mac.hardware,comp.graphics,rec.motorcycles,professor said difference computer engineer computer scientist meaning engineer makes seriously main difference people write programs people use database graphics word processors engineer writes machines control systems computer car flight control computer devices words writes software writes differ
2299,5445,15,don just like know think good,0.311,0.493,1,space nasa launch earth satellite shuttle,sci.space,rec.motorcycles,sci.space,net land think big martin boeing douglas general dynamics lockheed rockwell getting forming consortium study exactly market price building reusable launch vehicles spending say recognizing military requirements launch vehicles pulled hat say shuttle really used capability idea figure taking data for
2300,4880,12,key encryption chip clipper keys privacy,0.311,0.550,8,president government people said program money,sci.crypt,sci.crypt,talk.politics.misc,ideas want oppose white house clipper chip crypto initiative think going tough measure fight government lot resources developing high profile initiative won easy senate possible actions response friends things list work press talk local newspaper science technology reporter write favorite trade bett
2301,34,14,gun law guns government people state,0.311,0.512,12,key encryption chip clipper keys privacy,sci.crypt,talk.politics.guns,sci.crypt,agree assessment furthermore promotion providing greater protection bare voice quite true far goes way fulfill stated goal letting wiretap terrorists drug dealers restrict stronger techniques wiretap targets presently use strong encryption weak encryption vast majority encryption classes weak encryp
2302,2814,16,people god does believe evidence say,0.311,0.653,15,don just like know think good,rec.sport.hockey,alt.atheism,rec.motorcycles,thought red light went review conclusive evidence puck did net say rear evidence wasn conclusive puck opinion
2303,6523,14,gun law guns government people state,0.311,0.611,18,god jesus church bible christ christian,talk.religion.misc,talk.politics.guns,soc.religion.christian,article bitnet day saint john statement ludicrous allow explain governor governor boggs issued called mormon extermination order crime illegal activity day saints committed religious affiliation anti slave stance allowed slave practices growing numbers influence guess mormons got deserved refused bo
2304,7207,7,time use used number point different,0.311,0.643,16,people god does believe evidence say,soc.religion.christian,rec.autos,alt.atheism,book called basic fundamental beliefs close number copy home away school
2305,909,14,gun law guns government people state,0.310,0.575,15,don just like know think good,rec.autos,talk.politics.guns,rec.motorcycles,sorry auto content low abiding citizens power protect property using deadly force necessary threat imminent steve power steve don don shoot kids rocks cars make sure good job don miss cause like big rocks kids mean comment obviously bit cynical true statement attitude drivers autos content say law a
2306,5360,10,said people went didn came told,0.310,0.580,15,don just like know think good,talk.religion.misc,talk.religion.misc,rec.motorcycles,noticed dead horse keywords line famous horse babylon beast rides wonderful fear announcement old girl dead bet place race sunday bad fifth dead just like god way suppose ninja fight food
2307,1972,9,edu com mail information send list,0.310,0.547,16,people god does believe evidence say,alt.atheism,comp.sys.mac.hardware,alt.atheism,pitt state controversy deleted wouldn sufficient cause bitch operator just guy saying atheists going hell point recently messages posted address messages posted different newsgroup apparent intent readers particular group fact posts written caps makes posts suspect using account using intended user 
2308,368,16,people god does believe evidence say,0.310,0.637,15,don just like know think good,soc.religion.christian,alt.atheism,rec.motorcycles,sent article terms group discussion wanted point non liberal education head sand education non liberal education regarding drugs kid didn lot good education regarding drugs proven effective think
2309,9689,9,edu com mail information send list,0.310,0.709,14,gun law guns government people state,rec.motorcycles,comp.sys.mac.hardware,talk.politics.guns,panel judges question answer send copy gang faq
2310,2365,9,edu com mail information send list,0.310,0.611,15,don just like know think good,talk.politics.guns,comp.sys.mac.hardware,rec.motorcycles,principles admit acts differently expect dave netcom com
2311,3443,7,time use used number point different,0.310,0.681,15,don just like know think good,sci.med,rec.autos,rec.motorcycles,particularly citizens like difficult situation citizens vote non citizens little non citizen middle processing resident alien status sense boat program delay status
2312,1544,15,don just like know think good,0.310,0.609,9,edu com mail information send list,talk.religion.misc,rec.motorcycles,comp.sys.mac.hardware,addressed key issues long lines post dean posts yesterday title post new thread dean irony impaired second appeared thread post challenge revised
2313,1618,17,power use water ground wire used,0.310,0.605,15,don just like know think good,sci.electronics,sci.electronics,rec.motorcycles,notice lot electronics questions people obviously tuned electronics simple answers require circuit diagram network don write send self addressed stamped answer questions
2314,6161,11,image software available ftp files graphics,0.309,0.589,6,window server motif widget use application,comp.graphics,comp.graphics,comp.windows.x,hoping able help computer science project group doing computer science project graphical finite state basically program draw diagram grammar showing circles states labeled arc problem working best way layout states draw arc arc possible cross suggestions algorithms bug free ready compile code help a
2315,9495,2,car new bike price sale cars,0.309,0.569,15,don just like know think good,rec.motorcycles,misc.forsale,rec.motorcycles,great day got home night fantastic colorado battery cleaned plugs opened waited minute hit starter bingo started like charm spent night ride went morning state inspection bike stock far slash cut pipes went new hampshire state inspection meaning lights worked dude produces meter tells new law noise 
2316,2369,12,key encryption chip clipper keys privacy,0.309,0.604,15,don just like know think good,sci.crypt,sci.crypt,rec.motorcycles,company worked previously received file des person sent went wait weeks set straight attack key time took days crack file don faith des fun questions hardware did use key special meant lucky early like bits did mean dictionary attack binary key attack
2317,3649,15,don just like know think good,0.309,0.613,7,time use used number point different,misc.forsale,rec.motorcycles,rec.autos,need used scanners limiting selection models document think means plus want sell tell
2318,818,11,image software available ftp files graphics,0.309,0.563,5,drive card scsi disk dos windows,misc.forsale,comp.graphics,comp.sys.ibm.pc.hardware,storage space sale sale cartridges total storage space comes cartridges original unused note compatible cartridges scsi interface required plugs right don controller ibm utilities mac mac ton software disks don use anymore sold mac stuff included stuff info mac site lots gif lots sound effects entir
2319,9175,17,power use water ground wire used,0.309,0.644,5,drive card scsi disk dos windows,sci.electronics,sci.electronics,comp.sys.ibm.pc.hardware,want able bunch home songs dat suitable master output short run standard music cds designed roms work purpose alternatively service does sort thing fee information possible alternatives cost lead time equipment required procedure follow email replies appreciated
2320,4915,7,time use used number point different,0.308,0.594,18,god jesus church bible christ christian,soc.religion.christian,rec.autos,soc.religion.christian,section richard book christ end law romans perspective section setting meaning romans addition file long reasons requests article personally course believe true quite damaging traditional view
2321,7133,8,president government people said program money,0.308,0.620,14,gun law guns government people state,talk.politics.guns,talk.politics.misc,talk.politics.guns,called texas tracking people today regarding concealed carry supposed come vote past wednesday got sent public safety committee gave favorable rating scheduled debate committee tamu edu
2322,548,15,don just like know think good,0.308,0.620,10,said people went didn came told,talk.politics.guns,rec.motorcycles,talk.religion.misc,actually liberals seen burning children far preferred davidians set burned children death don believe responsibility complete attempts escape placed door federal authorities wife got convenient plastic pan christmas yeah nazis know liberals just love nazis yeah information funny works
2323,6306,15,don just like know think good,0.308,0.631,5,drive card scsi disk dos windows,comp.sys.mac.hardware,rec.motorcycles,comp.sys.ibm.pc.hardware,getting sad mac icon black screen error code tell wrong memory thanks lot appreciate infinitely
2324,2152,10,said people went didn came told,0.308,0.517,15,don just like know think good,talk.religion.misc,talk.religion.misc,rec.motorcycles,second look non toxic non sold public supposedly tell directly lungs direct face certain quantities similarly gas know father grandfather exposed poison gas wwi wwii dad went effects weapon including non toxic label actually means usually wont kill permanent better blowing hole head oxygen hit right
2325,1354,2,car new bike price sale cars,0.307,0.595,15,don just like know think good,misc.forsale,misc.forsale,rec.motorcycles,reading recent interview trip waiting day month ago waiting storm new york price phoenix fate phoenix memory prime package trade good used gld
2326,3632,15,don just like know think good,0.307,0.629,14,gun law guns government people state,sci.crypt,rec.motorcycles,talk.politics.guns,john usa far harm largest single threat civil liberties lifetime pretty things past haven recovered certainly historical trend liberty occasional time break quotes american political grant street gulf tower pittsburgh
2327,8130,2,car new bike price sale cars,0.307,0.647,15,don just like know think good,rec.autos,misc.forsale,rec.motorcycles,lincoln continental sad ford designed look abortion named ain justice
2328,7573,11,image software available ftp files graphics,0.307,0.613,6,window server motif widget use application,comp.os.ms-windows.misc,comp.graphics,comp.windows.x,sure right area does anybody know windows does include windows server run window applications remotely considering university use word processing program development bigger jobs run sun workstations fujitsu super computers thank advance
2329,5210,0,israel turkish armenian jews war israeli,0.307,0.538,18,god jesus church bible christ christian,soc.religion.christian,talk.politics.mideast,soc.religion.christian,local religion christian bbs group posting just easter went church sermon based story book joshua joshua sending land planning particularly remember having heard cbc radio documentary bosnia woman said people fear having heard cbc radio documentary knowing muslims bosnia losing war felt uncomfortabl
2330,482,8,president government people said program money,0.307,0.639,15,don just like know think good,comp.graphics,talk.politics.misc,rec.motorcycles,toronto siggraph chance art graphics animation indigo ken evans tuesday april centre culture technology university toronto queen park toronto members non members alike non members encouraged members abstract entering early beta site testing silicon graphics workstations new abstract artwork animatio
2331,6202,7,time use used number point different,0.307,0.594,16,people god does believe evidence say,talk.politics.misc,rec.autos,alt.atheism,slavery makes economic sense makes moral sense human muscle power economically valuable slavery lasted right mechanical cheaper slaves don fed winter argument makes fundamental errors slavery limited production american south slave labor used extensively grow tobacco sugar rice remained labor intens
2332,7744,15,don just like know think good,0.307,0.532,16,people god does believe evidence say,talk.politics.misc,rec.motorcycles,alt.atheism,misunderstand trying prove cause merely pointing ted assertion revenues caused selling avoid tax proven disputed works situation believe market going don sell believe sell selling anyways wouldn evidence large number people suddenly decided higher taxes meant sell year isn ted saying increase previo
2333,10077,0,israel turkish armenian jews war israeli,0.306,0.597,15,don just like know think good,talk.politics.mideast,talk.politics.mideast,rec.motorcycles,deputy minister health stated infant year old iran went thousand revolution thousand end month stated revolution children received protect various figure reached end funny happens percent sign paragraph rate went percent percent
2334,5047,2,car new bike price sale cars,0.306,0.698,15,don just like know think good,misc.forsale,misc.forsale,rec.motorcycles,round trip ticket good travel usa canada europe hawaii latin america fully used intended use visit grandfather sick died got use looking best offer act fast gone april matter
2335,2850,9,edu com mail information send list,0.306,0.566,16,people god does believe evidence say,talk.politics.misc,comp.sys.mac.hardware,alt.atheism,rutgers edu writes actually gender issues limited international boundaries exchange information americans issues concern countries mentioned journal gave information yes thank really curious came saw canada cnn sent thomas hearings surely think claim having sexually great deal credibility shown guil
2336,5444,15,don just like know think good,0.306,0.561,0,israel turkish armenian jews war israeli,talk.politics.misc,rec.motorcycles,talk.politics.mideast,com btw white aryan catholic com like record calling aryan word aryan origin occurs scripture term good character quite explicit called religion aryan path word borrowed german scholar max used european nazis proceeded steal started aryan highly unlikely people originally called indians possibly kur
2337,3611,12,key encryption chip clipper keys privacy,0.306,0.630,14,gun law guns government people state,sci.crypt,sci.crypt,talk.politics.guns,deletions reconcile self proclaimed purpose providing law enforcement access encrypted data making clipper crypto available second fourth amendments come mind think heard someplace misc legal comp org eff talk courts pretty eliminated fourth amendment
2338,450,11,image software available ftp files graphics,0.305,0.590,15,don just like know think good,comp.graphics,comp.graphics,rec.motorcycles,new product ibm ers called imagine just started shipping yesterday personally blow doors studio impulse version ibm standard key animation apply special objects like explode bounce things nature texture maps standard animated live video mapped animated live video backgrounds maps idea run retail thi
2339,4415,5,drive card scsi disk dos windows,0.305,0.669,9,edu com mail information send list,misc.forsale,comp.sys.ibm.pc.hardware,comp.sys.mac.hardware,subject line says trying locate copy board game war ring copy willing thanks million
2340,4570,14,gun law guns government people state,0.305,0.638,15,don just like know think good,talk.politics.misc,talk.politics.guns,rec.motorcycles,hand kind scary final verdict party saying oops forgot bring evidence demand new trial bite apple general motors witnesses arms general motors pulled issue lost general motors couldn file discovery delay trial witnesses wanted define obvious bias did new trial grounds reason
2341,3098,16,people god does believe evidence say,0.305,0.555,15,don just like know think good,sci.crypt,alt.atheism,rec.motorcycles,speculation does include depend believe rsa consent limitation concept nsa limited number implementations targets fixed key maximum size legitimate literally right pursue interests probably right pursue interests means right rest motives intentions institutions self aware know intentions meaningful 
2342,1711,9,edu com mail information send list,0.305,0.699,0,israel turkish armenian jews war israeli,soc.religion.christian,comp.sys.mac.hardware,talk.politics.mideast,apr genocide work god bingo oil apr genocide work god work god glad don worship david hunt graduate slave mind mechanical engineering ideas opinions palestinian carnegie mellon university use golden rule jewish homeland email cmu edu working higher deeper
2343,4651,7,time use used number point different,0.305,0.644,5,drive card scsi disk dos windows,sci.electronics,rec.autos,comp.sys.ibm.pc.hardware,understand new gps boxes option known differential ready apparently land based gps correction information gps receiver differential option installed does work frequency used land based thanks advance
2344,407,15,don just like know think good,0.305,0.560,2,car new bike price sale cars,rec.motorcycles,rec.motorcycles,misc.forsale,think loose sure hand throttle thumb near horn button pushing horn button simple throttle requires engaging clutch complex simple horn button push second ain bright potential hazard ahead unique sound horn effective attention sound engine expect hear road usually case single hardly constitutes sound
2345,4201,7,time use used number point different,0.305,0.655,15,don just like know think good,rec.autos,rec.autos,rec.motorcycles,brothers respected test drivers directors kicked took mentioned founded successful company little known fact actually took got charge legally new company did buying division era things board superior degree autonomy given chevy division presumably initial structure look organization chart book chevy
2346,108,9,edu com mail information send list,0.305,0.558,12,key encryption chip clipper keys privacy,sci.crypt,comp.sys.mac.hardware,sci.crypt,honestly didn disagree reason standards place restrict encryption cares internet commercial university research read proposals data cray users having internet
2347,6366,14,gun law guns government people state,0.304,0.543,15,don just like know think good,talk.politics.guns,talk.politics.guns,rec.motorcycles,hope realize trivial manufacture compounds given lab equipment chemicals commercially available given knowledge compounds make dent population major cities noted knowledge production nuclear weapons restricted thing expense going making things cause law simply don marginal benefit killing law enact 
2348,8276,10,said people went didn came told,0.304,0.582,15,don just like know think good,talk.politics.guns,talk.religion.misc,rec.motorcycles,record wasn came college excluding times went council removed keys ignition car come think moved ames pop took locking doors night discovered year isn worth living fear day just farm weekend know students riot apparent reason year farm aid add anybody bet riot remember iowa law guys talking loud def
2349,8215,15,don just like know think good,0.304,0.613,2,car new bike price sale cars,rec.motorcycles,rec.motorcycles,misc.forsale,used canada cars bloody rear indicators single red light come think stopping brake lamp working does dumb bloody rear indicators survival assume braking appropriate actions time light goes reasonably certain bloody rear indicator
2350,7521,9,edu com mail information send list,0.304,0.559,15,don just like know think good,rec.sport.baseball,comp.sys.mac.hardware,rec.motorcycles,did day pulled muscle left near cage news twins bring kevin twin family study university minnesota staff umn edu contact university minnesota women basketball
2351,381,8,president government people said program money,0.304,0.564,4,health medical disease use patients food,sci.med,talk.politics.misc,sci.med,hello planning attending school year choices pennsylvania college medicine philadelphia california college medicine san francisco information schools tell having hard time deciding attend make decision soon thank larry live new york saturday night
2352,1131,9,edu com mail information send list,0.304,0.531,15,don just like know think good,comp.windows.x,comp.sys.mac.hardware,rec.motorcycles,hello motif world days ago posted announcement update motif got requests send mail know people using motif probably number people aware using motif question people interested join mailing list people ask questions motif swap stories new ideas new directions improvements benefit user community insigh
2353,5867,2,car new bike price sale cars,0.304,0.564,15,don just like know think good,rec.autos,misc.forsale,rec.motorcycles,use change items converted cigarette lighter volume control trunk larry keys ncsl nist gov forever fact need explain indicates probably wouldn understand
2354,1546,15,don just like know think good,0.304,0.663,5,drive card scsi disk dos windows,comp.os.ms-windows.misc,rec.motorcycles,comp.sys.ibm.pc.hardware,drivers updated available directly diamond ship charge did
2355,8965,15,don just like know think good,0.304,0.693,2,car new bike price sale cars,misc.forsale,rec.motorcycles,misc.forsale,cheap ticket april tuesday chicago return days wanted
2356,7783,16,people god does believe evidence say,0.303,0.544,15,don just like know think good,alt.atheism,alt.atheism,rec.motorcycles,yes thinks thinks going cause involved fatal accident likelihood surprisingly high just man firing squad gun shooting does mean guilty mean killing wrong note situation occur options thank killing don just say killing wrong basically saying attempting people risk acceptable probably likely die plane
2357,6524,7,time use used number point different,0.303,0.607,15,don just like know think good,sci.space,rec.autos,rec.motorcycles,unless imaging things possibility belt object discovered year known smiley
2358,8122,15,don just like know think good,0.303,0.594,1,space nasa launch earth satellite shuttle,sci.space,rec.motorcycles,sci.space,government space launch pad directly mean know launch small package space including russian sites know alaska thou used sounding rockets northern atmospheric items heard upgraded able orbit people fixed using direct resources nasa alaska institute sounds like typical cultural people wonder multi tri
2359,4088,12,key encryption chip clipper keys privacy,0.303,0.624,2,car new bike price sale cars,sci.crypt,sci.crypt,misc.forsale,article edu note measures protect tempest surveillance classified far know think inaccurate buy tempest equipment commercially macs sure buy tempest approved mac money haven reason look type pricing years tempest rating raise price radio shack model iii
2360,6178,2,car new bike price sale cars,0.303,0.594,17,power use water ground wire used,rec.autos,misc.forsale,sci.electronics,fitting allows generate household current engine running plug ins trunk engine compartment cabin feel free add regards charles span weeks heard elements separate threads time struck form new hollow unknown net person
2361,4930,15,don just like know think good,0.303,0.633,14,gun law guns government people state,sci.med,rec.motorcycles,talk.politics.guns,illegal perform licensed practitioner dare single documented case transmission aids wouldn worry
2362,2562,15,don just like know think good,0.303,0.560,5,drive card scsi disk dos windows,comp.sys.ibm.pc.hardware,rec.motorcycles,comp.sys.ibm.pc.hardware,hello tell information bios interrupt calls book maybe ftp site thank advance
2363,3076,8,president government people said program money,0.302,0.575,15,don just like know think good,talk.politics.misc,talk.politics.misc,rec.motorcycles,homosexuals paid higher insurance rates good reason government illegal philosophy children think help pay insurance children obviously insurance companies pay children born horrible flaws cost arm leg kept alive pay society care oddly dependent coverage costs bit self really believe claims make lot 
2364,9933,7,time use used number point different,0.302,0.578,9,edu com mail information send list,sci.crypt,rec.autos,comp.sys.mac.hardware,address issue unlikely door intentionally visible ones aren visible perry metzger pmetzger shearson com
2365,3412,6,window server motif widget use application,0.302,0.608,5,drive card scsi disk dos windows,comp.os.ms-windows.misc,comp.windows.x,comp.sys.ibm.pc.hardware,isn change windows startup logo rle needed installed windows incorporated win com make new win com files using option binary beleive copy win rle com make sure backup win com file directory absent typed win com instead com windows substitute rle file want win info needed start windows think vga vide
2366,4770,7,time use used number point different,0.302,0.585,6,window server motif widget use application,comp.os.ms-windows.misc,rec.autos,comp.windows.x,couple weeks ago posted question concerning using answers received time allowed prototype project working process come new problems limit characters topic string inherent systems just peculiar easy query access database using command provided limitation overcome using short field table names meant u
2367,4494,15,don just like know think good,0.302,0.607,17,power use water ground wire used,sci.electronics,rec.motorcycles,sci.electronics,hello just support cable regime like pick networks nbc tons money pounds looking best solution dollars seen modules plug wall outlet supposedly make entire house antenna admit limited knowledge dubious claims excellent best try works non area approximately miles transmitting stations pretty large al
2368,5675,15,don just like know think good,0.302,0.657,2,car new bike price sale cars,rec.autos,rec.motorcycles,misc.forsale,mention friend light switch integrated single steering column dumb french apparently copying japanese germans
2369,1685,15,don just like know think good,0.302,0.655,17,power use water ground wire used,sci.electronics,rec.motorcycles,sci.electronics,looking brief information new applications electronics new electronics applications know interesting new stuff hearing
2370,4416,14,gun law guns government people state,0.302,0.677,18,god jesus church bible christ christian,soc.religion.christian,talk.politics.guns,soc.religion.christian,state church massachusetts sam adams governor revolutionary war got passed believe eliminated
2371,4977,14,gun law guns government people state,0.302,0.653,2,car new bike price sale cars,rec.autos,talk.politics.guns,misc.forsale,restriction car convertible lot laws passed concerning states require greater protection harvey
2372,9002,17,power use water ground wire used,0.302,0.574,15,don just like know think good,sci.electronics,sci.electronics,rec.motorcycles,good idea resolution requested order paid noise level better lower kind hard noisy box like expect inside pay card test sampling low distortion wave think wave digital domain possibly low sources run digitized transform noise floor spectrum good indication design doing test data designed got idea da
2373,3500,8,president government people said program money,0.302,0.555,15,don just like know think good,rec.autos,talk.politics.misc,rec.motorcycles,make worldwide coverage know numerous people planning florida chosen non destination expect sort thing world countries
2374,2867,11,image software available ftp files graphics,0.302,0.578,15,don just like know think good,comp.graphics,comp.graphics,rec.motorcycles,don mean damn henrik attempt helpful using common corrected mach occur image color don bits human eye response edges result colors near look andre
2375,7315,7,time use used number point different,0.302,0.645,8,president government people said program money,sci.space,rec.autos,talk.politics.misc,just pointer article current science news article federal funding briefly shifted gaining current competitive advantage things like military work does commercial utility
2376,7907,14,gun law guns government people state,0.302,0.594,15,don just like know think good,talk.religion.misc,talk.politics.guns,rec.motorcycles,koresh messenger got killed message carried says character messenger rest hard way koresh killed wanted lots illegal guns
2377,4383,2,car new bike price sale cars,0.301,0.635,15,don just like know think good,rec.motorcycles,misc.forsale,rec.motorcycles,posting intended answer frequently asked question dod posted month time month unless site news software ill posting available crossposted rec motorcycles groups attempt catch new users followups directed rec motorcycles changed feb add message bit version collection originally assembled original pos
2378,3377,9,edu com mail information send list,0.301,0.490,18,god jesus church bible christ christian,soc.religion.christian,comp.sys.mac.hardware,soc.religion.christian,library congress host dead sea scroll april national editor contact john library congress washington april dead sea scrolls held library congress wednesday april thursday april day program library baltimore hebrew university additional support project foundation held library room sixth floor madison
2379,3033,15,don just like know think good,0.301,0.523,0,israel turkish armenian jews war israeli,alt.atheism,rec.motorcycles,talk.politics.mideast,true news media new military using mention taped video transmissions missiles targets later especially civilians hit changed tone didn stomach reality war innocent people really die warfare like pro gulf war long nice clean smart missiles dropping military pictures dead dying civilians started naive
2380,2910,1,space nasa launch earth satellite shuttle,0.301,0.506,15,don just like know think good,sci.space,sci.space,rec.motorcycles,dennis worked written proposals worth tens millions customers included government including nasa profit non profit companies expected wrap usually called fee work involved costing work universities profits non profits nasa centers space charged fees work street nasa centers charge fee sure competent
2381,8246,7,time use used number point different,0.301,0.590,14,gun law guns government people state,sci.crypt,rec.autos,talk.politics.guns,sure mike correct point pretty sure truth ruled violation right difference drawing blood truth permanent damage simply come view acceptable viewed fundamental violation rights case expand protections amendment incorporate new technologies results different judges personal opinions
2382,6035,14,gun law guns government people state,0.301,0.583,15,don just like know think good,talk.politics.guns,talk.politics.guns,rec.motorcycles,chemical weapons weapon forces hand good reason banning need vast amounts chemicals best reason use price called poor bomb thoughts bio weapons having weapons use rob bank signature merely text waste bring evil internet
2383,5411,15,don just like know think good,0.301,0.551,6,window server motif widget use application,comp.windows.x,rec.motorcycles,comp.windows.x,hello net letter forgive mistakes problems lack info authorization open windows long like help generally use mit don use share software bad news problem friend run program runs fine machine friend gets client authorized connect server close started option surely required general xhost does work root
2384,3969,16,people god does believe evidence say,0.301,0.704,7,time use used number point different,talk.politics.mideast,alt.atheism,rec.autos,according harvard directory failed graduate decide educated
2385,3331,7,time use used number point different,0.301,0.610,15,don just like know think good,sci.space,rec.autos,rec.motorcycles,hate pour cold water currently extracted using new improved fiber japan times expensive spot market cheap right right closing compete places like lake canada rich present safety hazards work shielded vehicles plenty sources example processing come line reached demand supply balance collapse nonsense
2386,9446,15,don just like know think good,0.300,0.616,12,key encryption chip clipper keys privacy,sci.crypt,rec.motorcycles,sci.crypt,chips perform voice compression expansion expensive exist phones connected line cards lot equipment voice grade circuits save cost long distance satellite circuits remember generic term chips impression big deal years ago circuits gotten cheap isn compression bit samples squeeze played program night
2387,1255,1,space nasa launch earth satellite shuttle,0.300,0.576,15,don just like know think good,sci.space,sci.space,rec.motorcycles,doubt good prospects self venus surface conditions degrees high pressure possibly notion consider outer planets pick upper atmosphere conditions buying deeper nice creative idea worthy thinking
2388,6515,9,edu com mail information send list,0.300,0.624,5,drive card scsi disk dos windows,comp.sys.ibm.pc.hardware,comp.sys.mac.hardware,comp.sys.ibm.pc.hardware,stuff deleted friend owns company clones shared fact chipset expensive money hungry clone makers doubt attempt price boards high new technology lance lance austin ibm com ibm com yes percent sign network address
2389,8527,9,edu com mail information send list,0.300,0.587,13,team game year games play season,rec.sport.baseball,comp.sys.mac.hardware,rec.sport.hockey,know phillies mailing list don coverage grand
2390,1405,2,car new bike price sale cars,0.300,0.603,5,drive card scsi disk dos windows,misc.forsale,misc.forsale,comp.sys.ibm.pc.hardware,dragon complete laser disc motherboard joystick buttons graphics arcade cabinet brick power supply space ace complete laser disc motherboard joystick buttons graphics arcade cabinet brick power supply space ace dragon games require sony player nice thing player watch normal movies sell purchase comp
2391,3455,10,said people went didn came told,0.299,0.571,14,gun law guns government people state,talk.politics.misc,talk.religion.misc,talk.politics.guns,cite case don information able compare situations loud rock music home day night opinion justified court order prohibited abortion displaying pictures dead doesn privacy inside clinic privacy homes public property did store owner new york city right free speech outside store inside store hear asking
2392,5263,15,don just like know think good,0.299,0.593,12,key encryption chip clipper keys privacy,sci.crypt,rec.motorcycles,sci.crypt,think reduce defense using non clipper based encryption technologies defending freedom expression free speech right express want form little heart desires long rights encrypted text sound video just form expression particular text sound video just like digitized sound means expression sound streams 
2393,3292,14,gun law guns government people state,0.299,0.576,12,key encryption chip clipper keys privacy,sci.crypt,talk.politics.guns,sci.crypt,lets carry step suppose text key conclusive evidence crime encrypted material evidence scenario like strips encrypt key phrase comic police haul seize encrypted file whats file fifth file fifth judge reveal disagree judge honor revealing right tend breaking laws independent encrypted file judge gran
2394,5888,7,time use used number point different,0.299,0.554,11,image software available ftp files graphics,comp.windows.x,rec.autos,comp.graphics,greetings developing application allows user create edit view visual model network wondering knew builder tools exist task past used visual edge product develop familiar general support objects connecting links created want provide user capabilities support looking form higher drawing routines accom
2395,2657,10,said people went didn came told,0.298,0.552,14,gun law guns government people state,talk.politics.guns,talk.religion.misc,talk.politics.guns,talk politics guns utexas edu apr watching knife verses gun bit contributed comments stuff face knife gun got come ignorance used think pretty thing got educated people rule understand deadly knives quickly killed people don understand takes inch areas cause quick minute death death rates handguns k
2396,7127,11,image software available ftp files graphics,0.298,0.648,9,edu com mail information send list,sci.space,comp.graphics,comp.sys.mac.hardware,posted public domain msdos program sunlight zip sci astro yesterday easily sun moon planets used locate objects input right use uudecode extract robert netcom com past chairman bay area speak authorized
2397,8915,2,car new bike price sale cars,0.298,0.724,15,don just like know think good,alt.atheism,misc.forsale,rec.motorcycles,thrown cage tiger blame tiger
2398,6127,7,time use used number point different,0.298,0.565,15,don just like know think good,sci.crypt,rec.autos,rec.motorcycles,extensive discussion eff forum example used develop information lead evidence stop things time time simple fishing far likely things continue matter given key escrow likely going prove joke perry metzger pmetzger shearson com
2399,8571,1,space nasa launch earth satellite shuttle,0.298,0.732,15,don just like know think good,sci.crypt,sci.space,rec.motorcycles,don fooled possible keys league particles universe remember number elementary particles molecules pretty small universe tape need trillion tapes allowing bytes entry existing magnetic media planet wait years including existing audio video total trillion person worldwide gives new meaning messages ro
2400,2706,15,don just like know think good,0.298,0.637,1,space nasa launch earth satellite shuttle,sci.space,rec.motorcycles,sci.space,hello hoping help writing program class shuttle low orbit things like know time launch pitch second cross area shuttle ext tank thanks information post mail
2401,3081,13,team game year games play season,0.297,0.573,15,don just like know think good,rec.sport.baseball,rec.sport.hockey,rec.motorcycles,ack man apparently alien life form like people planet mars form ability remains ack people teams date appears orioles staff mentioned expos bullpen barnes prime target apparently john ack people spring training fact rejected contact authorities evil plot stopped ack people jack morris juan enjoy wat
2402,7499,15,don just like know think good,0.297,0.611,14,gun law guns government people state,alt.atheism,rec.motorcycles,talk.politics.guns,think just shows painful execution considered cruel unusual punishment shows cruel used constitution does refer punishment causes physical pain different meaning cheat hillary
2403,4615,2,car new bike price sale cars,0.297,0.560,11,image software available ftp files graphics,comp.graphics,misc.forsale,comp.graphics,greetings epson pen forsale sure option board does emulation serial interface hardware pens follows black oil based red green blue black pens black blue black pack multi color pens non pens colored used tested using windows drivers worked fine accepts sized paper figure worth pens worth thing certai
2404,5993,17,power use water ground wire used,0.297,0.689,2,car new bike price sale cars,rec.autos,sci.electronics,misc.forsale,working gas solid air auto applications kind energy exhaust gas interested mail email follow thread discussion prospects technology max
2405,3251,14,gun law guns government people state,0.297,0.532,7,time use used number point different,talk.politics.guns,talk.politics.guns,rec.autos,quoted gnv ufl edu jrm gnv ufl edu depends profit doing differences cost production determine local actually semi autos autos easier getting quite estimate people high school couldn failed shop people actually seen mechanical work probably say like starting population sure people motivated nose know
2406,6337,14,gun law guns government people state,0.297,0.603,10,said people went didn came told,talk.religion.misc,talk.politics.guns,talk.religion.misc,assume evidence responsible deaths like evidence proof suicide considered sin branch davidians koresh said going commit suicide furthermore cult experts said david cult members said started tanks tear gas facilities knocked evidence like point bible says commit murder translation self defense consid
2407,4493,10,said people went didn came told,0.297,0.709,15,don just like know think good,misc.forsale,talk.religion.misc,rec.motorcycles,wanted summer red metro line bedroom share common areas apartment room memorial day weekend end august smokers
2408,7482,15,don just like know think good,0.297,0.566,4,health medical disease use patients food,sci.med,rec.motorcycles,sci.med,gordon responds ron gordon look results scientific stamp approval patients followers convinced written methods undocumented subjective research great rest care gordon trying beat issue death tried force type medicine patients happy happy miserable ones steady loss patients alternative camp just look
2409,5276,14,gun law guns government people state,0.297,0.675,15,don just like know think good,talk.politics.mideast,talk.politics.guns,rec.motorcycles,title news miss page stories times wouldn exactly media cover special agent media mind control division los angeles offices
2410,3397,15,don just like know think good,0.297,0.594,2,car new bike price sale cars,sci.electronics,rec.motorcycles,misc.forsale,try folks corp number make flat keys standard models models key make click feel models cut form shape rectangle models available kit includes colored plain key covers make layout piece prices aren cheap want position pad kit position kit affiliation company connected purchased couple pleased got
2411,6596,7,time use used number point different,0.296,0.635,15,don just like know think good,comp.sys.ibm.pc.hardware,rec.autos,rec.motorcycles,taken look new claim does compare terms price quality display interested new seen monitors flesh
2412,9206,7,time use used number point different,0.296,0.593,15,don just like know think good,rec.sport.hockey,rec.autos,rec.motorcycles,exactly accomplished headed ship taken lot heat explained things different trades traded fewer trades traded
2413,8835,7,time use used number point different,0.296,0.530,15,don just like know think good,soc.religion.christian,rec.autos,rec.motorcycles,big bang model point origin time prior cause occur want invent surrounding context fine good prefer believe god exists opposed giant like spit just opinion unfortunately wrong self molecules produced entirely matter rapidly form exposure light evolution today saw nature early year biological dead de
2414,2309,13,team game year games play season,0.296,0.610,9,edu com mail information send list,rec.sport.baseball,rec.sport.hockey,comp.sys.mac.hardware,finally objective source alomar great player baerga nice objective source cited dad bigger dad posts
2415,5972,6,window server motif widget use application,0.296,0.584,11,image software available ftp files graphics,comp.graphics,comp.windows.x,comp.graphics,screen program windows writing documentation helpful include sample screens document mail don follow group thanks lot grant
2416,4090,7,time use used number point different,0.296,0.643,15,don just like know think good,soc.religion.christian,rec.autos,rec.motorcycles,subject incredibly inflammatory subscribe remember spectacular letter battle set complained mint great magazine contrast scholarly articles incredibly ads extreme hawking head based famous giving face typical pink letter complained grounds beautiful black queen set exchange letters ran issues point 
2417,2072,8,president government people said program money,0.296,0.617,15,don just like know think good,talk.politics.misc,talk.politics.misc,rec.motorcycles,law proposed virginia extended philosophy cigarette smokers people smoked away work couldn employers liberal gov shows liberals don damn best person job just power play course clayton ignores fact employers pay health insurance insurance smokers expensive non smokers
2418,1224,12,key encryption chip clipper keys privacy,0.296,0.584,15,don just like know think good,sci.crypt,sci.crypt,rec.motorcycles,brad says turns accurate bet administration clear vendors best interests institute voluntary policy refusing sell clinton cripple equipped equipment authorized government agencies law enforcement individuals corporations determined administration valid need case case basis effective note like langua
2419,7922,7,time use used number point different,0.296,0.553,15,don just like know think good,talk.politics.guns,rec.autos,rec.motorcycles,impression obtain materials reactor weapons grade required obtain federal permit materials actually bother looking material covered term weeks nuclear chemistry derive build bomb far explosive charge variety explosives commonly available chemicals garage felt like electronics shaped charges little i
2420,6031,6,window server motif widget use application,0.296,0.537,15,don just like know think good,comp.windows.x,comp.windows.x,rec.motorcycles,gotten posts group couple days recently added feed list just group near death seen mailing list getting right traffic patrick tgv window washer tgv com person considered long capital crime offense long patrick tgv window washer tgv com
2421,311,8,president government people said program money,0.295,0.668,15,don just like know think good,talk.politics.misc,talk.politics.misc,rec.motorcycles,creature feet bath fool posts force world wide youth movement ought possible establish coordinated global program accomplish strategic goal completely eliminating internal combustion engine say year period evidently open questions scientific people prefer live
2422,1082,9,edu com mail information send list,0.295,0.573,2,car new bike price sale cars,rec.autos,comp.sys.mac.hardware,misc.forsale,archive rec autos recent changes march addition alt autos welcome rec autos article sent automatically month contains general description purpose automotive newsgroups suggested guidelines discussions keywords monthly posting appear make killing article easy users kill facilities article posted auto
2423,4544,15,don just like know think good,0.295,0.692,5,drive card scsi disk dos windows,comp.sys.ibm.pc.hardware,rec.motorcycles,comp.sys.ibm.pc.hardware,ibm displayed technology demo means neat technology commitment make item guy
2424,476,13,team game year games play season,0.295,0.621,15,don just like know think good,rec.sport.baseball,rec.sport.hockey,rec.motorcycles,heard rumors interested mark davis doesn surprise team cash actually mob
2425,8790,14,gun law guns government people state,0.295,0.574,12,key encryption chip clipper keys privacy,sci.crypt,talk.politics.guns,sci.crypt,clearer concise post posting central point local state police agencies attempting play rules warrants escrowed keys mercy agency federal level disagree assist civil liberties cops strong incentive vesselin points police agencies try keys efficient suppose law enforcement agency conducting wiretap dr
2426,8325,9,edu com mail information send list,0.295,0.602,5,drive card scsi disk dos windows,comp.sys.ibm.pc.hardware,comp.sys.mac.hardware,comp.sys.ibm.pc.hardware,purchased super voyager vlb board company month ago don mailing address regularly week reached compuserve phone number think competitive prices compared ami plus liked fact knows talking concerning hardware easily reached compuserve non questions informative customers phone
2427,6015,4,health medical disease use patients food,0.295,0.643,15,don just like know think good,sci.med,sci.med,rec.motorcycles,wife interested post syndrome apparently new zealand different chest complaints treated separately does information thanks
2428,9298,15,don just like know think good,0.295,0.607,14,gun law guns government people state,talk.politics.guns,rec.motorcycles,talk.politics.guns,time later troops killed people including kids elderly women sure don want domestic law enforcement agencies country military standards did big trouble massacre covered high ranking officials involved
2429,7447,7,time use used number point different,0.294,0.697,18,god jesus church bible christ christian,talk.religion.misc,rec.autos,soc.religion.christian,catholic high school outside chicago south avenue actually technically
2430,7324,15,don just like know think good,0.294,0.542,11,image software available ftp files graphics,comp.windows.x,rec.motorcycles,comp.graphics,developed number applications using useful tool impressed level integration using connection editor love general ease use talked sun today motif helpful provided input like version comments mentioned going post email message offered receive additional comments net evolve send comments wish list sun 
2431,780,11,image software available ftp files graphics,0.294,0.620,5,drive card scsi disk dos windows,sci.electronics,comp.graphics,comp.sys.ibm.pc.hardware,best info seen far article joystick measuring physical properties joystick port michael covington issue tech journal talks read kinds things voltage current resistance basic includes code simple display possible read joystick port directly don want use basic detailed information technical reference 
2432,9620,9,edu com mail information send list,0.294,0.628,17,power use water ground wire used,sci.electronics,comp.sys.mac.hardware,sci.electronics,old son signed science report batteries wondering provide information construct home built battery grade school days remember seeing ice cube tray version don remember use good easily thank advance dean aircraft computer specialist desk fax main uucp uunet east hartford live ride internet com test r
2433,7529,7,time use used number point different,0.294,0.653,5,drive card scsi disk dos windows,sci.crypt,rec.autos,comp.sys.ibm.pc.hardware,unless missed source suggested aside hardware available unix fresh booted buffers related network traffic believe solution basically uses strategy requiring reach kernel sources statistics easily quickly obtained output exec finger favorite heavily used systems seconds source code ripem ripem msu ed
2434,1115,5,drive card scsi disk dos windows,0.294,0.612,17,power use water ground wire used,sci.electronics,comp.sys.ibm.pc.hardware,sci.electronics,buy build device convert current loop signals know old terminals came option ones want connect computer old industrial computer use computer communications software console instead old mail info point right direction
2435,3865,6,window server motif widget use application,0.293,0.555,11,image software available ftp files graphics,comp.windows.x,comp.windows.x,comp.graphics,process making decision write motif use motif interviews downloaded tar files fail documentation questions used similar toolkits experience reference books documentation input greatly appreciated
2436,6748,13,team game year games play season,0.293,0.677,15,don just like know think good,rec.sport.baseball,rec.sport.hockey,rec.motorcycles,beware original poster looks louisville chances louisville gets edition printed chicago edition monday sunday extremely sports section game summaries just color stories
2437,6607,2,car new bike price sale cars,0.293,0.640,15,don just like know think good,rec.autos,misc.forsale,rec.motorcycles,idea list pointless options know stuff car use power windows add wish regards charles
2438,2449,9,edu com mail information send list,0.293,0.653,15,don just like know think good,comp.os.ms-windows.misc,comp.sys.mac.hardware,rec.motorcycles,just apology advance posting binary newsgroup attempts mail original poster getting intact
2439,7136,9,edu com mail information send list,0.293,0.639,15,don just like know think good,misc.forsale,comp.sys.mac.hardware,rec.motorcycles,used pair golf shoes size good shape holes plus shipping david david snyder technical services mil wright patterson air force base dayton ohio usa said god doesn ones time earth hours spent flying lady waiting owner operator opinions expressed usaf
2440,1811,5,drive card scsi disk dos windows,0.293,0.521,15,don just like know think good,comp.sys.mac.hardware,comp.sys.ibm.pc.hardware,rec.motorcycles,huh buy optical lose friends smell bad note heard syquest failures curious jon comments cartridge wear elaborate general consensus reliable concerned media failures opposed drive mechanism failures
2441,5174,15,don just like know think good,0.293,0.654,1,space nasa launch earth satellite shuttle,sci.space,rec.motorcycles,sci.space,actually longer true years congress laws provide needed note comet funded way problems aren legal technical problem nasa culture allen
2442,5622,7,time use used number point different,0.292,0.544,15,don just like know think good,rec.autos,rec.autos,rec.motorcycles,looking good people just like concerned group citizens absolutely way majority drivers simply traffic rules like going speed limit passing right riding rules great country maintain speed limits certified cruise controls keeping car length distance mph speed times moron ahead car left vehicle ahead d
2443,1447,11,image software available ftp files graphics,0.292,0.527,6,window server motif widget use application,comp.windows.x,comp.graphics,comp.windows.x,like gui ability view manipulate group objects files text directories manipulate way delete copy paste rename ability applications screens visible time able standard set functions easily quickly unfamiliar operating familiar command lines operating systems occasionally work use gui usually accomplis
2444,4483,14,gun law guns government people state,0.292,0.569,15,don just like know think good,talk.politics.guns,talk.politics.guns,rec.motorcycles,didn bother writing terrible represent instead wrote letter exactly strongly simply stated batf approach immoral military style assault firing house knew kids forwarded letter batf responded directly follows text reply pretty closely intend send letter directly return section letter received parts a
2445,153,2,car new bike price sale cars,0.292,0.638,17,power use water ground wire used,misc.forsale,misc.forsale,sci.electronics,tuned radio alarm clock band bands asking reply details thanks pete edu
2446,2279,11,image software available ftp files graphics,0.292,0.612,6,window server motif widget use application,comp.graphics,comp.graphics,comp.windows.x,like know luck using upper ascii characters sun station trying convert fortran program run sun write character buffers sun contain char char char characters screen characters standard ascii tables
2447,9013,1,space nasa launch earth satellite shuttle,0.292,0.621,15,don just like know think good,sci.space,sci.space,rec.motorcycles,brief political cultural item radio station washington classical music station large audience high officials elected imagine radio station mercedes diamond expensive trident morning heard commercial space station project didn catch guess pulling stops
2448,8175,0,israel turkish armenian jews war israeli,0.291,0.628,15,don just like know think good,talk.politics.mideast,talk.politics.mideast,rec.motorcycles,years city people born istanbul called don think people use used understand open map today try political city printed istanbul don try arguments using cause flames make political statement iastate edu
2449,799,7,time use used number point different,0.291,0.542,0,israel turkish armenian jews war israeli,talk.politics.mideast,rec.autos,talk.politics.mideast,yes previous stages withdrawal area troops currently troops kept level consistent light armored permanent installations built area planned water question continue waste time looking non existent proof accept testimony people lebanese acknowledged know evidence allegations depends territories refer g
2450,9475,2,car new bike price sale cars,0.291,0.635,11,image software available ftp files graphics,misc.forsale,misc.forsale,comp.graphics,looking math coprocessor sale trade jim cutting edge software evolution
2451,8529,8,president government people said program money,0.291,0.551,15,don just like know think good,talk.politics.misc,talk.politics.misc,rec.motorcycles,sure don consider option suggests analysis left fact government movement provides just cost benefit approach analysis public spending libertarians learn okay let try explain votes creature senator worse president votes specific policies general package cover issues years influence highly add free vo
2452,6890,16,people god does believe evidence say,0.291,0.591,15,don just like know think good,soc.religion.christian,alt.atheism,rec.motorcycles,regarding moral question microsoft com asked okay create child aren able good parent reminded speech characters remember movie way liberal quotation marks tonight called speech character expressing lousy father interesting point said effect license drive car license dog license fish kid mind way try
2453,4573,15,don just like know think good,0.290,0.563,5,drive card scsi disk dos windows,comp.sys.ibm.pc.hardware,rec.motorcycles,comp.sys.ibm.pc.hardware,read couple weeks article play sound soundblaster didn save article old articles posted article detailing connect wires post specifically need know connect wires speaker card
2454,5615,7,time use used number point different,0.290,0.595,11,image software available ftp files graphics,comp.graphics,rec.autos,comp.graphics,went looked review claim significant differences manipulating meg test file smaller files platforms david
2455,1537,15,don just like know think good,0.290,0.657,2,car new bike price sale cars,rec.motorcycles,rec.motorcycles,misc.forsale,registered yamaha used aluminum frame design used cross section sided appearance probably really called
2456,591,2,car new bike price sale cars,0.290,0.567,15,don just like know think good,misc.forsale,misc.forsale,rec.motorcycles,lot sale nice lot available approx size located development called county eastern north carolina north lot near golf tennis located development property mar facility lot nearby facilities mentioned lot outright does look like area anytime soon like sell reason make offer interested send mail gatech 
2457,2108,13,team game year games play season,0.290,0.635,15,don just like know think good,rec.sport.hockey,rec.sport.hockey,rec.motorcycles,subject line says terribly difficult tickets penguins games especially playoffs easy outside selling tickets
2458,4920,15,don just like know think good,0.290,0.519,0,israel turkish armenian jews war israeli,talk.politics.mideast,rec.motorcycles,talk.politics.mideast,disagree value israeli news sources want know events palestine makes sense news directly source news source inherently biased extent various reasons intentional sources easier truth bias read listen israeli media learn news opinion israel palestine doing form opinions hopefully informed views don ch
2459,1347,17,power use water ground wire used,0.290,0.535,2,car new bike price sale cars,rec.autos,sci.electronics,misc.forsale,difference don happen manual handy oil general temperature numbers based typical curve used running say room temperature weight say room temperature weight typical weight oil designed operation normal temperatures just weight specification designed operation cold temperatures end winter cold place s
2460,1887,8,president government people said program money,0.289,0.600,15,don just like know think good,talk.politics.misc,talk.politics.misc,rec.motorcycles,yes look spare years using george walker bush insult william jefferson clinton feel calling president implies sort hint question paul internet paul com
2461,421,14,gun law guns government people state,0.289,0.561,8,president government people said program money,talk.politics.misc,talk.politics.guns,talk.politics.misc,yes federalist papers propaganda difficult determine precisely certainly limited role federal government necessarily true position senate powerful house lords period question powers house lords did occur david george budget despite house lords considerable power today far rubber body meant slow reac
2462,2508,9,edu com mail information send list,0.289,0.700,17,power use water ground wire used,sci.electronics,comp.sys.mac.hardware,sci.electronics,dartmouth engineering students looking documented data regarding wear associated turning monitor relates power consumption interested comparison wear monitor left continuously turned use mail dartmouth edu thank
2463,9801,11,image software available ftp files graphics,0.289,0.595,15,don just like know think good,comp.graphics,comp.graphics,rec.motorcycles,question covered apologize need information fast department given large sum money install video network ibm workstations area expertise wonder offer advice like based vhs video allow write video frame frame tape play real time visualization physics problems tell hardware available work support softw
2464,1531,15,don just like know think good,0.289,0.591,11,image software available ftp files graphics,comp.os.ms-windows.misc,rec.motorcycles,comp.graphics,difference difference windows likely lot software available won emulation inevitable crop spite contrary claims just doesn count use certain software package doesn quite run properly emulation developers want channel resources platform large installed base case like platform successfully regardless 
2465,5247,11,image software available ftp files graphics,0.289,0.617,13,team game year games play season,rec.sport.baseball,comp.graphics,rec.sport.hockey,does anybody gif tiger stadium chart thanks brian data central brian com
2466,9526,11,image software available ftp files graphics,0.289,0.563,7,time use used number point different,sci.electronics,comp.graphics,rec.autos,different viewpoint practice little difference quality care needed happen cheap laser printer does manage sort throughput long does sheet print faster say cases computer trouble keeping printer lot drivers printer said want copy lots copies paper cost use long term need expensive replacement parts c
2467,9459,5,drive card scsi disk dos windows,0.289,0.708,9,edu com mail information send list,comp.sys.mac.hardware,comp.sys.ibm.pc.hardware,comp.sys.mac.hardware,looking meg pin simm centris best place purchase stock shipping possible phone numbers order soon possible thanks steven hope intelligent life space cause earth meaning life
2468,8217,15,don just like know think good,0.289,0.553,5,drive card scsi disk dos windows,comp.sys.mac.hardware,rec.motorcycles,comp.sys.ibm.pc.hardware,currently having trouble connecting true blue ibm model vga monitor display readable details yellow red colors window images yellow ghost image red background little read time ago thought hook mac vga screen vga monitors sync green signal does sound like demon read hardware putting diode green signa
2469,4653,14,gun law guns government people state,0.289,0.641,15,don just like know think good,talk.politics.misc,talk.politics.guns,rec.motorcycles,wow did discover great bbs called lies people bbs baud free confidential names subjects files contained bbs government state citizenship documents issues california republic citizen federal citizen remember state citizens amendment subject federal income tax isn did volunteer surrender state citizen
2470,3555,16,people god does believe evidence say,0.289,0.615,15,don just like know think good,talk.politics.misc,alt.atheism,rec.motorcycles,recommend movie blue case legal excellent film shows easy come seemingly conclusive evidence think guilty
2471,8306,7,time use used number point different,0.288,0.635,15,don just like know think good,comp.sys.mac.hardware,rec.autos,rec.motorcycles,trick work careful apply white tape rubber tells scanner edge come jim
2472,6080,7,time use used number point different,0.288,0.654,15,don just like know think good,rec.sport.hockey,rec.autos,rec.motorcycles,reason abandoned blue puck fact quickly play blue used affected rubber puck
2473,7501,15,don just like know think good,0.288,0.584,1,space nasa launch earth satellite shuttle,sci.space,rec.motorcycles,sci.space,known journey far sun united states produced great team gerry anderson science usually bit better production using live better known shows later went live action series space astronomy lousy lifting body spacecraft mighty launch complex wonderful look
2474,8410,11,image software available ftp files graphics,0.288,0.536,5,drive card scsi disk dos windows,comp.windows.x,comp.graphics,comp.sys.ibm.pc.hardware,archive intel unix faq modified mar note major organization replacement frequently asked questions faq list article includes answers options software intel based unix free options commercial options supported video hardware supported accelerated boards doesn support color vga modes hardware software
2475,9003,15,don just like know think good,0.288,0.565,4,health medical disease use patients food,sci.med,rec.motorcycles,sci.med,getting published hardly really argue logic think bit appears sample size say local pittsburgh guy true logical fair conclude true doctors treat lyme disease logic conclude physicians consult insurance companies make money denying benefits lyme patients doing money believe encouraging good medicine 
2476,2955,15,don just like know think good,0.287,0.660,7,time use used number point different,sci.med,rec.motorcycles,rec.autos,interested procedure able add following facts procedure philadelphia performed maryland johns hopkins corrections think units performed new york city manhattan eye ear corrections magic words use requesting information think mean laser study protocol proper people
2477,2704,16,people god does believe evidence say,0.287,0.581,18,god jesus church bible christ christian,soc.religion.christian,alt.atheism,soc.religion.christian,personally know quite bible organization fundamental purpose translate scriptures native languages terms usual means learning developing written language teaching natives read associated govt governments want help best knowledge government come idea cultural interference presentation good news under
2478,5488,11,image software available ftp files graphics,0.287,0.653,5,drive card scsi disk dos windows,sci.electronics,comp.graphics,comp.sys.ibm.pc.hardware,like know popular ics type capabilities channels prices great thanks
2479,4976,0,israel turkish armenian jews war israeli,0.287,0.659,14,gun law guns government people state,talk.politics.misc,talk.politics.mideast,talk.politics.guns,sat apr gmt greg observed tells fascist politics practiced ending discrimination fascism called forced integration armed forces despite opposition congress american public time michael adams net enterprise alabama
2480,4140,16,people god does believe evidence say,0.287,0.546,18,god jesus church bible christ christian,soc.religion.christian,alt.atheism,soc.religion.christian,funny little quote genesis treated certain anti christians christians given firm command destroy earth prove taking little quotes context bible big book know doubt single case anti action taking place specifically teh motivated christian belief nazis motivated german christianity fact christianity w
2481,8546,15,don just like know think good,0.287,0.557,5,drive card scsi disk dos windows,comp.windows.x,rec.motorcycles,comp.sys.ibm.pc.hardware,version server stuff colour frame buffer implementation works mode screen memory bit pixel bit beast know moment server commodore amiga commercial don know wrote suspect did respond email don read group thanks dave
2482,4313,7,time use used number point different,0.287,0.660,15,don just like know think good,sci.crypt,rec.autos,rec.motorcycles,matter shouldn difficult design black box gives similar monitor screen
2483,9973,16,people god does believe evidence say,0.286,0.590,15,don just like know think good,alt.atheism,alt.atheism,rec.motorcycles,deletions mentioned hands punishment theft saudi arabia assuming wouldn know assuming people fitting requirement muslim highly likely try convince bobby mozumder muslims chop people hands come succeeded
2484,5475,15,don just like know think good,0.286,0.729,5,drive card scsi disk dos windows,comp.graphics,rec.motorcycles,comp.sys.ibm.pc.hardware,variation years ago european partners motorola integrated controllers half think
2485,5948,15,don just like know think good,0.286,0.652,14,gun law guns government people state,talk.politics.misc,rec.motorcycles,talk.politics.guns,selective service registration abolished start draft immoral agree don military experts agree quality armed forces superior volunteer army finally government lists computers irs social security motor vehicle needs maintaining list people utter waste money time let axe department reduce deficit littl
2486,4771,9,edu com mail information send list,0.285,0.596,15,don just like know think good,rec.motorcycles,comp.sys.mac.hardware,rec.motorcycles,folks info film criticism class final project essentially need movies use substantial capacity fallen angles man raising arizona help fellow ers btw summary bike plot helpful necessary thanx eric edu usa dod
2487,3448,14,gun law guns government people state,0.285,0.584,7,time use used number point different,sci.crypt,talk.politics.guns,rec.autos,generally organization influence proportion objectives number members strength belief members pro anti abortion groups strong narrow objectives lots interested members real reason mixing nra probably bad idea interests groups passion index combined organization clear greatly nra believe new organiza
2488,4367,9,edu com mail information send list,0.285,0.608,5,drive card scsi disk dos windows,misc.forsale,comp.sys.mac.hardware,comp.sys.ibm.pc.hardware,zoom fax data modem purchased january happily provide fax comm software box manuals selling cod feel free service
2489,2673,15,don just like know think good,0.285,0.528,5,drive card scsi disk dos windows,comp.sys.ibm.pc.hardware,rec.motorcycles,comp.sys.ibm.pc.hardware,article tamu edu subject perfect mag monitors date sat apr friend got mag model sent unfortunately replacement distorted bet common problem best advice heard buying actually look specific buy opposed model monitor manufacturing big names tends produce alot monitors visible defects tamu edu end file 
2490,8313,11,image software available ftp files graphics,0.285,0.583,5,drive card scsi disk dos windows,comp.os.ms-windows.misc,comp.graphics,comp.sys.ibm.pc.hardware,used number video graphics adaptor windows windows think
2491,925,15,don just like know think good,0.285,0.695,5,drive card scsi disk dos windows,comp.sys.ibm.pc.hardware,rec.motorcycles,comp.sys.ibm.pc.hardware,tell basic chip number realize chunk chip missing correctly using hole guide count chip help
2492,5830,2,car new bike price sale cars,0.284,0.663,17,power use water ground wire used,sci.electronics,misc.forsale,sci.electronics,does table size wire current carry probably range friend interested converting mazda electric car needed information thanks advance
2493,6394,16,people god does believe evidence say,0.284,0.650,12,key encryption chip clipper keys privacy,sci.crypt,alt.atheism,sci.crypt,really keys likely determined person using state approved encryption method persons life profits making profit power absolute power absolutely human nature changed years
2494,6002,14,gun law guns government people state,0.284,0.608,15,don just like know think good,talk.politics.misc,talk.politics.guns,rec.motorcycles,judge denied new trial motion says new witnesses said truck dead impact thoughts kind scary realize judges going start denying new trials new evidence contradicts facts led previous ruling appear judge decided new witnesses believed shouldn jury members previous jury talk shows obvious bias shouldn 
2495,5013,2,car new bike price sale cars,0.284,0.696,15,don just like know think good,rec.autos,misc.forsale,rec.motorcycles,sweden australia lord knows used drive wrong road export market larger just active good roads movement origins actually bicycle picked steam teens witness highway association highway support act real different federal aid states build decent roads experience widespread use trucks domestic transport 
2496,2120,12,key encryption chip clipper keys privacy,0.284,0.644,15,don just like know think good,sci.crypt,sci.crypt,rec.motorcycles,lawyer remember correctly contempt court business used order cooperation different issue legitimate business court quite literally party guilty holding court contempt original scheme suggested key disappear certain threatening conditions met key gone question contempt court key longer produced justi
2497,4657,2,car new bike price sale cars,0.283,0.558,15,don just like know think good,rec.motorcycles,misc.forsale,rec.motorcycles,certainly possible quite easy cases especially common bikes cylinder mounting don prevent cylinder removed engine frame did assembled end indian easier does base separate head use little tape clips falling support cylinder pins called pins
2498,9384,12,key encryption chip clipper keys privacy,0.283,0.574,15,don just like know think good,sci.crypt,sci.crypt,rec.motorcycles,far know isdn plugged bit gives channel sec guess sampling rate want quality analog line anybody knows compression algorithms factors voice greetings
2499,8166,7,time use used number point different,0.283,0.573,15,don just like know think good,sci.med,rec.autos,rec.motorcycles,involved project develop improve performance single imaging eventually stuff thing like know current resolution imaging kinds jobs used specifically kind specific jobs hope used resolution improved say close pet does machine cost does single image cost knows answer questions answer grateful thanks a
2500,7791,13,team game year games play season,0.283,0.691,10,said people went didn came told,talk.religion.misc,rec.sport.hockey,talk.religion.misc,definitely bob dog touch knock bob box bob kills mon everyday close infamous paul famous result numerous act tours eastern
2501,10074,9,edu com mail information send list,0.283,0.605,16,people god does believe evidence say,alt.atheism,comp.sys.mac.hardware,alt.atheism,archive atheism resources alt atheism archive resources modified december version atheist resources addresses atheist organizations usa freedom religion foundation darwin fish bumper stickers atheist available freedom religion foundation write box madison telephone evolution designs evolution design
2502,4290,16,people god does believe evidence say,0.283,0.627,15,don just like know think good,talk.politics.misc,alt.atheism,rec.motorcycles,define nth debt time asked disappeared came gnp numbers posted previous posting cute paul numbers look foolish paul like confusing deficit debt terms gnp universally accepted measure rigorous semantics proves taxes make people change economic activities shall debate gun bullet person does killing wi
2503,8857,6,window server motif widget use application,0.283,0.591,11,image software available ftp files graphics,comp.graphics,comp.windows.x,comp.graphics,does know kind utility program popular representation shape trying axis given shape using suggestions greatly appreciated start program thanks advance
2504,4738,13,team game year games play season,0.282,0.632,9,edu com mail information send list,soc.religion.christian,rec.sport.hockey,comp.sys.mac.hardware,annual time prayer organized focus family organization heard christian radio station local church able information cities san francisco bay area local organizing time place meet pray san francisco oakland berkeley san jose people meeting city city hall year attended mountain view city hall quiet mea
2505,6059,15,don just like know think good,0.282,0.613,5,drive card scsi disk dos windows,sci.electronics,rec.motorcycles,comp.sys.ibm.pc.hardware,check new april edition built setup hook directly power serial port load code gets reset run sure dallas does like suppose boil relative prices dallas completely wonder managed design single sided pcb links cheers mike
2506,4938,15,don just like know think good,0.282,0.612,9,edu com mail information send list,sci.med,rec.motorcycles,comp.sys.mac.hardware,dear netters sure right place post query thought physicians newsgroup help excuse bandwidth trying build resource program managing surgical operating unit hospital user interface english terms medical given french medical dictionary handy technical university need translation english following words
2507,5080,15,don just like know think good,0.282,0.646,9,edu com mail information send list,soc.religion.christian,rec.motorcycles,comp.sys.mac.hardware,looking recent homosexuality decided interested copies help appreciate looking gay agenda produced group report john recent series understanding homosexuality experiencing genuine change james kennedy special homosexuality week portion previous week program discussed gay agenda pay money copies copy
2508,7039,17,power use water ground wire used,0.282,0.633,14,gun law guns government people state,sci.crypt,sci.electronics,talk.politics.guns,following available ftp archive insert comments big look clearly step screw thread specifications isn fought nail step way crime use screw threads leaders define say ansi standard screw threads subtle weaknesses allowing agents automobiles easily causing fall moments trust step clear band write use 
2509,5119,7,time use used number point different,0.281,0.630,2,car new bike price sale cars,rec.autos,rec.autos,misc.forsale,clock bytes battery backup battery life years operation installed car left powered continuously draw current battery used auto battery dead removed california line transfer ownership form states odometer mileage correct incorrect required know correct mileage lie form caught buyer sue value mileage 
2510,5451,5,drive card scsi disk dos windows,0.281,0.627,15,don just like know think good,sci.electronics,comp.sys.ibm.pc.hardware,rec.motorcycles,looking buying low cost scope general purpose use recommendations info faq pointers appreciated thanks
2511,5216,14,gun law guns government people state,0.280,0.549,15,don just like know think good,rec.autos,talk.politics.guns,rec.motorcycles,sided problem unfortunately culture time breeding low life getting worse justice best extremely weak handle problems low abiding citizens power protect property using deadly force necessary threat imminent pride joy got stolen right driveway years persons did eventually caught lucky having trashed c
2512,299,4,health medical disease use patients food,0.280,0.661,15,don just like know think good,sci.space,sci.med,rec.motorcycles,use sort mechanical chest compression aid like portable iron lung sort flex chest compress push chest wall support breathing trust space trust suit
2513,8133,1,space nasa launch earth satellite shuttle,0.280,0.614,15,don just like know think good,sci.space,sci.space,rec.motorcycles,apollo hard way big hurry limited technology base government contracts just doing privately government project cuts costs factor
2514,6886,7,time use used number point different,0.280,0.691,5,drive card scsi disk dos windows,rec.autos,rec.autos,comp.sys.ibm.pc.hardware,europe buy computer controlled coupled ones
2515,4832,15,don just like know think good,0.280,0.689,14,gun law guns government people state,rec.motorcycles,rec.motorcycles,talk.politics.guns,hmmm security guards place parking stickers drivers windows reflection cause accident suppose people aren states stephen
2516,6962,13,team game year games play season,0.280,0.562,15,don just like know think good,rec.sport.hockey,rec.sport.hockey,rec.motorcycles,messier invited injuries press issue attempted link rangers internal political mike keenan repeated messier personally msg press conference makes sense messier probably declined invitation publicity gld
2517,4526,6,window server motif widget use application,0.280,0.546,11,image software available ftp files graphics,comp.os.ms-windows.misc,comp.windows.x,comp.graphics,hello recently tried print envelopes using deskjet printer having problem happens physically load envelope printer user manual select print envelope icon proper options selected printer just envelope printing return address selected mailing address point printer online light begins flash print manag
2518,118,15,don just like know think good,0.280,0.691,13,team game year games play season,rec.sport.baseball,rec.motorcycles,rec.sport.hockey,yankees planning days today bringing weekend
2519,8504,8,president government people said program money,0.280,0.652,15,don just like know think good,talk.politics.misc,talk.politics.misc,rec.motorcycles,wonder money spent waco batf paying batf issue unix technical support
2520,8346,7,time use used number point different,0.279,0.617,14,gun law guns government people state,sci.crypt,rec.autos,talk.politics.guns,legal seen phone records obtained order establish probable cause result words fishing does phone company require written able evidence probable cause order process request suggest officer pursuing case prove called certain time chances winning harassment suit strength evidence contact people dealt c
2521,7268,17,power use water ground wire used,0.279,0.615,2,car new bike price sale cars,sci.electronics,sci.electronics,misc.forsale,using wrong brand sorry fans hard time convinced match rest excellent gear principal functions look considering turn important feature disable acquisition able lock instrument real time capture mode agree manufacturers pay attention designing menus fair time scope users students adjust menus easier 
2522,3173,16,people god does believe evidence say,0.279,0.640,4,health medical disease use patients food,talk.religion.misc,alt.atheism,sci.med,recently aware health insurance includes coverage abortion strongly oppose abortion reasons conscience deeply know used pay sincerely believe murder like request abortion coverage health reduced share dennis outrage similar manner recently aware health insurance includes coverage illness injuries su
2523,9226,10,said people went didn came told,0.279,0.555,15,don just like know think good,talk.politics.guns,talk.religion.misc,rec.motorcycles,widely reported remember news day fbi single sole source rumors truth know question media hiding alive today day chance action think contributed outcome folks sleep deprived tend think clearly feel strongly proper expected come credit jim jmd handheld com
2524,2385,7,time use used number point different,0.279,0.608,5,drive card scsi disk dos windows,rec.autos,rec.autos,comp.sys.ibm.pc.hardware,performance converter purely irrelevant occurs light throttle settings serves improve mind converter clutch does lovely job improving additional mechanical advantage converter gives acceleration locked converter clutch inherent losses away
2525,4018,14,gun law guns government people state,0.279,0.635,0,israel turkish armenian jews war israeli,talk.politics.mideast,talk.politics.guns,talk.politics.mideast,statement say existence israeli citizens right life says israeli occupation right life citizens basically right military men clearly occupation war war attacks military targets fully legitimate like tell words military wrt israel uniform duty duty soldier regard israeli target using definition unifo
2526,5787,7,time use used number point different,0.279,0.602,15,don just like know think good,sci.space,rec.autos,rec.motorcycles,date sat apr gmt paul rochester edu essence holding match just nuts thing absolutely engine guarantee soon mix engine high explosive mixture finally does blows hell definitely reports early test conducted santa field lab hill san result hung start described structural failure combustion chamber insp
2527,5065,7,time use used number point different,0.278,0.660,11,image software available ftp files graphics,comp.windows.x,rec.autos,comp.graphics,issue resource published proceedings annual technical conference paper mark chuck price titled building distributed interfaces summary describes known consortium effort doing complete review paper just mention goals stated section article effort goal providing generation toolkit functionality toolki
2528,7242,15,don just like know think good,0.278,0.578,12,key encryption chip clipper keys privacy,sci.crypt,rec.motorcycles,sci.crypt,course prevents buying new lock cash installing modifying core match arbitrary key difficult home knew fixed locks way house office cars took key took good care bad safety deposit box work key bank different keys bank does copy key lose drill lock replace door time consuming expensive process happy 
2529,3088,9,edu com mail information send list,0.278,0.656,15,don just like know think good,talk.politics.misc,comp.sys.mac.hardware,rec.motorcycles,thanks sent replies regarding case informative helped
2530,5393,1,space nasa launch earth satellite shuttle,0.278,0.620,15,don just like know think good,comp.windows.x,sci.space,rec.motorcycles,advantage windows used think big advantage sure anymore david david jpl jpl nasa gov senior software engineer temp use mail object office jet propulsion lab oak drive pasadena earliest possible date prove won tom
2531,5673,9,edu com mail information send list,0.278,0.546,15,don just like know think good,sci.space,comp.sys.mac.hardware,rec.motorcycles,australia today heard interesting exciting news local program couldn news server posted old information tell ill sue station saying date news server slow caught end article information topic known moment news small planet outside orbit pluto recently report meant large distance orbit computer drawin
2532,3153,9,edu com mail information send list,0.278,0.553,2,car new bike price sale cars,rec.autos,comp.sys.mac.hardware,misc.forsale,australia car australia particularly interested american muscle cars makes ford chrysler usa weeks june chicago sun thursday denver friday sunday austin texas monday friday oklahoma city friday monday california tuesday thursday las vegas friday sunday grand monday tuesday june las angeles san diego
2533,9626,7,time use used number point different,0.277,0.617,16,people god does believe evidence say,soc.religion.christian,rec.autos,alt.atheism,brings interesting subject discussed probably studied aware posted lot articles lately personality typing test vehicle come speed just read alt psychology personality ask personality type summary file observation people significantly different question essentially born respect church attendance part
2534,5783,10,said people went didn came told,0.277,0.672,4,health medical disease use patients food,sci.med,talk.religion.misc,sci.med,friend daughter diagnosed eye disease called star close apparently genetic according affects fourth generation appreciate information condition available ftp point right direction
2535,3406,7,time use used number point different,0.277,0.616,15,don just like know think good,sci.space,rec.autos,rec.motorcycles,unfortunately launch citizen need launch permit office commercial space transportation think difficult permit weapon threshold licensing roughly rules actually complex ways result
2536,3778,17,power use water ground wire used,0.277,0.575,15,don just like know think good,comp.sys.ibm.pc.hardware,sci.electronics,rec.motorcycles,people non flat screen hype nonsense nec plus advantage having new flat screen tubes break heavy duty set insist proven reliable technologies
2537,6678,8,president government people said program money,0.276,0.655,15,don just like know think good,sci.space,talk.politics.misc,rec.motorcycles,henry reminded canada united states quite commercial sat sky cleaning service going years toronto clear hours money discount rates available astro researchers
2538,5443,17,power use water ground wire used,0.276,0.709,2,car new bike price sale cars,sci.electronics,sci.electronics,misc.forsale,bmw reed switch assembly differential think signal easy reproduce
2539,3728,8,president government people said program money,0.276,0.731,15,don just like know think good,talk.politics.mideast,talk.politics.misc,rec.motorcycles,recent interview middle east insight magazine clinton said supports moving jerusalem time interrupt peace talks edu cubs
2540,1868,16,people god does believe evidence say,0.275,0.602,15,don just like know think good,alt.atheism,alt.atheism,rec.motorcycles,interesting notion scared case finnish citizen live usa laws finnish government actively checking doing country words checking finnish laws islamic law curse following world cheers kent
2541,9070,9,edu com mail information send list,0.275,0.731,15,don just like know think good,misc.forsale,comp.sys.mac.hardware,rec.motorcycles,looking good used window air small peter talk email ecn
2542,7782,9,edu com mail information send list,0.275,0.733,16,people god does believe evidence say,soc.religion.christian,comp.sys.mac.hardware,alt.atheism,sociology student currently young looking way various groups children raised home moment information discipline christian home parent email response following responses treated used prepare stats ages children kids use implement method discipline use age location age did commit criminal offence disc
2543,4034,11,image software available ftp files graphics,0.275,0.556,15,don just like know think good,comp.graphics,comp.graphics,rec.motorcycles,looking package takes inputs set geometric objects defined convex specified manner say determines reasonable form things like does know thing
2544,6256,8,president government people said program money,0.275,0.693,15,don just like know think good,comp.graphics,talk.politics.misc,rec.motorcycles,marketing rep recently offered phillips marketing rep bet boxes market schedule phillips rep declined bet probably knew players pre production manufacturing runs months commercial release date time commercial release manufacturers players announced possibly production chip sets production number sof
2545,2351,2,car new bike price sale cars,0.275,0.627,5,drive card scsi disk dos windows,sci.electronics,misc.forsale,comp.sys.ibm.pc.hardware,check america prime park way suite largest manufacturers packaging world sounds like good candidate test performance tektronix able help note testing high frequency accurately expensive business
2546,2425,18,god jesus church bible christ christian,0.274,0.503,16,people god does believe evidence say,alt.atheism,soc.religion.christian,alt.atheism,thread turned patented alt atheism game don strong disagreement try stick thing don quite follow argument contradiction arguing bible times closer consider morally good based standards past experience hand hope summarizes argument adequately hand disclaimer speaking jewish perspective bible means ol
2547,9351,7,time use used number point different,0.274,0.623,14,gun law guns government people state,talk.politics.guns,rec.autos,talk.politics.guns,borne reality old soviet union domestic handgun trade guns commercial grade produced honest goodness production local don road world recall incidents past chinese attempted semi autos country import number limitations read years ago person high school skills school training produce talk average pers
2548,3808,9,edu com mail information send list,0.274,0.704,15,don just like know think good,talk.politics.mideast,comp.sys.mac.hardware,rec.motorcycles,didn notice recent posting fbi simply alias taken sources information including daily news march reports arrest copy foreign press reports release shortly source alias story pray tell fbi arrest release alias relationship person israeli zero like idiot posted absurdity place
2549,4960,7,time use used number point different,0.274,0.617,16,people god does believe evidence say,soc.religion.christian,rec.autos,alt.atheism,student doing paper wanted point view use unless specifically tell answer question christian offended feel pagan evil sense word time cooperation appreciated thanks survey conducted partial fulfillment course requirements taught university wisconsin course compliance course requirements university r
2550,6677,7,time use used number point different,0.274,0.678,9,edu com mail information send list,sci.med,rec.autos,comp.sys.mac.hardware,imaging believe faq sci nice write certainly supportive helping build device connect supply look european laboratory particle physics switzerland generally accepted method using common physics lab equipment certain answers questions heavens gods photography probably ignored compared larger eternal p
2551,1613,10,said people went didn came told,0.273,0.648,15,don just like know think good,rec.autos,talk.religion.misc,rec.motorcycles,driver door panel inside honda prelude speaker went want access pins press button rest fit
2552,8987,11,image software available ftp files graphics,0.273,0.558,9,edu com mail information send list,sci.electronics,comp.graphics,comp.sys.mac.hardware,buffalo edu neil electrical engineering student familiar using getting used great good reference manual explains organized concise current guide circuit simulation analysis using feel information just randomly placed book easy look small things just need good reference book appreciate info thanks po
2553,9319,15,don just like know think good,0.273,0.537,16,people god does believe evidence say,alt.atheism,rec.motorcycles,alt.atheism,strongly suggest look book called bible quran science french surgeon comprehensive researched imagine library loan shall try hold time read course short began investigating bible pre scientific assumed problems caused poor translations gone days read hebrew greek problems didn away got worse decided
2554,8162,15,don just like know think good,0.273,0.630,0,israel turkish armenian jews war israeli,talk.politics.mideast,rec.motorcycles,talk.politics.mideast,expect israel trying portray great democracy requirement leader previously extra affair clinton helps wife says
2555,7978,18,god jesus church bible christ christian,0.272,0.569,16,people god does believe evidence say,talk.religion.misc,soc.religion.christian,alt.atheism,followers obscure religion sure christians condemn make case dealing revelation kills ultimately including innocent children dealing christians christians note spelling does dangers religion order word mind virus make mothers capable letting small children burn scream cheers kent
2556,6273,10,said people went didn came told,0.272,0.594,15,don just like know think good,sci.space,talk.religion.misc,rec.motorcycles,oddly calls years golden age flight years reflecting primitive nature young men flying machines reality sucked death highly likely environment blew early navy pressure suits modified suits ready star plan outer space radios aids joke engines ran oil picked called men iron wasn oddly golden age fligh
2557,344,5,drive card scsi disk dos windows,0.272,0.670,15,don just like know think good,comp.sys.mac.hardware,comp.sys.ibm.pc.hardware,rec.motorcycles,hmm don know information concerning cable warranty came ordered logos communications near cleveland inside mac cable correct pin connections lifetime warranty package assembled piece serial cable telephone cable numbers software package compuserve intro kit interested logos number ordered wednesday 
2558,9773,11,image software available ftp files graphics,0.272,0.582,9,edu com mail information send list,misc.forsale,comp.graphics,comp.sys.mac.hardware,stuff deleted company maintains mailing list regularly rented time use major software companies method using seed junk mail isn really effective bulk send databases cleaned moved recently original cool large likely pick use future btw list currently lists actual buyers windows utility product range 
2559,6295,8,president government people said program money,0.272,0.604,0,israel turkish armenian jews war israeli,talk.politics.misc,talk.politics.misc,talk.politics.mideast,recognise responsibility iran iraq war providing technical assistance iran oil production capacity smart moment iran ceiling extra capacity use bring price interests agree says point interests bring oil price consider great britain domestic sources partly satisfy energy needs oil germany japan indus
2560,2389,19,file entry output program section char,0.272,0.696,11,image software available ftp files graphics,comp.graphics,rec.sport.baseball,comp.graphics,hello hello wondering knew mac implementation algorithm output individual faces application source code modify implement algorithm individual faces thanks advance
2561,8714,10,said people went didn came told,0.272,0.635,16,people god does believe evidence say,talk.politics.misc,talk.religion.misc,alt.atheism,testimony contradiction charge witness moved impact indicating alive trying sorts gross burned alive reactions witnesses didn come forth trial tough luck new witnesses imo constitutes new evidence support deny new trials grounds
2562,115,15,don just like know think good,0.272,0.582,16,people god does believe evidence say,soc.religion.christian,rec.motorcycles,alt.atheism,stuff deleted logic christianity drug die die reluctant drug alive enjoy question overall motives posting article waste seconds earth posting group generally reject die having christ savior hope fantastic life heaven know
2563,5236,5,drive card scsi disk dos windows,0.272,0.613,2,car new bike price sale cars,comp.sys.mac.hardware,comp.sys.ibm.pc.hardware,misc.forsale,apple does sales mail order result mail order companies obtain machines grey market market supplied machines machines sell come state affairs accidentally better price apple case obscure serial protect identity result warranty void ordered macs different mail order companies absolutely zero problem 
2564,714,9,edu com mail information send list,0.272,0.658,11,image software available ftp files graphics,comp.sys.mac.hardware,comp.sys.mac.hardware,comp.graphics,got drive cds bundled usually cds demos applications games photos compiled list posted alt cdrom post updated version list
2565,3460,7,time use used number point different,0.271,0.622,18,god jesus church bible christ christian,soc.religion.christian,rec.autos,soc.religion.christian,recommend essential christian faith house publishers offers concise explanations simple language different christian doctrines subject think particularly good newer christians older christians suffering spiritual gives sound basic treatment issues avoiding long depth analysis wait know
2566,2779,7,time use used number point different,0.271,0.674,15,don just like know think good,rec.sport.baseball,rec.autos,rec.motorcycles,wish hadn sold copy jewish baseball stars short shelf toilet tank special writing books awful taken nth degree funny author think
2567,5676,16,people god does believe evidence say,0.271,0.614,13,team game year games play season,rec.sport.baseball,alt.atheism,rec.sport.hockey,come true baseball things separated baseball allows carry arguments explained balanced statistical basis wonder mystery left resort just going enjoy game paul feeling little anti today stretch farm animal natural length koufax com paul hewlett packard
2568,5714,2,car new bike price sale cars,0.271,0.679,9,edu com mail information send list,misc.forsale,misc.forsale,comp.sys.mac.hardware,looking round trip madison chicago italy air ticket anybody ticket use contact wisc edu open ticket highly desired thank
2569,3139,15,don just like know think good,0.271,0.651,14,gun law guns government people state,talk.politics.guns,rec.motorcycles,talk.politics.guns,talk politics guns lds com apr follow months posting reader noted reporting bias seen months numbers reversed don constant particular issue shots fired remember
2570,5913,15,don just like know think good,0.270,0.577,2,car new bike price sale cars,sci.electronics,rec.motorcycles,misc.forsale,write good manual software hassle manual offset simplicity purchasing package consider offering inexpensive attractive registered users instance coffee produce mail incentive couple dollars consider pricing product lucky instances program use non licensed users best approach estimate loss accomodate
2571,4181,7,time use used number point different,0.270,0.638,10,said people went didn came told,alt.atheism,rec.autos,talk.religion.misc,interesting wonder women reactions recorded frustrating night man considered important
2572,957,15,don just like know think good,0.270,0.522,16,people god does believe evidence say,talk.politics.guns,rec.motorcycles,alt.atheism,argument didn make started questionable premise necessarily act act accident recall survivor claims started tank knocked lamp kind makes arguments regarding relative sanity somewhat nice tail let ask complaints david koresh religious sexual justified armed raid bureau alcohol tobacco firearms entire
2573,9197,16,people god does believe evidence say,0.270,0.696,15,don just like know think good,sci.crypt,alt.atheism,rec.motorcycles,date note clinton statements encryption paragraph guess statement contradict said cut
2574,7106,16,people god does believe evidence say,0.270,0.704,7,time use used number point different,talk.politics.mideast,alt.atheism,rec.autos,think trying people cases race information sought completely voluntary census possibly
2575,8109,12,key encryption chip clipper keys privacy,0.270,0.616,15,don just like know think good,sci.crypt,sci.crypt,rec.motorcycles,make piss possibly provide dna hair samples tests hand btw chemical engineer arrested explosion thrust hands toilet filled cops breaking door mask explosives interesting news reported acts reasons privacy group discussed legal using password like shot jimmy body storage impression got real judges di
2576,3787,7,time use used number point different,0.270,0.600,16,people god does believe evidence say,soc.religion.christian,rec.autos,alt.atheism,beg disagree assertion science collection models scientific models game play good assumptions measurements example remember nuclear winter big hype atmospheric science wasn long boys adding level reality model nuclear winter scenario boulder decided assume atmosphere like dimensional thing dimension
2577,893,16,people god does believe evidence say,0.270,0.624,18,god jesus church bible christ christian,talk.religion.misc,alt.atheism,soc.religion.christian,tony read post new seen typical christian anti gay literature gay people persecuted long propaganda unaware findings concerning african americans published used various groups enforce bias african americans usually think instances groups course vast majority public findings documents today case fort
2578,1202,9,edu com mail information send list,0.269,0.717,12,key encryption chip clipper keys privacy,talk.politics.mideast,comp.sys.mac.hardware,sci.crypt,dis possible track determine identity shielded policies similar place anonymous services
2579,8114,9,edu com mail information send list,0.269,0.656,5,drive card scsi disk dos windows,comp.sys.mac.hardware,comp.sys.mac.hardware,comp.sys.ibm.pc.hardware,saw article new line macs configured work file servers know details
2580,281,15,don just like know think good,0.269,0.640,13,team game year games play season,rec.sport.baseball,rec.motorcycles,rec.sport.hockey,hoping produce update week send info significant longest critical home run seen season
2581,6864,15,don just like know think good,0.269,0.565,17,power use water ground wire used,sci.electronics,rec.motorcycles,sci.electronics,anybody recommend good application oriented reference circuits pretty good theory know different types modulation mean don lot practical experience book detailing working circuits different types modulation power frequency legal helpful thanks steve bell labs boeing att com att boeing
2582,7627,8,president government people said program money,0.269,0.636,9,edu com mail information send list,sci.crypt,talk.politics.misc,comp.sys.mac.hardware,intent years commercial software vendor really professional opinion point irrelevant private sector networking deployed years ago major development just upgrade attempt use national centers cut completely internet continue aside universities long haul networking internet long federal regulation usa 
2583,823,15,don just like know think good,0.269,0.599,17,power use water ground wire used,misc.forsale,rec.motorcycles,sci.electronics,sony portable forsale good condition adapter power supply tested factory adapter tested input time bought years ago using lot heat generated inside machine course wouldn use risk baby life maybe owners complain portable machine going short time usage factory suggested led display
2584,8769,8,president government people said program money,0.269,0.657,15,don just like know think good,sci.space,talk.politics.misc,rec.motorcycles,operator better important transport usually does job guest appearance expected visible meaningful role
2585,5652,7,time use used number point different,0.269,0.669,15,don just like know think good,talk.politics.misc,rec.autos,rec.motorcycles,replied message listed new topic title violence possibly line noise error caused post new topic regards
2586,7729,10,said people went didn came told,0.269,0.641,15,don just like know think good,talk.politics.misc,talk.religion.misc,rec.motorcycles,hopes adding little life old like add bits info ask comments couple days ago stories proof north held war ended way today newspaper page san francisco chronicle article document held proof used permission document discovered archives soviet communist party moscow russian translation described septem
2587,6628,7,time use used number point different,0.268,0.542,15,don just like know think good,comp.sys.mac.hardware,rec.autos,rec.motorcycles,sony nice run mode picture won big end gap suspect internal adjustment fix tried problem sub brightness areas meant black main raster black real raster quite visible screen severe just good screens used turn brightness contrast raster visible real image virtually disappears raster size just right us
2588,2038,6,window server motif widget use application,0.268,0.594,11,image software available ftp files graphics,comp.windows.x,comp.windows.x,comp.graphics,considering writing widgets like sample widget source code look like archives accessible anonymous ftp contain information
2589,8059,19,file entry output program section char,0.268,0.632,6,window server motif widget use application,comp.os.ms-windows.misc,rec.sport.baseball,comp.windows.x,just noticed doing strange recently usually line status bar guess displays total disk space total number bytes current selection select bunch files exact byte count recently notice incorrectly displays count select file say bytes correctly displays bytes select select file bytes displays bytes just 
2590,1733,2,car new bike price sale cars,0.268,0.569,15,don just like know think good,rec.motorcycles,misc.forsale,rec.motorcycles,apr gmt wibbled thanks posted previous quest camping info question strictly stuff looking coffee hot mean real hot course unbreakable type far metal type wasted money matched vacuum glass type info appreciated youth purchased gadget water source car use thought try worked apart slight problem lower 
2591,9382,7,time use used number point different,0.268,0.629,15,don just like know think good,sci.med,rec.autos,rec.motorcycles,person posted certain stuff newsgroup highly selected quotes stripped context complete posting quoted lacking context postings probably years possible assemble bodies molecular level surgery possible like store prices shelf priced bar coded goods head catch errors make store favor like mentally edit
2592,9813,14,gun law guns government people state,0.267,0.632,15,don just like know think good,talk.politics.misc,talk.politics.guns,rec.motorcycles,alan start teaching children crimes represent black community racist whites represent majority culture ethnic minorities fallen trap struggling believe trap easy way think good idea realize related crimes speak race status going higher crime community comprised ethnic group factors leading ethnic mi
2593,5786,16,people god does believe evidence say,0.266,0.557,18,god jesus church bible christ christian,talk.religion.misc,alt.atheism,soc.religion.christian,real christian unless born fundamental biblical conversion probably small usa based cult cults like term pretty big usa quite respectable resemble branch davidians confusing mistake live let live folks sure catholic anti abortion movement usa hard cases example agree matthew certainly encountered lo
2594,8568,18,god jesus church bible christ christian,0.266,0.569,16,people god does believe evidence say,soc.religion.christian,soc.religion.christian,alt.atheism,used marriage alaska court sort justice peace great difficulty duty used pray bathroom asking come appreciate fulfill true divine purpose marriage obviously didn realize marriage god institution state gradually came conclude acting strictly secular public capacity established state expectations invo
2595,7190,7,time use used number point different,0.266,0.657,15,don just like know think good,talk.religion.misc,rec.autos,rec.motorcycles,observation tree life rotate clockwise northern southern probably doesn consideration force compared say likely explanation classic clockwise sun wheel sun sky way historical way happened little images sun moving heavens valid talk clock going engineers listen course anti goes counter represents evi
2596,7608,7,time use used number point different,0.266,0.555,15,don just like know think good,rec.motorcycles,rec.autos,rec.motorcycles,got election leadership question history bmw organization lead formation going years ago formation competing owner groups just flames relatively new member groups difference magazines major difference guys fun art
2597,227,16,people god does believe evidence say,0.266,0.632,15,don just like know think good,talk.politics.guns,alt.atheism,rec.motorcycles,goodness sake fired cruise missile compound people come alive obvious contact reality outcome likely just possible started entered little virtual reality guess expected understand things real universe
2598,2061,16,people god does believe evidence say,0.265,0.580,18,god jesus church bible christ christian,alt.atheism,alt.atheism,soc.religion.christian,just convinced religious fantasies time messiah just leader organisation jews built purpose throwing roman oppression moslem fanatics strap bombs backs driving jewish dying truth hint think nazi soldiers wwii dying truth people die lies time hitler liar ronald reagan spend millions dollars year tryi
2599,2366,15,don just like know think good,0.265,0.664,16,people god does believe evidence say,talk.politics.misc,rec.motorcycles,alt.atheism,women interested clothes shopping whites blacks lazy scum men homosexuals support child dear cramer adequate substitute thought
2600,5823,10,said people went didn came told,0.265,0.651,14,gun law guns government people state,talk.politics.guns,talk.religion.misc,talk.politics.guns,guns non lethal bullets like rubber plastic bullets work stopping attack
2601,9862,8,president government people said program money,0.265,0.680,1,space nasa launch earth satellite shuttle,sci.space,talk.politics.misc,sci.space,schools universities rich individuals people million dollars mail people claimed person space pound send person space split rest money ground crew agreed volunteer attempts clause launch methods clearly dangerous environment usage materials areas planetary importance yes talk lobby people major prob
2602,432,9,edu com mail information send list,0.264,0.720,15,don just like know think good,comp.os.ms-windows.misc,comp.sys.mac.hardware,rec.motorcycles,cut begin exe eps fbi jrm tel bow ttl task phd mil ain gps mtu jpl mem ups ran ico mot ccw acm gnv mas ups rod bbs oft job dig edm ill usr mrs lab pay zoo abc cut
2603,474,9,edu com mail information send list,0.264,0.712,2,car new bike price sale cars,sci.electronics,comp.sys.mac.hardware,misc.forsale,people interested aspect try connection cash timothy box sample
2604,2775,7,time use used number point different,0.263,0.561,11,image software available ftp files graphics,comp.graphics,rec.autos,comp.graphics,graphics programming library great portable interface development interactive graphics applications indicator performance vary strongly machine machine vendor vendor sgi committed high performance interactive graphics systems software tools means port easily sgi platforms guarantee performance compa
2605,2950,10,said people went didn came told,0.263,0.625,15,don just like know think good,rec.autos,talk.religion.misc,rec.motorcycles,isn new driving high night san diego caught passed rock metal right window girlfriend seat called police exit doubt years ago san diego brick thrown sunroof driving subsequently crashed don think came haven heard couple years probably children minor fact defending people attacking haven threatened a
2606,5438,18,god jesus church bible christ christian,0.263,0.695,16,people god does believe evidence say,talk.religion.misc,soc.religion.christian,alt.atheism,anger iii greed professor pride mary ann secular russian agent looks like communism japanese walter bird bingo rock roll harold phil hollywood john fake
2607,1921,8,president government people said program money,0.263,0.524,1,space nasa launch earth satellite shuttle,sci.space,talk.politics.misc,sci.space,attached copy announcement picked trip moscow week friends moscow aviation institute asked post announcement editing contents original announcement familiar moscow aviation institute leading russian school higher education dedicated training aircraft spacecraft designers design design control system
2608,9123,8,president government people said program money,0.262,0.632,14,gun law guns government people state,rec.sport.hockey,talk.politics.misc,talk.politics.guns,press release trial lawyers public justice thought administration department wants eliminate women ice hockey team women win sex discrimination ruling brown university ordered restore women teams national desk sports writer contact home ray trial lawyers public justice
2609,4797,4,health medical disease use patients food,0.262,0.663,15,don just like know think good,sci.med,sci.med,rec.motorcycles,according previous poster seek doctor assistance doesn inject oneself immediately migraine
2610,2542,8,president government people said program money,0.262,0.632,15,don just like know think good,talk.religion.misc,talk.politics.misc,rec.motorcycles,fact rumor murray atheist eliminated use bible reading prayer public schools years ago going appear fcc stop reading gospel america remove christmas programs songs public schools true mail federal communications commission street washington expressing opposition request reference number false story 
2611,842,1,space nasa launch earth satellite shuttle,0.262,0.570,11,image software available ftp files graphics,sci.space,sci.space,comp.graphics,posting respond address listed excuse message crossposted thanks request ideas applications remote sensing databases internet nasa planning expand domain users earth space science data effort use infrastructure global change research program including mission planet earth earth observing data inform
2612,5887,4,health medical disease use patients food,0.262,0.640,9,edu com mail information send list,sci.med,sci.med,comp.sys.mac.hardware,archive typing injury faq general version revision date answers frequently asked questions typing injuries typing injury faq sources information people typing injuries stress injuries syndrome copyright dan berkeley edu faqs including available archive site pit manager mit edu alias rtfm mit edu dir
2613,9455,15,don just like know think good,0.261,0.585,8,president government people said program money,sci.space,rec.motorcycles,talk.politics.misc,sounds fed sign year use certain parts space station built designed company consortium companies like small rent return certain tax right monopoly certain products certain given make end easier taxes contracts workable just work china kong people kong make money work
2614,5075,7,time use used number point different,0.261,0.621,15,don just like know think good,rec.motorcycles,rec.autos,rec.motorcycles,lord god sky make personal appearance board directors meeting change policies odds equal extremely lucky
2615,4852,15,don just like know think good,0.261,0.595,12,key encryption chip clipper keys privacy,sci.crypt,rec.motorcycles,sci.crypt,sigh version asked really want send posting know stuff secret source clipper announcement silly mistake administrator csrc ncsl nist gov alias org set help needs forum incident response security teams includes number world wide incident response teams places europe commands normally disabled early d
2616,3137,15,don just like know think good,0.261,0.701,1,space nasa launch earth satellite shuttle,sci.space,rec.motorcycles,sci.space,worse city atlanta proposal rent space orbiting considering caliber people running city telling going orbit
2617,6998,9,edu com mail information send list,0.261,0.682,15,don just like know think good,misc.forsale,comp.sys.mac.hardware,rec.motorcycles,looking good deals following used new aviation handheld com consider com portable gps reply don wake night worker house day understand want employer pay jay snyder jay uunet jay brain unix bbs brain drugs msdos unix msdos file areas
2618,3655,7,time use used number point different,0.261,0.701,14,gun law guns government people state,sci.crypt,rec.autos,talk.politics.guns,tech navy big navy required know navy way naming particular presidential executive order outlines respect privacy following information course issue hangs mean wiretap signal detected non means like radio listening recorded means radio location used locate transmitter catch record signal kept maximu
2619,4545,8,president government people said program money,0.261,0.636,15,don just like know think good,talk.religion.misc,talk.politics.misc,rec.motorcycles,fact rumor murray atheist eliminated use bible reading prayer public schools years ago going appear fcc stop reading gospel america remove christmas programs songs public schools true mail federal communications commission street washington expressing opposition request reference number
2620,3716,14,gun law guns government people state,0.261,0.694,15,don just like know think good,sci.crypt,talk.politics.guns,rec.motorcycles,countries laws crypto gear believe does license scheme won work legally countries including france david
2621,631,11,image software available ftp files graphics,0.261,0.687,15,don just like know think good,sci.electronics,comp.graphics,rec.motorcycles,motorola good app note band using dsp easily ported board beach development
2622,5750,15,don just like know think good,0.260,0.679,11,image software available ftp files graphics,sci.electronics,rec.motorcycles,comp.graphics,greetings received reply stating unless following company operating remove faq commercial pcb makers don time faq sci answers like refer red tape finals mean time know ftp site wouldn mind file new entries list commercial stuff wondering restrictions price software considered include digit prices ca
2623,3202,2,car new bike price sale cars,0.260,0.657,5,drive card scsi disk dos windows,misc.forsale,misc.forsale,comp.sys.ibm.pc.hardware,following software forsale microsoft dos good buy don need dos good arcade baseball game graphics sound pretty good ability make schedules edit player stats adventure spy type game ega earl weaver good arcade strategy type baseball game ability play league play mlb stats ega soviet attack good simul
2624,3551,7,time use used number point different,0.260,0.581,15,don just like know think good,sci.electronics,rec.autos,rec.motorcycles,depends entirely number radio electronics cards gets computer names addresses readers number magazines provide data self labels really big magazines provide data computer disk decides data notice radio electronics information card commonly called bingo card industry includes lines company business p
2625,6056,16,people god does believe evidence say,0.258,0.703,15,don just like know think good,sci.space,alt.atheism,rec.motorcycles,time speculation staged fake evidence support contradict claim claim cold war reader sci space ussr really happened
2626,1403,15,don just like know think good,0.258,0.637,2,car new bike price sale cars,comp.sys.ibm.pc.hardware,rec.motorcycles,misc.forsale,figure image rotation little high nec specs greater speak mag far nec concerned adjusted factory spec leaving central usa distribution point eastern canadian market key nec knows monitors sensitive shipping distances rough handling expect theory require local distributor dealer adjusted local servic
2627,589,8,president government people said program money,0.258,0.577,15,don just like know think good,talk.politics.misc,talk.politics.misc,rec.motorcycles,afraid lost thread didn suggest government regulations subject don follow comments mean ideology treats government regulation equally undesirable seeks abolish regulations unlikely draw support portion furthermore suggesting plan feasible industrial society weight produce effectively productive effo
2628,10053,11,image software available ftp files graphics,0.257,0.652,6,window server motif widget use application,comp.windows.x,comp.graphics,comp.windows.x,seeing motif adopted sun ibm remeber members recent announcement sure virtually workstation sun ibm dec make vast majority hardware ports motif linux available fee cost recovery person bought rights activity bsd linux news groups pertaining motif high just workstation come motif default buy free uni
2629,1791,14,gun law guns government people state,0.257,0.630,18,god jesus church bible christ christian,talk.politics.guns,talk.politics.guns,soc.religion.christian,trust biblical modern analog governments time founding idea citizens rights government common explicit writings founders considerable extent rights yes times change technology changes possibility governments mankind possible quite recently lord restricted having people does make better lords did fre
2630,3524,15,don just like know think good,0.257,0.592,5,drive card scsi disk dos windows,comp.os.ms-windows.misc,rec.motorcycles,comp.sys.ibm.pc.hardware,hardware gurus current home project build huge keyboard physically relative goal keyboard look exactly like keyboard host highly keyboard little world heart thing lack detailed information hardware windows dos expecting project windows hope fellow window users programmers recognize need willing poin
2631,8364,8,president government people said program money,0.257,0.604,18,god jesus church bible christ christian,soc.religion.christian,talk.politics.misc,soc.religion.christian,having met peter kingston years struck dedicated christian main concern translation word god welfare people group serving literature concerned mainly providing scripture minority languages sort criticism organisation lines ideological manipulation cultural interference probably education stand early
2632,1136,14,gun law guns government people state,0.257,0.674,15,don just like know think good,talk.politics.misc,talk.politics.guns,rec.motorcycles,actually teh means registered driver diplomatic means damn roads god protection state department issues plates personnel work haven granted restricted parking street plates allow use parking areas restricted lots national state dept lot crap
2633,4990,5,drive card scsi disk dos windows,0.256,0.709,2,car new bike price sale cars,misc.forsale,comp.sys.ibm.pc.hardware,misc.forsale,recording tape tape used carefully stored include tape band tape bulk knowledge history tape know available request toronto sells new tax canadian like include postage brett long standard
2634,6671,15,don just like know think good,0.256,0.685,7,time use used number point different,comp.os.ms-windows.misc,rec.motorcycles,rec.autos,stuff deleted value aside ought able buy copies software campus bookstore software distributor rates aware educational version word excel way
2635,1944,14,gun law guns government people state,0.256,0.607,18,god jesus church bible christ christian,talk.religion.misc,talk.politics.guns,soc.religion.christian,james writes group killed fulfill interpretation prophecy book suite paradise taking innocent kids ride hardly think feds motivated persecution koresh surrender quietly authorities firing shot american people feds hot seat god told play tough guy great strength appreciate
2636,3842,7,time use used number point different,0.256,0.658,15,don just like know think good,comp.sys.mac.hardware,rec.autos,rec.motorcycles,bunch got computer engineering degree spent years writing software people actually use salary incorrect received job offers jobs actually used hardware experience year lower advice decide classes projects pick major allows
2637,486,7,time use used number point different,0.255,0.691,16,people god does believe evidence say,talk.politics.misc,rec.autos,alt.atheism,true man did invent need food man did invent property laws laws think property generated does grow automatically trees wish produce say generated god goddess say result billions tons case property speaks millions years follows fact mother nature does provide automatically needs did stop mother natur
2638,9291,9,edu com mail information send list,0.255,0.674,15,don just like know think good,sci.crypt,comp.sys.mac.hardware,rec.motorcycles,case paranoia time tried walk famous field far away athens field huge antenna farm probably greek installation agree mail stefan institute internet university phone pgp public key available request
2639,1236,15,don just like know think good,0.255,0.591,8,president government people said program money,sci.crypt,rec.motorcycles,talk.politics.misc,final stages denial hardly imagine result clinton administration actually supported plan instead merely obviously doing don believe chip originated clinton administration clinton administration brought major parties consider excellent reasons limiting freedoms violating privacy feel doing favor real
2640,2388,8,president government people said program money,0.255,0.713,15,don just like know think good,comp.graphics,talk.politics.misc,rec.motorcycles,magazine published pictures months ago computer program public stations nation spent minutes shown impressive real time john
2641,4409,16,people god does believe evidence say,0.255,0.693,15,don just like know think good,sci.space,alt.atheism,rec.motorcycles,remind said known quotation sitting rocket awaiting answer question thinking said approximately half million components work perfectly supplied lowest correction quote appreciated
2642,2313,9,edu com mail information send list,0.254,0.679,15,don just like know think good,soc.religion.christian,comp.sys.mac.hardware,rec.motorcycles,yes paul saying angry sin let sun ephesians obviously angry jon jon mac mot com motorola cellular advanced products division voice data
2643,3234,16,people god does believe evidence say,0.254,0.618,15,don just like know think good,soc.religion.christian,alt.atheism,rec.motorcycles,good point true false predictions dangerous warned scripture false case issues let report reason believing did impression asserting way consider response response posting response topic example appearances mary things predicted conversion russia atheism happened year later revolution predicted secon
2644,1341,10,said people went didn came told,0.253,0.656,2,car new bike price sale cars,misc.forsale,talk.religion.misc,misc.forsale,large bedroom rent june aug row house near jhu smokers share house law students professional student wanted bath large kitchen summer washer beautiful details rent utilities located bus lines
2645,3526,7,time use used number point different,0.253,0.607,15,don just like know think good,comp.os.ms-windows.misc,rec.autos,rec.motorcycles,magazine january review personal finance management did computing january world december articles managing money email copies articles library using managing money years friends use used overall impression financial accounts manager managing money help completely manage features believe managing mon
2646,6676,1,space nasa launch earth satellite shuttle,0.253,0.600,17,power use water ground wire used,sci.space,sci.space,sci.electronics,assuming solar solar dynamic power turbo doesn problem air drag higher efficiency non trivial win big solar plants low altitude replace rest electronics fairly unless invest substantial amounts mass shielding references proposed far know negotiated signed
2647,6027,15,don just like know think good,0.252,0.715,17,power use water ground wire used,rec.autos,rec.motorcycles,sci.electronics,article research nec com come don hear mobile air conditioning society macs people stand automobile mounted organized campaign existence ban altogether technical grounds best outright lies worst saying wrong know exist sounds lot like carbs oil companies getting sounds crazy true best currently comm
2648,7846,13,team game year games play season,0.252,0.614,14,gun law guns government people state,talk.politics.guns,rec.sport.hockey,talk.politics.guns,newspaper censorship san independent san san jose mercury news evans ave park san san san jose hmmm carries west national shooting club supply big ads sell guns don adds like shotgun news won run current adds swear cancel subscription end cash
2649,8990,15,don just like know think good,0.252,0.588,16,people god does believe evidence say,soc.religion.christian,rec.motorcycles,alt.atheism,deleted following article order discuss specific issue acceptable divorce thought implications scary generation families broken men decided okay leave wives children younger attractive woman accept legitimate jane accept decision divorce deep committed relationship marriage state mutual journey life
2650,8860,17,power use water ground wire used,0.252,0.658,15,don just like know think good,sci.electronics,sci.electronics,rec.motorcycles,inner city called lite trade allows police ambulance vehicles gain right way controlling traffic lights radio signals receivers look like include whip antenna foot tall light let traffic know emergency vehicle taken control approaching local says invented don know company installations operation yea
2651,3742,7,time use used number point different,0.252,0.666,15,don just like know think good,sci.med,rec.autos,rec.motorcycles,does anybody know information regarding total quality management quality control quality assurance delivery health care service appreciate information post responses thank president
2652,7737,8,president government people said program money,0.251,0.669,15,don just like know think good,talk.politics.misc,talk.politics.misc,rec.motorcycles,william cornell edu said response dave william reason country stands years uses military force young men fight causes don believe strongly volunteer military service support fact country standing good news
2653,9704,16,people god does believe evidence say,0.250,0.640,15,don just like know think good,sci.space,alt.atheism,rec.motorcycles,assume guessed assumed energy event law law incorrect assume unknown material dark matter gamma ray possible actually seeing events happening closer distribution caused characteristic distance gamma rays shorter disk galaxy just idle jim work email dayton com elvis home email desire wright edu dead
2654,7166,7,time use used number point different,0.250,0.574,18,god jesus church bible christ christian,soc.religion.christian,rec.autos,soc.religion.christian,time time reference book called book written alexander mid mystery religion flight history unable time read dry references interested purchasing copy book store order ship good book just reference titles mystery religions purpose want subject comes highly recommended just note brothers sisters test 
2655,4141,17,power use water ground wire used,0.250,0.662,7,time use used number point different,sci.electronics,sci.electronics,rec.autos,ones seen tubes maybe small tube hand held blue lights ultra definition goes blue end spectrum people radio spectrum rays cosmic rays possibly light fringe people false eye lenses easily lenses people use things near blue probably work worked lecture basic atomic physics fits electron quantum stuff
2656,4002,7,time use used number point different,0.249,0.713,6,window server motif widget use application,comp.os.ms-windows.misc,rec.autos,comp.windows.x,tried installing software dubious simple ways change screen designed pirates charles
2657,2891,1,space nasa launch earth satellite shuttle,0.249,0.735,7,time use used number point different,sci.med,sci.space,rec.autos,just project performance wealth data particle size output going use contract week output data easy present little diameter straightforward therapy say smaller say small effective topic current status cheers pete pete phillips deputy director surgical materials testing lab general hospital wales pete
2658,3640,15,don just like know think good,0.249,0.724,18,god jesus church bible christ christian,talk.politics.guns,rec.motorcycles,soc.religion.christian,davidians year old seventh day information looking
2659,8625,1,space nasa launch earth satellite shuttle,0.249,0.650,13,team game year games play season,rec.sport.baseball,sci.space,rec.sport.hockey,fact lot high scoring games don think expansion teams directly affect scott day oasys navy mil division naval surface warfare center code bethesda maryland point remember government gives away john coleman
2660,5050,2,car new bike price sale cars,0.249,0.642,15,don just like know think good,sci.electronics,misc.forsale,rec.motorcycles,claim radio information city cable channel areas shows information map travel times believe major covered computer generated map shows green yellow red flashing red respectively incident little speeds memory look display morning really want fight traffic pass work home little wait clear poster expla
2661,7014,17,power use water ground wire used,0.248,0.644,15,don just like know think good,rec.autos,sci.electronics,rec.motorcycles,toyota rear window switch sticky yesterday tough key work happened stick direction motor powered night killing battery like try lock switch lock email thanx ken don drink american corporate support local micro
2662,9765,16,people god does believe evidence say,0.248,0.615,15,don just like know think good,talk.politics.misc,alt.atheism,rec.motorcycles,sorry friend really does justify war drugs demonstrates war miserable failure demonstrates people drugs want legal friend taking legal regulated drugs doctors position dale cook town having churches bars social problem edward opinions employer
2663,2993,19,file entry output program section char,0.247,0.560,5,drive card scsi disk dos windows,comp.graphics,rec.sport.baseball,comp.sys.ibm.pc.hardware,kind soul mailed reply bugs cview isn position post asked post leave comes cview quite number bugs mention annoying dangerous far determine temp files cview creates cview gives user control places temp files just places current directory problem mention occurs far tell runs disk space temp files cvi
2664,2327,11,image software available ftp files graphics,0.247,0.607,1,space nasa launch earth satellite shuttle,sci.space,comp.graphics,sci.space,looking information space program includes nasa history like know suggest books ftp sites interested space program
2665,1761,7,time use used number point different,0.247,0.679,15,don just like know think good,comp.windows.x,rec.autos,rec.motorcycles,got comp windows agree track funny skip articles threads couldn resist reading beliefs opinions expressions strictly represent reflect official policies attitudes person organization heard ford motor company bias engineers away computer science reasoning supposedly better meet long range personnel r
2666,6551,14,gun law guns government people state,0.247,0.592,15,don just like know think good,talk.politics.guns,talk.politics.guns,rec.motorcycles,comments atf handling case attempting storm compound broad explanation given point thought cult members religious services comment bit going operate military unit better understand basic military tactics cardinal rule fool plans operation assumption incorrect operation fail told atf got agents kille
2667,7726,8,president government people said program money,0.247,0.720,15,don just like know think good,talk.politics.misc,talk.politics.misc,rec.motorcycles,second clone tissue sample said wife run pro business party free trade did times boot gld
2668,10024,7,time use used number point different,0.246,0.644,9,edu com mail information send list,comp.windows.x,rec.autos,comp.sys.mac.hardware,incorrect sun claim regarding manager engineering group state authority work continuing quite strong user community week solaris developer conference advocated valuable future builder tool important bit transition technology help sustain current customers facilitate desktop environment specific ques
2669,7679,7,time use used number point different,0.246,0.685,15,don just like know think good,sci.electronics,rec.autos,rec.motorcycles,doing research suggestion psychology paper read researcher hidden messages screen second possible thought maximum rate capable displaying images second second image composed odd scan lines
2670,4834,2,car new bike price sale cars,0.246,0.722,15,don just like know think good,rec.autos,misc.forsale,rec.motorcycles,depending plan use recommend pickup shotgun magazines car consider recently chips considering used robust station probably bad approach applications demanding pick information sources vehicles short list explorer recommend closely based robust pickup explorer don know
2671,6829,1,space nasa launch earth satellite shuttle,0.246,0.747,15,don just like know think good,sci.space,sci.space,rec.motorcycles,lot models theme music concepts showed space
2672,3750,9,edu com mail information send list,0.246,0.632,15,don just like know think good,talk.religion.misc,comp.sys.mac.hardware,rec.motorcycles,watson ibm com larry anthony com rape passed away true forcing remain pregnant continues violation body months cruel life violation cruel killing living solely friend right cold anthony slmr difference orange
2673,8271,9,edu com mail information send list,0.245,0.634,18,god jesus church bible christ christian,soc.religion.christian,comp.sys.mac.hardware,soc.religion.christian,interesting brief selections posted net understanding does consider legitimately really point does roman catholic church say real apart formal provided canon law orthodox don catholic church considers inappropriate group charter sure let know larry shell com lawrence shell oil company information ce
2674,6697,7,time use used number point different,0.244,0.693,1,space nasa launch earth satellite shuttle,sci.electronics,rec.autos,sci.space,nasa related agencies apparently used principles create reported reproduced sound used analog controlled valve control flow air horn throat remember correctly called air blast reports thing able produce mile distance communicate directly pilots regards gordon
2675,704,15,don just like know think good,0.244,0.640,12,key encryption chip clipper keys privacy,sci.crypt,rec.motorcycles,sci.crypt,don credible argument reasons supplied unless care entering usa time future btw known custom silicon reproduce high profit arcade machines like wouldn care going care people like real does care travelling various countries business reasons sit follow laws like contend main threat grave doubts widely
2676,1024,14,gun law guns government people state,0.243,0.690,15,don just like know think good,talk.politics.guns,talk.politics.guns,rec.motorcycles,quoted gnv ufl edu jrm gnv ufl edu don know modern automatic weapons just anybody basic manufacturing skill turn high quality couple high school shop teachers recently arrested building school shop suggest library copy world entire premise based non factual assumptions
2677,5512,8,president government people said program money,0.242,0.667,7,time use used number point different,sci.electronics,talk.politics.misc,rec.autos,object cooling tower distribute cooling water large areas decrease farm non rendering land effect deficit reduction program provide low variety industrial processes know
2678,4672,4,health medical disease use patients food,0.241,0.766,15,don just like know think good,rec.motorcycles,sci.med,rec.motorcycles,skin stick frozen bed pan apple drawn lab
2679,10064,15,don just like know think good,0.241,0.642,14,gun law guns government people state,talk.politics.guns,rec.motorcycles,talk.politics.guns,really depends draw line defining weapons intend law modern practice months centuries road little hint pile field road usa weapon mass destruction biological nature gets washed open supply thousands cities drinking water draw line usa ruled pile iron illegal care draw line time
2680,8067,5,drive card scsi disk dos windows,0.241,0.661,11,image software available ftp files graphics,comp.graphics,comp.sys.ibm.pc.hardware,comp.graphics,help friend class project trying make computer animated movie sorts animation like vcr possible easy relatively cheap ibm compatibles relatively computers help thanx cosmic physical
2681,8234,7,time use used number point different,0.240,0.595,9,edu com mail information send list,sci.med,rec.autos,comp.sys.mac.hardware,case report published send interested paper sort tour horizon written published resident edition surgery vol october surgical resident newsletter section won regular issue don paper accepted publication today sure coming describing experience date liver living related confess total ignorance literat
2682,4085,7,time use used number point different,0.240,0.588,6,window server motif widget use application,comp.windows.x,rec.autos,comp.windows.x,let point gui based word processors text based language happens mouse action based symbol based true point fact abstract model gui users doing actually doing abstract model apparent programmer users aside work hand start thinking like programmer saying programmer perspective evil saying designers ca
2683,2436,14,gun law guns government people state,0.240,0.556,8,president government people said program money,talk.politics.misc,talk.politics.guns,talk.politics.misc,appealing popular principles question constitution written appeal principles appear believe written mind propoganda supporters let honest time brought valid points arguments simply know really means obviously using arguments designed convince true false said earth did make point calling argument que
2684,7969,9,edu com mail information send list,0.240,0.673,11,image software available ftp files graphics,comp.sys.mac.hardware,comp.sys.mac.hardware,comp.graphics,mind just recently purchased gcc elite really like needs addition wanted access appletalk eliminated new line inexpensive printers apple print quality good excellent based font using paper use different papers medium grade laser printer paper work fine printing envelopes letter head single feed jobs
2685,8757,14,gun law guns government people state,0.240,0.658,15,don just like know think good,talk.politics.misc,talk.politics.guns,rec.motorcycles,ridicule intelligence people learn spell errors read alt politics libertarian allegedly superior ideas writing
2686,8909,0,israel turkish armenian jews war israeli,0.239,0.693,18,god jesus church bible christ christian,talk.politics.guns,talk.politics.mideast,soc.religion.christian,saying indians christians did army church news indians great lakes upper mississippi mexico south america converted thing saying indians incapable coming decision religion forced christian given boot government civil war nation gave mild support owned black slaves reducing matter religion support na
2687,1716,5,drive card scsi disk dos windows,0.239,0.614,9,edu com mail information send list,misc.forsale,comp.sys.ibm.pc.hardware,comp.sys.mac.hardware,impression net does allow companies use net directly advertise products addition product mailing list used generating junk mail correct assuming use
2688,6945,15,don just like know think good,0.239,0.660,11,image software available ftp files graphics,comp.windows.x,rec.motorcycles,comp.graphics,product called set real time extensions window currently supported series series graphics accelerator need want info let know sam black remove absurdity human existence isn left black com computer corporation
2689,7195,17,power use water ground wire used,0.239,0.690,2,car new bike price sale cars,rec.motorcycles,sci.electronics,misc.forsale,anti freeze wrong issue street pile february issue page anti freeze makes great party mixer neo oil company reputation developing protect extend life things latest development probably radiator available miles testing boiling point degrees higher conventional helps allows use smaller race cars damag
2690,146,15,don just like know think good,0.239,0.568,16,people god does believe evidence say,soc.religion.christian,rec.motorcycles,alt.atheism,classic references area liberal evangelical perspective straight evangelical view want look non christian sources try views non christian explore technology going regardless technology careful separate issues related speed technology far letter went quickly got message passed technology totally wron
2691,8045,17,power use water ground wire used,0.238,0.691,6,window server motif widget use application,comp.windows.x,sci.electronics,comp.windows.x,program produces continuous tone calling repeatedly interval equal duration bell run display server tone program convenient way preventing server bell buffer program exits disclaimer note personal view official comment jet project
2692,3672,4,health medical disease use patients food,0.237,0.739,15,don just like know think good,misc.forsale,sci.med,rec.motorcycles,gotta pay eating mere passing comparison act cash delivery berkeley leave number arrange feast offer soon soon soon believe act
2693,3329,15,don just like know think good,0.237,0.679,11,image software available ftp files graphics,misc.forsale,rec.motorcycles,comp.graphics,wanted digital camera interested makes familiar need composite output approx pictures disk capability sale know cheap place order leave email edu
2694,8361,8,president government people said program money,0.237,0.703,1,space nasa launch earth satellite shuttle,sci.space,talk.politics.misc,sci.space,apollo program cost like billion time value dollar worth offer
2695,5022,9,edu com mail information send list,0.235,0.652,15,don just like know think good,sci.crypt,comp.sys.mac.hardware,rec.motorcycles,don ftp live canada means citizen send program wishes restrict europe ported rsa rsa non ftp news feed
2696,5009,11,image software available ftp files graphics,0.235,0.757,9,edu com mail information send list,comp.sys.mac.hardware,comp.graphics,comp.sys.mac.hardware,member local bbs frequent looking mac oriented based chicago leads appreciated
2697,3625,15,don just like know think good,0.234,0.677,4,health medical disease use patients food,sci.med,rec.motorcycles,sci.med,cells normally exist outside causes problems doesn generally need remove pockets unless causing problems lady know caused deal pain lady know wall having removed american society information probably maintain list physicians parts continent deal reach american society ave south suite alabama
2698,5096,15,don just like know think good,0.233,0.704,9,edu com mail information send list,misc.forsale,rec.motorcycles,comp.sys.mac.hardware,boston cambridge specifically working summer need place stay room sort appreciate mail year old white male flexible adapt smoking non smoking environment access nice car need parking space need late early june end july responses welcome
2699,7427,0,israel turkish armenian jews war israeli,0.232,0.708,15,don just like know think good,rec.sport.hockey,talk.politics.mideast,rec.motorcycles,don americans study history french settled north america early british lemieux probably trace north american heritage lot
2700,3392,10,said people went didn came told,0.232,0.682,15,don just like know think good,comp.sys.ibm.pc.hardware,talk.religion.misc,rec.motorcycles,friend called phone told cnn saw report ruling prohibiting amd selling clones thrown making legal amd ship verify
2701,7689,9,edu com mail information send list,0.232,0.689,7,time use used number point different,rec.autos,comp.sys.mac.hardware,rec.autos,single data point draw line want professor texas dept computer science pastor late model father demonstrated falling door seals problem
2702,414,8,president government people said program money,0.230,0.724,15,don just like know think good,sci.space,talk.politics.misc,rec.motorcycles,sure using oil hydrogen electric economy likely cleaner efficient long run laws supply demand transition underway reach critical stage
2703,2999,15,don just like know think good,0.230,0.629,13,team game year games play season,rec.sport.baseball,rec.motorcycles,rec.sport.hockey,doubt koufax jewish hank good players buddy johnny norm larry ken jewish major years ago article keeps track spy magazine article entitled jews course books subject
2704,6138,8,president government people said program money,0.230,0.577,14,gun law guns government people state,talk.politics.guns,talk.politics.misc,talk.politics.guns,press release white house president clinton remarks waco national desk contact white house office press secretary washington april following remarks president clinton question answer session press edt president february federal agents killed line duty trying enforce law branch davidian compound ille
2705,3804,1,space nasa launch earth satellite shuttle,0.230,0.737,2,car new bike price sale cars,sci.space,sci.space,misc.forsale,apollo trained area arizona museum space shop caution ease compared visit worth
2706,9515,2,car new bike price sale cars,0.229,0.693,15,don just like know think good,comp.os.ms-windows.misc,misc.forsale,rec.motorcycles,cut pre ala ers ndw lot acs sig mlb iii las rec bnc tom mps hot iff pim mds mat red isa mem heh pcx lud heh way cut
2707,4968,17,power use water ground wire used,0.228,0.716,15,don just like know think good,sci.space,sci.electronics,rec.motorcycles,new york times just wrote negotiated russians high temperature gas using weapons grade fuel safety sufficiently products make remaining hazardous deter use apparently project led general san diego funding government pilot plant built operated russians
2708,7461,0,israel turkish armenian jews war israeli,0.228,0.709,15,don just like know think good,rec.sport.hockey,talk.politics.mideast,rec.motorcycles,german satellite channels world championship action munich tell able root red machine thank
2709,5967,17,power use water ground wire used,0.228,0.632,1,space nasa launch earth satellite shuttle,sci.space,sci.electronics,sci.space,okay lets record straight gas gun project manager john hunter works laser group ask does gas guns really gun physically located road free electron laser building building heavily shielded control room walls gun controlled suspect office works administrative convenience visited hunter beginning feb g
2710,8945,15,don just like know think good,0.227,0.681,1,space nasa launch earth satellite shuttle,sci.space,rec.motorcycles,sci.space,okay far group size small send human moon set human spend earth year moon does mean need prize money contest open different classes participants new mexico state semi challenged university alaska branch team university college institute higher learning wish make counter challenge challenge school sa
2711,3490,15,don just like know think good,0.227,0.658,1,space nasa launch earth satellite shuttle,sci.crypt,rec.motorcycles,sci.space,fuck nasa doing wasting tax dollars doing policy papers stuff far outside mission second isn problem economics problem incremental police state powers government exactly price loss freedom society maybe use dollars life lost calculations extra people killed gov pain suffering cases tortured dollars 
2712,4162,15,don just like know think good,0.222,0.740,0,israel turkish armenian jews war israeli,talk.politics.mideast,rec.motorcycles,talk.politics.mideast,read concrete proposals concerning creation palestinian police force talk stage does knows details idea does fit differing listed
2713,4635,9,edu com mail information send list,0.222,0.658,15,don just like know think good,rec.autos,comp.sys.mac.hardware,rec.motorcycles,warren brown washington post auto writer journalist hands new like impressions review appeared friday paper weekend section traditional auto writer enjoy
2714,1589,2,car new bike price sale cars,0.221,0.657,14,gun law guns government people state,rec.motorcycles,misc.forsale,talk.politics.guns,know law books proposed motorcycles place want private places ban bikes example famous mile drive stayed motorcycles allowed sign entrance public places ama ask jim legislative office public places bring court reverse ban bikes includes public parks cities probably books speak good reason legislativ
2715,2059,7,time use used number point different,0.221,0.670,15,don just like know think good,sci.electronics,rec.autos,rec.motorcycles,sells special used drill boards looking sizes smaller good best deal saw electronics cambridge mass quite close mit box boston book actually think phone number probably mit sunday mike
2716,1192,7,time use used number point different,0.220,0.681,12,key encryption chip clipper keys privacy,sci.crypt,rec.autos,sci.crypt,excellent idea don know scope activities eff little seen think better lobby strong cryptography distinct organization eff associated efforts prevent banning sex pictures newsgroups various universities horror stories contents groups pictures possibly models press white house bulletin raised drug dea
2717,9733,13,team game year games play season,0.220,0.727,15,don just like know think good,rec.sport.baseball,rec.sport.hockey,rec.motorcycles,think grand result new fan club week appeared older women
2718,1611,7,time use used number point different,0.219,0.628,14,gun law guns government people state,talk.politics.guns,rec.autos,talk.politics.guns,having read posted long article observations article does claim translation nazi law says place book talking compare things section section implication sentence talk book reproduce german text nazi law translation surprisingly reader easily things single idea american literal translation nazi law su
2719,7841,13,team game year games play season,0.218,0.700,15,don just like know think good,misc.forsale,rec.sport.hockey,rec.motorcycles,base unit works like new controller adapter antenna games courage victory run fantasy zone military battle royal axe bloody wolf sell games
2720,7250,7,time use used number point different,0.218,0.689,13,team game year games play season,rec.sport.hockey,rec.autos,rec.sport.hockey,article toronto papers months ago probably globe mail ethical journalist sports journalist accept free team case points article making sports reporting ethical standards
2721,1272,7,time use used number point different,0.216,0.686,15,don just like know think good,talk.politics.guns,rec.autos,rec.motorcycles,power word processor stamp work fact state rep generally lives miles doesn hurt
2722,3117,11,image software available ftp files graphics,0.216,0.680,5,drive card scsi disk dos windows,sci.electronics,comp.graphics,comp.sys.ibm.pc.hardware,mac burned looks like voltage number believe thomas judging teh logo printed package teh spec greatly appreciate email import info replacement thanx advance dave northeastern edu
2723,8161,10,said people went didn came told,0.215,0.641,15,don just like know think good,sci.med,talk.religion.misc,rec.motorcycles,reply edu derek know patient severely depressed tried kill bullet temple essentially gave depression
2724,3947,7,time use used number point different,0.214,0.687,15,don just like know think good,sci.space,rec.autos,rec.motorcycles,ideas bit odd wall wright quite common wall wright brothers number flew models wind short quite mainstream regarded odd community suggest read bishop boys harry gates remember guy owned print easily bishop boys trade paperback better multi volume set writings print rare expensive
2725,801,11,image software available ftp files graphics,0.213,0.706,15,don just like know think good,comp.sys.mac.hardware,comp.graphics,rec.motorcycles,just using work quality print beating dpi printers hands australia price comparable iii series trying people buy new
2726,2011,9,edu com mail information send list,0.211,0.718,5,drive card scsi disk dos windows,misc.forsale,comp.sys.mac.hardware,comp.sys.ibm.pc.hardware,sale digital electronic ram hold names phone numbers big line display year visible calendar schedule function bank telephone number address storage calculator compact design fits pocket
2727,57,2,car new bike price sale cars,0.211,0.754,15,don just like know think good,rec.autos,misc.forsale,rec.motorcycles,ford automobile need information ford partially responsible car accidents ozone layer additional information greatly appreciated thanks fault thank god louis innocent guy otto feel guilty
2728,4193,19,file entry output program section char,0.210,0.721,14,gun law guns government people state,sci.crypt,rec.sport.baseball,talk.politics.guns,res org rob separate locations gain credibility seized compelled decrypt simply explain amateur playing time pads file pad second xor files sure pops copy war peace judging recent history point drop original charges guilty copyright violations seize computer home financial reserves federal laws real
2729,9011,11,image software available ftp files graphics,0.210,0.689,9,edu com mail information send list,comp.os.ms-windows.misc,comp.graphics,comp.sys.mac.hardware,change continuously government organization code branch changes year just finished changing registration information using norton utilities sent original hex offset user exe containing information reply indicated got similar answers encoded way keeps changing information certainly doesn reach alter 
2730,4420,4,health medical disease use patients food,0.209,0.688,7,time use used number point different,sci.med,sci.med,rec.autos,recent postings remind read risks associated foods generated valid concern function smoke temperatures function cooking elements wood rocks wish know thanks
2731,2340,17,power use water ground wire used,0.209,0.686,5,drive card scsi disk dos windows,sci.electronics,sci.electronics,comp.sys.ibm.pc.hardware,favorite device latest catalog quoting memory big type dual deck vcr copies tape copy protected underneath small print device intended making illegal copies copyrighted material
2732,6842,14,gun law guns government people state,0.209,0.743,15,don just like know think good,alt.atheism,talk.politics.guns,rec.motorcycles,deletions people advanced science degrees use state art equipment spend millions dollars simulate require intelligence exist equipment needed really state art study products yes generate sincerely
2733,6883,10,said people went didn came told,0.208,0.771,15,don just like know think good,talk.politics.guns,talk.religion.misc,rec.motorcycles,revisionist account happened aware duke presence ticket given shy promoting white christian identity movement willis reasons leave ticket duke presence believe chip party newsletter time photo happily hands duke
2734,7688,9,edu com mail information send list,0.207,0.721,15,don just like know think good,talk.politics.guns,comp.sys.mac.hardware,rec.motorcycles,god forgive american pays taxes government atrocities like waco massacre dave netcom com
2735,1051,16,people god does believe evidence say,0.206,0.739,14,gun law guns government people state,talk.politics.guns,alt.atheism,talk.politics.guns,existence weapon true chemical weapons slightly different reasons threat living say neutron radiation radioactive boys girls
2736,2753,0,israel turkish armenian jews war israeli,0.205,0.659,16,people god does believe evidence say,talk.politics.mideast,talk.politics.mideast,alt.atheism,fault violation rules avoid posting damned right trained seals mean ones making arf arf arf arf sounds mind believe tax equivalent government funding holy shit batman government major supporters catholic church violation rules separation church state quick churches people does anti logic apply belon
2737,5439,10,said people went didn came told,0.203,0.684,15,don just like know think good,comp.sys.mac.hardware,talk.religion.misc,rec.motorcycles,mouse died determined senses click stuck depressed mode tragedy following questions easy place old switch
2738,6612,15,don just like know think good,0.194,0.731,14,gun law guns government people state,talk.politics.guns,rec.motorcycles,talk.politics.guns,posted smith neil smith weird science knows tell politician lying lips equally obvious politicians politicians phrase political science subject interpretation years ago heard scientists worried new ice age coming later nuclear winter smoke dust thrown atmosphere scale international possibility like 
2739,7719,15,don just like know think good,0.194,0.728,16,people god does believe evidence say,talk.religion.misc,rec.motorcycles,alt.atheism,lets add brought group paul high ranking development mysteries jane study greek religion cambridge press draw conclusions josh quote just bit argument
2740,6173,17,power use water ground wire used,0.192,0.692,5,drive card scsi disk dos windows,comp.graphics,sci.electronics,comp.sys.ibm.pc.hardware,ntsc signal displaying video monitor known display response tubes non linear said follow gamma law certain non gamma corrected encoding ntsc signals display supposed correct grey levels example coded program intensity levels appear linear brightness monitor words does monitor display circuitry corre
2741,6738,7,time use used number point different,0.191,0.705,2,car new bike price sale cars,sci.electronics,rec.autos,misc.forsale,live san francisco bay area word similar way apparently don sensor base folks installing cameras strategic points initial tests going santa area told video command center building east bay sure frame cheap labor used interpret data large multi colored status displays various using different colors r
2742,4484,13,team game year games play season,0.191,0.791,15,don just like know think good,comp.os.ms-windows.misc,rec.sport.hockey,rec.motorcycles,cut med met mat msf sas van ass mhz gfx bin irs cos app drv mat kid ack van lsd ers tip von mac fda doe mfm zip min min bsd box par era end cut
2743,4851,6,window server motif widget use application,0.183,0.725,9,edu com mail information send list,sci.med,comp.windows.x,comp.sys.mac.hardware,archive typing injury faq keyboards version revision date answers frequently asked questions keyboard alternatives alternative keyboard faq copyright dan berkeley edu opinions unless mentioned represent opinions organization vendor current distribution sci med sci med comp human factors news sci com
2744,9040,15,don just like know think good,0.176,0.750,2,car new bike price sale cars,sci.electronics,rec.motorcycles,misc.forsale,device max min package max material metal price device max min package max material metal price know source parts straight need tried standard said stephen buffalo fri thing stand
2745,6380,5,drive card scsi disk dos windows,0.174,0.719,17,power use water ground wire used,comp.sys.mac.hardware,comp.sys.ibm.pc.hardware,sci.electronics,trying reliable power center basically sits monitor individual control outlet people opinion work ones locate lite command console power director plus used send feedback thanks
2746,6279,19,file entry output program section char,0.165,0.837,6,window server motif widget use application,comp.os.ms-windows.misc,rec.sport.baseball,comp.windows.x,internal dos commands certainly set exit code royal pain want checks successful deletions best suggestion use does return exit codes command simon simon communications condition raised england
