rank,doc_idx,lda_cluster,lda_topwords,lda_maxtheta,lda_entropy,embed_pred_cluster,embed_topwords,true_newsgroup,lda_cluster_as_ng,embed_pred_as_ng,text
1,330,2,edu image graphics com file software,0.922,0.202,3,don just like people think know,sci.med,comp.graphics,sci.med,huge good mri sets big cost millions dollars wants reading scan gordon banks skepticism chastity intellect geb cadre dsl pitt edu shameful surrender soon
2,1019,1,year game team good games hit,0.902,0.275,3,don just like people think know,sci.space,rec.sport.baseball,sci.med,april van van van van met april van van van van van van stand van van van van half van van apart van van van van van door van experiment met van van live lunch lunch door van bank men van lunch men tel mail met opening van van van van lunch van met
3,1786,2,edu image graphics com file software,0.870,0.287,3,don just like people think know,sci.med,comp.graphics,sci.med,diet good term fits gordon banks skepticism chastity intellect geb cadre dsl pitt edu shameful surrender soon
4,564,0,space nasa launch earth data research,0.867,0.279,3,don just like people think know,sci.space,sci.space,sci.med,writer reported today washington post joseph head space station redesign health reasons selection february returned yesterday lead presentation independent white house panel presentation deputy astronaut effort redesign effort track
5,933,0,space nasa launch earth data research,0.833,0.341,3,don just like people think know,sci.med,sci.space,sci.med,cut medical newsletter page volume number april colorado source date apr number reported cases colorado increased comparison united states reported cases continued overall report analysis increase colorado disease cases reported colorado department health compared cases reported reported cases incre
6,1339,2,edu image graphics com file software,0.814,0.427,3,don just like people think know,sci.med,comp.graphics,sci.med,final votes creation newsgroup misc health mass valid votes received april gmt appears end posting check list sure vote registered read instructions carefully follow precisely certain place proper vote instructions place vote creation misc health send email message yes navy mil place vote creation m
7,492,3,don just like people think know,0.811,0.418,1,year game team good games hit,rec.sport.baseball,sci.med,rec.sport.baseball,think just wanted work tigers days day day
8,2054,3,don just like people think know,0.807,0.373,0,space nasa launch earth data research,sci.space,sci.med,sci.space,thought emergency conditions sts good size orbiter just need don know need pat
9,654,4,gun guns file law people firearms,0.807,0.347,3,don just like people think know,talk.politics.guns,talk.politics.guns,sci.med,don sign blank doug says weapons mass means brady says weapons mass means street shotguns semi automatic rifles john lawrence says weapons mass immediately follows does mean term
10,2419,0,space nasa launch earth data research,0.798,0.373,3,don just like people think know,sci.space,sci.space,sci.med,let aren sense amateur rockets term rockets engines user rockets called high power rockets distinguish smaller model rockets use plastic engines engines impulse engine example newton seconds impulse engine letter maximum impulse far engines size available pretty shelf engines size class controlled e
11,2431,0,space nasa launch earth data research,0.792,0.451,3,don just like people think know,sci.med,sci.space,sci.med,cut university arizona arizona suggested reading rates information physicians resource line medical newsletter page volume number april articles low levels attacks american association new study published american association shown low send people emergency treatment seattle based study showed rough
12,804,2,edu image graphics com file software,0.790,0.334,3,don just like people think know,sci.med,comp.graphics,sci.med,archive typing injury faq software version december faq actually richard post faq stuff questions want send mail richard dan software tools help file describes tools primarily software help prevent version includes information tools programs digital let know know tools information opinions ones upda
13,283,3,don just like people think know,0.787,0.454,1,year game team good games hit,comp.graphics,sci.med,rec.sport.baseball,think mixed pascal wouldn complain steve
14,1858,0,space nasa launch earth data research,0.771,0.410,3,don just like people think know,sci.space,sci.space,sci.med,understanding start occur growing distance pluto sun orbit effects pluto vice george
15,1884,4,gun guns file law people firearms,0.766,0.468,3,don just like people think know,talk.politics.guns,talk.politics.guns,sci.med,member nra years recently hci wanted paid minimum membership sent nra
16,1326,3,don just like people think know,0.766,0.388,4,gun guns file law people firearms,talk.politics.guns,sci.med,talk.politics.guns,near future federal come arms help dangerous thinking criminal fault amendment dead accept way know ways just need things country people need replace guns deadly make like water easier guns really old design long design better sure come real nasty stuff tried getting rid guns moving track really wan
17,559,0,space nasa launch earth data research,0.765,0.489,4,gun guns file law people firearms,sci.med,sci.space,talk.politics.guns,press release natural resources defense council new data major water milwaukee type disease national desk environment writer contact olson natural resources defense council washington april internal data released today natural resources defense council large water systems cities boston san francisco
18,1915,2,edu image graphics com file software,0.764,0.476,3,don just like people think know,comp.graphics,comp.graphics,sci.med,impulse shipping imagine close amiga imagine terms features
19,2520,2,edu image graphics com file software,0.748,0.459,3,don just like people think know,comp.graphics,comp.graphics,sci.med,netters currently doing investigations surface familiar topic information sources allow surface thanks help
20,2089,2,edu image graphics com file software,0.744,0.495,3,don just like people think know,comp.graphics,comp.graphics,sci.med,built motif machine works fine added objects used flying easy cool brian
21,1628,0,space nasa launch earth data research,0.738,0.547,2,edu image graphics com file software,sci.med,sci.space,comp.graphics,europe proceedings european congress sci
22,2091,2,edu image graphics com file software,0.735,0.380,0,space nasa launch earth data research,comp.graphics,comp.graphics,sci.space,user state art image processing analysis package runs spectrum high performance computer platforms operating unix window created meet daily research needs scientists investigations using satellite data remote sensing techniques graphic interface features interactive interface pop point makes image p
23,2395,2,edu image graphics com file software,0.734,0.527,0,space nasa launch earth data research,sci.space,comp.graphics,sci.space,like space engineering educational arizona area mail responses appreciated mail feed try addresses
24,421,3,don just like people think know,0.733,0.415,0,space nasa launch earth data research,sci.space,sci.med,sci.space,somebody mentioned mission meaning weight tight margin mission haven heard hint needed said small liquid module let make cheaper mass shuttle nasty products people gone efforts clean certainly aren going
25,499,0,space nasa launch earth data research,0.731,0.539,3,don just like people think know,sci.med,sci.space,sci.med,cut volume number april health info com network medical newsletter editor david north street suite arizona usa telephone fax copyright david rights license granted electronic media fees charged long text copyright notice license attached portion health info com network newsletter distributed article
26,2588,3,don just like people think know,0.731,0.522,2,edu image graphics com file software,rec.sport.baseball,sci.med,comp.graphics,just sig bob hey kids pictures dead parents mail
27,2569,4,gun guns file law people firearms,0.727,0.595,3,don just like people think know,talk.politics.guns,talk.politics.guns,sci.med,predict outcome study went wrong federal assault waco result future assaults type conducted scale military operations shoot kill dave netcom com
28,1047,3,don just like people think know,0.717,0.437,0,space nasa launch earth data research,sci.space,sci.med,sci.space,assuming won moon base unless makes profit actually does gives larger leads able spend money military including wow space stuff assuming paying able hardly think couple significant activity moon
29,2592,3,don just like people think know,0.715,0.483,4,gun guns file law people firearms,talk.politics.guns,sci.med,talk.politics.guns,really stupid rules late century quite different today posted current rules don make look like things late hundreds original constitution militia arms simply currently german special significance words simply special emphasis pete com
30,1814,2,edu image graphics com file software,0.712,0.418,3,don just like people think know,sci.med,comp.graphics,sci.med,provide reference lost weight does weight starting weight oral researchers gordon banks skepticism chastity intellect geb cadre dsl pitt edu shameful surrender soon
31,2208,4,gun guns file law people firearms,0.708,0.457,3,don just like people think know,talk.politics.guns,talk.politics.guns,sci.med,briefing documents raid similar local property sold prior raid recent coverage believed county came conclusion report released office bad old man nearly blind didn drug
32,92,0,space nasa launch earth data research,0.706,0.463,2,edu image graphics com file software,comp.graphics,sci.space,comp.graphics,job opportunity systems engineering research institute institute science technology looking following position need end june interested send cad lab floor systems engineering research institute institute science technology company systems engineering research institute title senior research scientis
33,871,1,year game team good games hit,0.702,0.529,3,don just like people think know,rec.sport.baseball,rec.sport.baseball,sci.med,watch shouldn watch maybe watch suck watch
34,378,4,gun guns file law people firearms,0.701,0.591,3,don just like people think know,talk.politics.guns,talk.politics.guns,sci.med,line believe gun control gun
35,1584,3,don just like people think know,0.701,0.503,4,gun guns file law people firearms,sci.med,sci.med,talk.politics.guns,don just write tell firing think sending copy letter charge clinic works maybe don letter don victim just control make feel great
36,976,3,don just like people think know,0.695,0.583,1,year game team good games hit,rec.sport.baseball,sci.med,rec.sport.baseball,hate bad news think time phillies usually play eastern time time usually eastern time mountain time pacific time times given mountain time starts check map case wrong certain mountain time thanks listening
37,955,3,don just like people think know,0.694,0.565,2,edu image graphics com file software,sci.space,sci.med,comp.graphics,want fun plug basic use auto functions produce bar based hours day light
38,840,3,don just like people think know,0.693,0.433,4,gun guns file law people firearms,talk.politics.guns,sci.med,talk.politics.guns,steve nice don quite understand think firearms wearing nra isn straight state sad people won accept responsibility defend laugh expect government protect friends sound like bunch guess waiting knowing solve problems let know answers lines case thing actually americans like wouldn matter did wouldn a
39,131,0,space nasa launch earth data research,0.693,0.487,3,don just like people think know,sci.space,sci.space,sci.med,reference limits guns launching solid rockets payloads provided data solid motor high solid motor usually substantial percentage example space shuttle percent technique use structure structure looks like set suspect process used form words bunch forms strong network effectively directions remaining 
40,187,0,space nasa launch earth data research,0.690,0.542,2,edu image graphics com file software,sci.space,sci.space,comp.graphics,received copies soviet space space station mir handbook aerospace problem getting ready fax material include
41,838,3,don just like people think know,0.680,0.429,2,edu image graphics com file software,comp.graphics,sci.med,comp.graphics,sure got information looking post general public load image root window add line end file assuming course think pretty explain going leave terminal till kill knew hope helps
42,65,3,don just like people think know,0.678,0.483,4,gun guns file law people firearms,talk.politics.guns,sci.med,talk.politics.guns,surrender arms soon officers collect resistance useless don tell right absolutely nearly fell chair wonderful mike
43,1068,4,gun guns file law people firearms,0.677,0.448,3,don just like people think know,talk.politics.guns,talk.politics.guns,sci.med,actually won tell add number murders drug self end number larger number self defense committed btw didn honestly count let try claim comparison costs self defense benefits wrong comparison doesn measure costs self defense doesn measure benefits example goal kill relationship stop number number isn e
44,1143,4,gun guns file law people firearms,0.675,0.444,3,don just like people think know,talk.politics.guns,talk.politics.guns,sci.med,didn bother writing terrible represent instead wrote letter exactly strongly simply stated batf approach military style assault firing house knew kids forwarded letter batf responded directly follows text reply pretty closely intend send letter directly return section letter received parts atf loss 
45,961,3,don just like people think know,0.675,0.590,1,year game team good games hit,comp.graphics,sci.med,rec.sport.baseball,soon got date andy andrew odd
46,943,2,edu image graphics com file software,0.673,0.440,3,don just like people think know,sci.med,comp.graphics,sci.med,likely sounds like arm need medical attention doing weight gordon banks skepticism chastity intellect geb cadre dsl pitt edu shameful surrender soon
47,2384,0,space nasa launch earth data research,0.669,0.469,3,don just like people think know,sci.space,sci.space,sci.med,raw materials cost getting space cost effective entire world economy long space built allen
48,1075,4,gun guns file law people firearms,0.667,0.470,3,don just like people think know,talk.politics.guns,talk.politics.guns,sci.med,south american countries political disappeared family notice death body apparently think good idea federal government action koresh followers days engaged psychological used heavy military equipment citizens compound caught gas holes building responsibility big brother right
49,2505,1,year game team good games hit,0.665,0.621,3,don just like people think know,rec.sport.baseball,rec.sport.baseball,sci.med,subject let forget designed mets stadium think box seats oriented right angles baseball parallel football course gone truly good football stadium mets stadium seats far action mets particular stadium truly
50,811,1,year game team good games hit,0.664,0.515,3,don just like people think know,rec.sport.baseball,rec.sport.baseball,sci.med,idea care like point got plate appearance hitter walk hitter sure think got hit hitter
51,25,3,don just like people think know,0.663,0.451,4,gun guns file law people firearms,talk.politics.guns,sci.med,talk.politics.guns,pro pistol automatic weapons don realize rest laugh don make just make washington seeing consider behavior supposed learn article treat people like dogs
52,957,0,space nasa launch earth data research,0.661,0.519,3,don just like people think know,sci.space,sci.space,sci.med,sure using oil hydrogen electric economy likely efficient long run laws supply demand reach critical stage
53,2427,3,don just like people think know,0.659,0.455,2,edu image graphics com file software,comp.graphics,sci.med,comp.graphics,sources wanted read comp graphics group anybody interested glad hear somebody looking source code method read common literature think little examples help understand works common pascal hope help
54,282,1,year game team good games hit,0.659,0.507,3,don just like people think know,rec.sport.baseball,rec.sport.baseball,sci.med,think bad just wait spot yes wonder win manager believed winning saw losing
55,776,3,don just like people think know,0.658,0.444,0,space nasa launch earth data research,sci.space,sci.med,sci.space,totally forgot original post posted allen post stated addition post finally admit true come little doing working integration simply attack know course fee administration allen organization costs difference legitimate costs libraries things support program originally stated stated couple say true all
56,1126,3,don just like people think know,0.658,0.474,4,gun guns file law people firearms,talk.politics.guns,sci.med,talk.politics.guns,think legal term homicide nice brain general lack thoughts public tend agree said assume jim
57,2143,1,year game team good games hit,0.655,0.470,3,don just like people think know,rec.sport.baseball,rec.sport.baseball,sci.med,wondered thing mentioned thought just making mistake said examples years gave stats players league stats lie guess effect expansion draft takes talent equally making team major league talent calling players normally expansion
58,149,3,don just like people think know,0.653,0.465,4,gun guns file law people firearms,talk.politics.guns,sci.med,talk.politics.guns,stuff deleted david good point cares kind gun got lying ground dead stuff deleted good point taken lots lead flying cops innocent gets caught points taken guess having makes better obviously correct discussion think situation little carefully point exactly david agree like said just assuming bullets
59,1599,2,edu image graphics com file software,0.652,0.510,3,don just like people think know,comp.graphics,comp.graphics,sci.med,created interesting using unable create looks realistic probably gif using bit best type pictures use thanks
60,1422,3,don just like people think know,0.651,0.479,1,year game team good games hit,rec.sport.baseball,sci.med,rec.sport.baseball,anybody figure box score make absolutely sense local way door mets box good seconds morning wondering hell wouldn make sense use
61,1837,4,gun guns file law people firearms,0.651,0.572,3,don just like people think know,talk.politics.guns,talk.politics.guns,sci.med,actions course opinion differ greatly doubt fbi blame jmd handheld com
62,1119,0,space nasa launch earth data research,0.650,0.462,3,don just like people think know,sci.space,sci.space,sci.med,launch complex american way joke space agency wanted send astronaut surface sun thing did solve problems sending man surface sun simple night larc nasa gov larc nasa gov
63,978,1,year game team good games hit,0.648,0.581,3,don just like people think know,rec.sport.baseball,rec.sport.baseball,sci.med,hmm thought predictions especially college football day nice past mapping plays teams future looks good compared
64,354,3,don just like people think know,0.647,0.479,2,edu image graphics com file software,comp.graphics,sci.med,comp.graphics,sure time read tiff happy think arbitrary carefully chosen number choice begin file just use letters tiff don think bothered support word orders tiff readers actually don
65,2016,3,don just like people think know,0.641,0.598,1,year game team good games hit,rec.sport.baseball,sci.med,rec.sport.baseball,saw weekend knew pitchers needed help watching
66,552,2,edu image graphics com file software,0.641,0.539,3,don just like people think know,comp.graphics,comp.graphics,sci.med,got work built sun bugs simply bug variable defined twice different modules needed setting core steve
67,1051,0,space nasa launch earth data research,0.640,0.411,3,don just like people think know,sci.space,sci.space,sci.med,astronomy physics claim looking field theory forces universe explained single set laws equations ignoring excellent years late general theory physical universe calls built fundamental physical space time physical universe entirely component motion existing dimensions units forms space time physical 
68,588,2,edu image graphics com file software,0.640,0.442,3,don just like people think know,comp.graphics,comp.graphics,sci.med,new product ibm called imagine just started shipping yesterday personally blow studio impulse version ibm standard key animation apply special objects like things nature texture maps standard live video live video maps idea run think let low price fool product comes animation does know imagine maili
69,1032,1,year game team good games hit,0.639,0.565,3,don just like people think know,rec.sport.baseball,rec.sport.baseball,sci.med,infield fly rule unless case just heads base running opportunity
70,2201,3,don just like people think know,0.639,0.488,4,gun guns file law people firearms,talk.politics.guns,sci.med,talk.politics.guns,millions cases say firearms criminals think actually cases think wrong ask fbi got proof look used cool want argue space woman short worthless causes lie like vast majority million firearms country used anger cause recovery near future federal come arms help dangerous thinking criminal fault overcom
71,1676,0,space nasa launch earth data research,0.638,0.583,3,don just like people think know,sci.space,sci.space,sci.med,suppose managed moon rocket working rocket hadn blown pad setting saturn went gone head determined set base earth orbit moon mars tried setting lunar base nations think military value lunar base value going mars short run moon
72,2412,4,gun guns file law people firearms,0.638,0.487,3,don just like people think know,talk.politics.guns,talk.politics.guns,sci.med,vast majority life having use display firearm given society experience safer rid guns possible considering uses include self defense hunting target shooting collecting don buy notion vast majority people don use display firearm let say true point rid guns possible weren used
73,1921,2,edu image graphics com file software,0.637,0.489,3,don just like people think know,sci.med,comp.graphics,sci.med,probably meant blood pressure went normal ask meant answer person gordon banks skepticism chastity intellect geb cadre dsl pitt edu shameful surrender soon
74,812,3,don just like people think know,0.636,0.462,0,space nasa launch earth data research,sci.space,sci.med,sci.space,like lot trouble probably better newer launch systems don think big cost advantage using russian systems long maybe years lockheed place ask probably buy proton market proton world wide russia know lot haven heard launches assume looked yes comparable suppose looks like built just pick spot message 
75,485,2,edu image graphics com file software,0.635,0.508,3,don just like people think know,comp.graphics,comp.graphics,sci.med,didn create grey level images display time requires total exposure time image time
76,893,3,don just like people think know,0.634,0.537,4,gun guns file law people firearms,talk.politics.guns,sci.med,talk.politics.guns,threat affected note available info says security increase stats say increase rational yes nope doesn happen instead switch change property crimes improvement economic sure killing andy
77,2407,0,space nasa launch earth data research,0.632,0.419,3,don just like people think know,sci.med,sci.space,sci.med,cut limits suggest using drug drugs kind aids treatment number drugs fight treating people doesn happen real world anymore said mark university california san francisco recent findings rapidly infection physicians begin pushing harder early treatment patients new disease push american medical news v
78,941,2,edu image graphics com file software,0.632,0.546,3,don just like people think know,comp.graphics,comp.graphics,sci.med,severe problem news ftp edu pub pull tar
79,2236,3,don just like people think know,0.632,0.470,2,edu image graphics com file software,comp.graphics,sci.med,comp.graphics,yes couple years ago did comparison products changed goes far implementation fine personally hate low level structure impossible easy use support rendering methods software hardware support documentation good easily portable systems happy specific questions
80,562,3,don just like people think know,0.632,0.433,1,year game team good games hit,rec.sport.baseball,sci.med,rec.sport.baseball,players come young good young later damn afraid say braves worth playing year lopez worth playing opinion happen agree believe word alomar fine defensive catcher statement solid reason bringing age long feel hit bit lopez does defensive imho sorry new don know law don believe era interested pitchers
81,2139,2,edu image graphics com file software,0.629,0.634,3,don just like people think know,sci.med,comp.graphics,sci.med,jeff time type love reference paper thanks email edu
82,2144,2,edu image graphics com file software,0.629,0.661,3,don just like people think know,comp.graphics,comp.graphics,sci.med,need hit software product encourage software sales product multi media multi media digital television products capable reasons buy news group write hit software
83,458,4,gun guns file law people firearms,0.628,0.469,3,don just like people think know,talk.politics.guns,talk.politics.guns,sci.med,waco city people population raised people feds state police officers tell room miles compound weeks ago felt paranoid life state police
84,1348,3,don just like people think know,0.627,0.578,0,space nasa launch earth data research,sci.space,sci.med,sci.space,sounds sign year use certain parts space station built designed company companies like small return certain tax right certain products certain given make end easier taxes contracts just work people make money work
85,739,2,edu image graphics com file software,0.626,0.513,3,don just like people think know,sci.space,comp.graphics,sci.med,nick level different levels heard care tommy mac tom radius vision increases ibm msu edu circumference mystery grows
86,845,0,space nasa launch earth data research,0.626,0.643,3,don just like people think know,sci.space,sci.space,sci.med,comet orbit comet galileo sure added list years earth based observations help positions comet probably won different galileo did image came earth based radar
87,69,0,space nasa launch earth data research,0.626,0.446,2,edu image graphics com file software,comp.graphics,sci.space,comp.graphics,australian pattern society papers conference digital imaging computing techniques applications location university date december second national conference australian pattern society event provide opportunity persons computer vision digital image processing analysis aspects pattern informed area exc
88,267,3,don just like people think know,0.625,0.623,1,year game team good games hit,rec.sport.baseball,sci.med,rec.sport.baseball,hoping produce update week send info significant critical home run seen season
89,507,3,don just like people think know,0.625,0.450,4,gun guns file law people firearms,talk.politics.guns,sci.med,talk.politics.guns,issue tanks used detroit fired main guns incorrect don read attempt make point risk point claim regarding tanks used detroit text follows did merely claim tanks used claimed fired main guns quite effective claimed used did say told did main guns continue away claim defend poster responded did use ta
90,118,0,space nasa launch earth data research,0.622,0.499,2,edu image graphics com file software,comp.graphics,sci.space,comp.graphics,university nasa lewis research center computers day practical applications computer workstations efficient processing design manufacture university ohio speakers graphics visualization jay nasa integrated product development michael network workstations aircraft analysis brian nasa jason williams st
91,702,2,edu image graphics com file software,0.621,0.461,3,don just like people think know,sci.med,comp.graphics,sci.med,culture virtually certain patient lyme suppose lab normally false gordon banks skepticism chastity intellect geb cadre dsl pitt edu shameful surrender soon
92,2011,2,edu image graphics com file software,0.621,0.483,0,space nasa launch earth data research,sci.space,comp.graphics,sci.space,current orbital elements line element sets carried bbs updated daily possible documentation tracking software available service satellite user community current elements current shuttle mission provided bbs hours day using data bits stop bit element sets updated daily shuttle elements documentation 
93,2274,3,don just like people think know,0.620,0.445,4,gun guns file law people firearms,talk.politics.guns,sci.med,talk.politics.guns,don remember figures exactly deaths texas caused guns killed car accidents yes low high influence figures pretty high right believe texas liberal gun laws usa suffer agree live freedom note insurance pay buy paying return gets live people want playing music loud hell trying say live society usa ques
94,95,3,don just like people think know,0.619,0.616,2,edu image graphics com file software,comp.graphics,sci.med,comp.graphics,medical imaging good ray tracing background interested field point sources better experience want talk going working
95,2225,0,space nasa launch earth data research,0.619,0.506,3,don just like people think know,sci.space,sci.space,sci.med,thank dennis usual highly detailed posting question proton handled major handled uses long york proton launched western site compare centaur lift close
96,2180,4,gun guns file law people firearms,0.618,0.508,3,don just like people think know,talk.politics.guns,talk.politics.guns,sci.med,heat cold list countries low death innocent people jmd handheld com
97,18,3,don just like people think know,0.617,0.581,2,edu image graphics com file software,sci.space,sci.med,comp.graphics,nice little tool called request shows given times code written don know like idea editor right program things
98,1268,3,don just like people think know,0.617,0.553,1,year game team good games hit,rec.sport.baseball,sci.med,rec.sport.baseball,did assuming guess surprised hear guys don think guess tiny fraction folks reading post agree kind doubt agree going points time baseball brought aaa baseball grounds sex wasn majors seen game hand experience ability seen talk shows point balls knows better missing point role game wouldn promote pri
99,1602,2,edu image graphics com file software,0.612,0.462,3,don just like people think know,sci.med,comp.graphics,sci.med,extremely rare humans usually involved just mess sort vision don gordon banks skepticism chastity intellect geb cadre dsl pitt edu shameful surrender soon
100,1948,4,gun guns file law people firearms,0.612,0.440,3,don just like people think know,talk.politics.guns,talk.politics.guns,sci.med,edu daniel happened waco fault batf proper equipment personal captured compound initial assault happened gone door serve warrant like times wouldn needed initial assault attorney reno wouldn able told stories protected rest group people kept miles batf needs people better weapons meet able use force
101,2199,3,don just like people think know,0.611,0.452,2,edu image graphics com file software,comp.graphics,sci.med,comp.graphics,running arm processor arm arm does software standard rom bit colour resolution computer bit colour support real time supposed couple arm used arm clock arm say flat depends really talking essential run kind speed memory stop saying things hopefully working arm mike don pay say doesn beat eat postscr
102,1667,3,don just like people think know,0.609,0.590,1,year game team good games hit,rec.sport.baseball,sci.med,rec.sport.baseball,think left mind trying block supposed play left night like need add team
103,1015,0,space nasa launch earth data research,0.609,0.549,3,don just like people think know,sci.space,sci.space,sci.med,brief political cultural item radio station washington music station large high officials imagine radio station diamond expensive morning heard commercial space station project didn catch guess pulling
104,592,0,space nasa launch earth data research,0.609,0.638,3,don just like people think know,sci.space,sci.space,sci.med,new york times just wrote high temperature gas using weapons grade fuel safety products make remaining use apparently project led general san diego funding government built operated
105,775,0,space nasa launch earth data research,0.609,0.517,3,don just like people think know,sci.space,sci.space,sci.med,read right saying essence larger economy nations funds waste lunar facility certainly case apollo real lunar probably require continuing military scientific commercial reason just money approach military purpose possible commercial purpose likely scientific purpose years lunar bases funding levels l
106,1887,0,space nasa launch earth data research,0.608,0.555,3,don just like people think know,sci.space,sci.space,sci.med,nope separate programs atlas generation titan second generation titan titan launchers based generation heavy essentially common programs yes programs despite names titan titan completely different didn use mind launch facilities
107,2110,4,gun guns file law people firearms,0.608,0.655,2,edu image graphics com file software,talk.politics.guns,talk.politics.guns,comp.graphics,ohio house representative thursday april representatives davis johnson van white boggs section code add game list permit chief division department natural resources hunting make allow hunting ohio pushing
108,2379,0,space nasa launch earth data research,0.607,0.485,3,don just like people think know,sci.space,sci.space,sci.med,sure mary henry understand speed near wind like fluid wind away edges place begin force compression power vehicle high drag drag reduced essentially cross area aircraft remain constant areas wings cross area wings
109,1250,3,don just like people think know,0.607,0.454,2,edu image graphics com file software,comp.graphics,sci.med,comp.graphics,dave think means dave tga available directory wuarchive versions version view files create bunch week away bit definitely ready spread written interface gets easy figure noticed crash try using option sure don source think written comes getting thing work right tell took hours time just figure just 
110,1434,3,don just like people think know,0.607,0.548,2,edu image graphics com file software,comp.graphics,sci.med,comp.graphics,just good electronic senior computer graphics canada office lot putting lot resources know developed happy post things develop start
111,2324,2,edu image graphics com file software,0.606,0.550,3,don just like people think know,comp.graphics,comp.graphics,sci.med,think called frame supposedly hidden line removal library think wrong order magnitude jon mac
112,1681,0,space nasa launch earth data research,0.606,0.501,3,don just like people think know,sci.med,sci.space,sci.med,good source information method cancer industry prize ralph non profit organization called people cancer formed purpose allowing cancer patients access information regarding cancer cancer industry shown highly results non toxic interested cancer therapy contact people cancer box fax peace
113,2463,2,edu image graphics com file software,0.604,0.520,3,don just like people think know,sci.med,comp.graphics,sci.med,short changes feds way difficult lot best way getting won hurt gordon banks skepticism chastity intellect geb cadre dsl pitt edu shameful surrender soon
114,1649,0,space nasa launch earth data research,0.603,0.639,3,don just like people think know,sci.med,sci.space,sci.med,center laser small material center near edge entirely different action different place
115,1222,1,year game team good games hit,0.603,0.518,3,don just like people think know,rec.sport.baseball,rec.sport.baseball,sci.med,say buy contract let season able sign goes ball player
116,2153,0,space nasa launch earth data research,0.603,0.513,3,don just like people think know,sci.space,sci.space,sci.med,command spacecraft tells don hear earth hours assume wrong spacecraft attitude search mode attempt signal earth
117,1176,3,don just like people think know,0.603,0.487,4,gun guns file law people firearms,talk.politics.guns,sci.med,talk.politics.guns,team handled delta force batf equipment men did good did poor planning just basic military sense justify body counts fall ears batf shown leadership despite people better weapons use batf private army government agents swear did constitution know document highest law land charges court law remember 
118,1178,4,gun guns file law people firearms,0.602,0.708,2,edu image graphics com file software,talk.politics.guns,talk.politics.guns,comp.graphics,god american taxes government like waco dave netcom com
119,216,0,space nasa launch earth data research,0.600,0.629,3,don just like people think know,sci.space,sci.space,sci.med,space forum kennedy space center sts solid rocket surprised outside base right hand tool trip launch pad approximately foot altitude nasa told media long time like happened lost tool like initial investigation incident shown corp noticed reported missing april unfortunately did act report discovery 
120,2372,0,space nasa launch earth data research,0.598,0.575,4,gun guns file law people firearms,sci.space,sci.space,talk.politics.guns,early mid june think public wants carry write ask reach national news media world news tonight face nation west street news new york street washington associated press good morning america news new york national desk new york foreign desk washington bureau larry king live evening news cnn street mas
121,1596,2,edu image graphics com file software,0.596,0.495,3,don just like people think know,sci.med,comp.graphics,sci.med,isn rare actually cases called disease turn case does respond therapy don believe gordon banks skepticism chastity intellect geb cadre dsl pitt edu shameful surrender soon
122,1473,0,space nasa launch earth data research,0.596,0.550,2,edu image graphics com file software,comp.graphics,sci.space,comp.graphics,acm siggraph understanding images subject university siggraph conference understanding images purpose conference bring including physical biological sciences technology art psychology philosophy education order define discuss issues essential image understanding computer graphics context topics incl
123,1956,2,edu image graphics com file software,0.594,0.425,0,space nasa launch earth data research,sci.space,comp.graphics,sci.space,archive space data modified date online sources images data introduction wide variety images data information material dealing space astronomy net sites offer direct access remote access support form file transfer sites listed providing anonymous ftp file transfer internet sites connected internet u
124,5,2,edu image graphics com file software,0.594,0.492,0,space nasa launch earth data research,sci.space,comp.graphics,sci.space,current orbital elements line element sets carried bbs updated daily possible documentation tracking software available service satellite user community current elements current shuttle mission provided bbs hours day using data bits stop bit element sets updated daily shuttle elements documentation 
125,520,4,gun guns file law people firearms,0.593,0.440,3,don just like people think know,talk.politics.guns,talk.politics.guns,sci.med,according australian year stand began koresh followers believed koresh sex children women men compound perfect children resulting great members ways way jim jones described don know accurate koresh convicted crimes children batf child abuse case strictly firearms violations information discussion fb
126,911,0,space nasa launch earth data research,0.592,0.522,2,edu image graphics com file software,sci.med,sci.space,comp.graphics,resources services available internet bitnet hospitals medical care interested including institutions medical internet special services online access libraries information
127,154,3,don just like people think know,0.592,0.639,2,edu image graphics com file software,comp.graphics,sci.med,comp.graphics,successfully converted graphics heard love hear mike
128,373,2,edu image graphics com file software,0.592,0.496,0,space nasa launch earth data research,sci.space,comp.graphics,sci.space,notice posted weekly sci space sci astro sci space shuttle frequently asked questions faq list sci space sci astro posted approximately monthly covers questions come sci space shuttle shuttle launch dates faq posted long date copy news directory look old articles sci space ways copy waiting posting 
129,1122,3,don just like people think know,0.589,0.637,0,space nasa launch earth data research,sci.space,sci.med,sci.space,level highest level stands software engineering institute sure believe applies flight software mind use sophisticated tools force ignorance attack problem simply threw hundreds people did process hand consider receiving warning status systems use latest copy make sure just issued new ones think mind
130,2170,2,edu image graphics com file software,0.588,0.626,3,don just like people think know,sci.med,comp.graphics,sci.med,probably fatal adult dose kill child patient low blood pressure possibly gordon banks skepticism chastity intellect geb cadre dsl pitt edu shameful surrender soon
131,1973,3,don just like people think know,0.587,0.587,2,edu image graphics com file software,comp.graphics,sci.med,comp.graphics,sure option board does interface hardware follows black oil based red green blue black black blue black multi color non used tested using windows drivers worked fine paper figure worth worth thing certain won need purchase quite fresh rest function willing sell interested just selling got don need c
132,1719,4,gun guns file law people firearms,0.586,0.437,3,don just like people think know,talk.politics.guns,talk.politics.guns,sci.med,think pretty love willing throw freedom sake british government american newspapers send gun defend british home british threat need arms defense american november publications act drugs act used justification police william hunter thompson fear tom electric aid acid test british recognized right de
133,2371,3,don just like people think know,0.586,0.648,0,space nasa launch earth data research,sci.space,sci.med,sci.space,just article current science news article federal funding briefly current advantage things like military work does commercial utility
134,2325,3,don just like people think know,0.585,0.532,1,year game team good games hit,rec.sport.baseball,sci.med,rec.sport.baseball,baseball players past present weren able come koufax somebody maybe john come know sounds pretty thanks help
135,1105,4,gun guns file law people firearms,0.585,0.574,3,don just like people think know,talk.politics.guns,talk.politics.guns,sci.med,hadn killed atf people original raid think laugh ass actually honest
136,1479,1,year game team good games hit,0.585,0.650,3,don just like people think know,talk.politics.guns,rec.sport.baseball,sci.med,smith posting smith dear good day post thanks lot smith
137,1743,3,don just like people think know,0.585,0.467,0,space nasa launch earth data research,sci.space,sci.med,sci.space,actually probably fuel reserve case astronaut like yes got idea taking shuttle somebody build module shelf item piece hardware include attitude control strong things like guidance feed data external device separation don want left attached avoid possible telescope worry going open shuttle closed dur
138,1978,0,space nasa launch earth data research,0.580,0.472,3,don just like people think know,sci.space,sci.space,sci.med,yes long star einstein fact planet inside mercury explain mercury orbit explained known planets einstein theory explained mercury motion analysis mercury motion shows planets inside orbit
139,2296,1,year game team good games hit,0.579,0.683,4,gun guns file law people firearms,talk.politics.guns,rec.sport.baseball,talk.politics.guns,newspaper san independent san san jose mercury news evans ave park san san san jose hmmm carries west national shooting club supply big ads sell guns don like shotgun news won run current swear end cash
140,1342,2,edu image graphics com file software,0.577,0.479,3,don just like people think know,sci.med,comp.graphics,sci.med,good story won read sci couldn reference weight saying isn cited responsibility index suspect knowledge base usual gordon banks skepticism chastity intellect geb cadre dsl pitt edu shameful surrender soon
141,1418,3,don just like people think know,0.576,0.684,2,edu image graphics com file software,comp.graphics,sci.med,comp.graphics,spend money goes away time florida need based software profile given trial run creates response post summary thanks
142,322,4,gun guns file law people firearms,0.575,0.704,3,don just like people think know,talk.politics.guns,talk.politics.guns,sci.med,following quoted end article appeared world lies sorry think wall street journal repeated colorado people daily student newspaper university colorado boulder study deaths king county gun home times likely used kill owner friend child kill studies western institute pittsburgh mere presence gun home f
143,859,2,edu image graphics com file software,0.574,0.537,3,don just like people think know,sci.med,comp.graphics,sci.med,especially useful isn red cross person needed blood couldn right probably won help gordon banks skepticism chastity intellect geb cadre dsl pitt edu shameful surrender soon
144,2559,3,don just like people think know,0.574,0.656,1,year game team good games hit,rec.sport.baseball,sci.med,rec.sport.baseball,interesting article craig amazing hard baseball teams understand properly market teams treat customers business away century current owners display running guess owners look baseball high growth rate ask necessary bring century business practices game don realize growth game capable pay terms long t
145,1925,1,year game team good games hit,0.573,0.759,3,don just like people think know,rec.sport.baseball,rec.sport.baseball,sci.med,did day pulled muscle left near news twins bring kevin family study university minnesota staff edu contact university minnesota women
146,73,2,edu image graphics com file software,0.571,0.665,0,space nasa launch earth data research,sci.space,comp.graphics,sci.space,looking information space program includes nasa history like know suggest books ftp sites interested space program
147,1449,3,don just like people think know,0.570,0.435,4,gun guns file law people firearms,talk.politics.guns,sci.med,talk.politics.guns,city police officer seen cities years carried semi auto type different haven seen glock regard discussion getting far usual close like worth wrong revolver especially large frame favorite valid semi suggest reading know people stand think think general material valid useful book semi auto pistol pol
148,570,0,space nasa launch earth data research,0.570,0.601,3,don just like people think know,sci.space,sci.space,sci.med,pat article shafer nasa gov pat gee thought controlled didn pat total electrical failure flight pat backup systems reaction controlled aircraft fly control surfaces controlled fly pat mean wings fail pat navy aircraft wings order save space wings sweep rest joint air force planes don wings air force
149,94,0,space nasa launch earth data research,0.569,0.452,3,don just like people think know,sci.space,sci.space,sci.med,net land think big martin douglas general dynamics lockheed getting study exactly market price building reusable launch vehicles spending say military requirements launch vehicles pulled say shuttle really used capability idea figure taking data type company bad example know example develop craft de
150,625,4,gun guns file law people firearms,0.568,0.493,3,don just like people think know,talk.politics.guns,talk.politics.guns,sci.med,likely proof majority house senate unfortunately different story gov voted power addition senate smaller readily body hand semi automatic ban likely live house currently far order senate believe addressed ccw thought political science class waste time
151,2581,1,year game team good games hit,0.567,0.502,3,don just like people think know,rec.sport.baseball,rec.sport.baseball,sci.med,briefly sleep work pretty aaa players players younger tend numbers years players older levels generally inflated reliable having major league stats player
152,888,3,don just like people think know,0.567,0.448,0,space nasa launch earth data research,sci.space,sci.med,sci.space,weeks ago speak white getting ready called sources latest town future years budget work sdio looking funds sdio repeat going fund orbital best hope alive year fund vehicle major just make orbit money set tanks projects answer open questions better news comes new effort program open ssto year studies
153,2318,4,gun guns file law people firearms,0.564,0.728,3,don just like people think know,talk.politics.guns,talk.politics.guns,sci.med,gun denver buy guns denver pretty guns turned news tried best including loaded picture note news reported guns checked stolen stolen guns returned owners say does steps yesterday support rkba news channels
154,1979,0,space nasa launch earth data research,0.564,0.459,3,don just like people think know,sci.space,sci.space,sci.med,actually wasn originally intended lunar orbit didn fuel hand lunar orbit mission tiny lunar failure proper lunar orbit couldn confirmed noted technique does takes long time end relatively lunar orbit want useful like low orbit plan certain fuel reduced need force approach
155,796,3,don just like people think know,0.563,0.564,4,gun guns file law people firearms,talk.politics.guns,sci.med,talk.politics.guns,talk politics guns com apr good point responded email couple posts gotten right civil time got firearm wonder relationship turns people ones criminals start act responsibility given chance
156,1570,3,don just like people think know,0.562,0.531,4,gun guns file law people firearms,talk.politics.guns,sci.med,talk.politics.guns,spell question reading different public opinion agree public like assault weapons banned mainly media frequency use violent crime public opinion dead set rkba bet like seeing bills getting passed congress lot easier governments longer protect citizens bet american people start really appreciate fire
157,1595,3,don just like people think know,0.562,0.466,0,space nasa launch earth data research,sci.space,sci.med,sci.space,article new apr sci physics research new opinion friday april washington space light pollution observations read visible day leave night nasa really supporting junk groups organized states really really wouldn worry space mile long inflatable probably short period time year leo somewhat sort giant f
158,848,2,edu image graphics com file software,0.562,0.620,3,don just like people think know,comp.graphics,comp.graphics,sci.med,understand difference studio mainly interface small bug code runs lot faster version
159,774,4,gun guns file law people firearms,0.561,0.553,3,don just like people think know,talk.politics.guns,talk.politics.guns,sci.med,question long fbi guess committed suicide maybe gave choice surrender fbi action chance surrender fair trial matter started responsible
160,63,3,don just like people think know,0.560,0.469,4,gun guns file law people firearms,talk.politics.guns,sci.med,talk.politics.guns,warning follow british sense probably got real going kid couple weeks ago huh course britain government ordered way violent criminals laugh victims don know canada criminals don bother victims home just break america little different criminals worry bit getting shot frequently check home heard gun w
161,949,3,don just like people think know,0.559,0.516,4,gun guns file law people firearms,talk.politics.guns,sci.med,talk.politics.guns,time later troops killed people including kids women sure don want domestic law enforcement agencies country military standards did big trouble covered high officials involved
162,281,0,space nasa launch earth data research,0.558,0.561,3,don just like people think know,sci.space,sci.space,sci.med,government space launch pad directly mean know launch small package space including russian sites know used rockets northern atmospheric items heard able orbit people fixed using direct resources nasa institute sounds like typical cultural people wonder multi dollar yes working spell
163,1471,1,year game team good games hit,0.557,0.486,3,don just like people think know,rec.sport.baseball,rec.sport.baseball,sci.med,come everybody net heard plausible anybody note quick make post claimed news sure looks like guilty knowledge grand early money tom tom contributed appearance expect lots strong year right san diego
164,1702,3,don just like people think know,0.557,0.474,1,year game team good games hit,rec.sport.baseball,sci.med,rec.sport.baseball,going night jose proved interesting analysis jose jose june period needs lose pounds gain bat speed absolutely say lost bat speed huge speed open killing note acts sort like brian way open start ball released significant head movement note doesn close way open fully closed good starting point hard m
165,176,0,space nasa launch earth data research,0.557,0.524,3,don just like people think know,sci.space,sci.space,sci.med,archive space modified date frequently asked questions sci space sci astro introduction series messages periodically posted usenet groups sci space sci astro attempt provide good answers frequently asked questions reference material worth answers frequently asked questions like included posting send
166,658,0,space nasa launch earth data research,0.556,0.471,3,don just like people think know,sci.space,sci.space,sci.med,engineering test mission spent highly earth orbit doing lunar lunar orbit using gravity assist like meant crash moon eventually thing stable lunar orbit far knows believe recall hearing recently happen
167,1890,4,gun guns file law people firearms,0.555,0.518,3,don just like people think know,talk.politics.guns,talk.politics.guns,sci.med,according radio morning ohio operating gun buy giving gun turned ran money day passing sort looking funds operating media event brought hci similar pro gun people example pay life firearm sounds bit hey works
168,1869,3,don just like people think know,0.555,0.513,2,edu image graphics com file software,comp.graphics,sci.med,comp.graphics,rendering programs require surface point direction closed point use points faces determine direction normal making sure points counter order direction given set points edges faces say faces face best way realize face points ordered thought good way telling realized algorithm tell points order polygo
169,1115,3,don just like people think know,0.553,0.474,0,space nasa launch earth data research,sci.space,sci.med,sci.space,idea suggested possible near term commercial space activities folks involved spacecraft engineer named carter passed suggestion types mike apparently going ahead working space marketing sensors carried actually sounds unlikely don know launch vehicle expect commercial launcher certainly shuttle frac
170,1400,3,don just like people think know,0.553,0.544,4,gun guns file law people firearms,talk.politics.guns,sci.med,talk.politics.guns,time hunting streets rights government seen fit ignore history attempt don think nra bunch fundamental fact lot people condition white fat happy glass worth gang shooting high time shot bits
171,1627,0,space nasa launch earth data research,0.550,0.701,3,don just like people think know,talk.politics.guns,sci.space,sci.med,recall kennedy administration sub nuclear weapons europe man portable use shoulder rocket launchers nuclear test seen data yes weapon tested late early
172,1727,4,gun guns file law people firearms,0.549,0.692,3,don just like people think know,talk.politics.guns,talk.politics.guns,sci.med,drugs banned tell supply dry drugs easier manufacture easier easier comparison sir fool knows drug business gun business tim editor freedom network news newsletter international society individual liberty market san francisco fax compuserve com
173,634,0,space nasa launch earth data research,0.549,0.551,3,don just like people think know,sci.space,sci.space,sci.med,actually favor government funded research prime lot basic technologies understand short term value high tech programs long range generation commercial needed maintain healthy economy earth don long term potential bunch factors post gary
174,1356,2,edu image graphics com file software,0.548,0.592,3,don just like people think know,sci.med,comp.graphics,sci.med,seen fair bit traffic recently concerning seizures interested subject son active local association posted message like months ago received replies interested mailing list seizures allow hold share information electronic mail run groups easy interested mail note replies make happen provide details bt
175,568,3,don just like people think know,0.548,0.607,0,space nasa launch earth data research,sci.space,sci.med,sci.space,sorry asking question entirely based technical aspects space couldn answer currently makes seeing space shuttle launch little difficult selected exchange student state august absolutely determined space shuttle launch year america hear bit long mailing list tell mail thanks wants know tell just save
176,1801,4,gun guns file law people firearms,0.548,0.545,3,don just like people think know,talk.politics.guns,talk.politics.guns,sci.med,watched live watched times press point starting point visible tank dry structure minutes started visible needed cause flame observed fbi media fbi version question sad jim jmd handheld com
177,1385,3,don just like people think know,0.547,0.482,2,edu image graphics com file software,comp.graphics,sci.med,comp.graphics,nice know possible different hard platforms usually hard fixed case unix dos interested amiga news case software won software mentioned run unix platform interested information suggest split group don problem cross posting need read just half size important faq reduce traffic lot
178,497,3,don just like people think know,0.547,0.508,2,edu image graphics com file software,sci.space,sci.med,comp.graphics,photo archives open public pictures collection available viewing don know worth try sure necessary think good luck let know
179,1215,2,edu image graphics com file software,0.547,0.471,3,don just like people think know,comp.graphics,comp.graphics,sci.med,guys like people group fans render pov listen ideas just starting able use quite animation grand just interested kind concerning cars parts good does object complete hard animation object material project ftp site looking pov files interested time rendering images pov thank
180,641,2,edu image graphics com file software,0.546,0.508,3,don just like people think know,comp.graphics,comp.graphics,sci.med,wrote turned mirror sites looked original site uiuc edu mess started cheers
181,2211,0,space nasa launch earth data research,0.546,0.490,3,don just like people think know,sci.space,sci.space,sci.med,great respect people speak think cost estimates bit working ssto complex large smaller experience base ssto development cost typical development puts range true contest result larger market don think given risks involved ssto costs available launch market think allen
182,966,3,don just like people think know,0.546,0.550,2,edu image graphics com file software,comp.graphics,sci.med,comp.graphics,like graphics library libraries cost tools used say reasonable cost sorry don answers just questions
183,79,3,don just like people think know,0.546,0.551,1,year game team good games hit,rec.sport.baseball,sci.med,rec.sport.baseball,easy question knows baseball city california angels play richard idea doing don worry professional living
184,1202,3,don just like people think know,0.545,0.576,0,space nasa launch earth data research,sci.space,sci.med,sci.space,sub orbital version suitable use rocket thank thought definitely son just
185,1604,2,edu image graphics com file software,0.543,0.469,3,don just like people think know,sci.med,comp.graphics,sci.med,day dose migraine got level unlikely beta help probably single dose don know work migraine probably gordon banks skepticism chastity intellect geb cadre dsl pitt edu shameful surrender soon
186,446,4,gun guns file law people firearms,0.543,0.550,3,don just like people think know,talk.politics.guns,talk.politics.guns,sci.med,correction fbi says said set cult members press kept miles away absolutely independent government claims matter
187,2207,0,space nasa launch earth data research,0.541,0.562,2,edu image graphics com file software,comp.graphics,sci.space,comp.graphics,derived natural order survey fundamental geometric data structure acm computing concepts applications new york isbn computing dimensional application computer natural australian computer
188,1542,0,space nasa launch earth data research,0.541,0.700,3,don just like people think know,sci.space,sci.space,sci.med,gamma ray galaxy expected core gamma energy does know energy depends distance unknown answer form
189,577,4,gun guns file law people firearms,0.541,0.581,3,don just like people think know,talk.politics.guns,talk.politics.guns,sci.med,hard know believe letter received batf response sent said search warrant warrant
190,628,2,edu image graphics com file software,0.540,0.590,3,don just like people think know,sci.space,comp.graphics,sci.med,questions issues congress raised discussed dennis replies dennis things black white terms tommy mac tom radius vision increases ibm msu edu circumference mystery grows
191,924,3,don just like people think know,0.540,0.506,2,edu image graphics com file software,comp.graphics,sci.med,comp.graphics,sure did use version works fine software pro quite important pretty useless program thing working imho hope author fix daniel
192,2468,3,don just like people think know,0.538,0.569,1,year game team good games hit,rec.sport.baseball,sci.med,rec.sport.baseball,finally use super frame advance heat trust time converted film video kinds difference frame rate unless expert doing company hey fair guy bat body doesn strike strange little bit plate like gets bat hitting level plane time watched didn think hit like easy makes look time makes contact solid got goo
193,2376,0,space nasa launch earth data research,0.538,0.547,3,don just like people think know,sci.space,sci.space,sci.med,actually legal familiar speaking knowing popular science probably speaking public legitimate company engines available model rockets using similar fuel roughly times powerful black available form end rings engines range way common manufacture heard used special model rocket rocket contain metal part
194,252,0,space nasa launch earth data research,0.537,0.531,3,don just like people think know,sci.space,sci.space,sci.med,heard food product called space food remember awful things dry recall asking grade miss francisco kept floating zero seen like today space program apollo technology best ken nasa jsc space shuttle program office jsc nasa gov
195,186,4,gun guns file law people firearms,0.537,0.677,3,don just like people think know,talk.politics.guns,talk.politics.guns,sci.med,believe remember killed captured agree davidians die believed
196,1939,4,gun guns file law people firearms,0.536,0.551,3,don just like people think know,talk.politics.guns,talk.politics.guns,sci.med,accidental seen specifically provides info davis love wrong gun design happen supposed carried hammer gun turns cylinder loaded cylinder hammer words carried safe manner handgun designs don property trigger isn pulled hammer hit firing include category say davis right claims large negative number pe
197,2351,3,don just like people think know,0.536,0.479,4,gun guns file law people firearms,talk.politics.guns,sci.med,talk.politics.guns,risk starting gun better flame war disagree handling glock fact chosen like revolver does basically limit training time read budget fact external trigger training time required smith types chosen fact external hammer drop drop properly used saved lives bad gun officer tried shoot said officer gun sa
198,880,0,space nasa launch earth data research,0.535,0.496,3,don just like people think know,sci.space,sci.space,sci.med,problems biggest technical problem need satellites going orbit don commercial launches money titan government isn day thinks paying times commercial rate launch services good idea allen
199,1818,1,year game team good games hit,0.535,0.545,3,don just like people think know,rec.sport.baseball,rec.sport.baseball,sci.med,possible case think going clearly allowing use pre dodgers impressive got walk stretch farm animal natural length koufax com paul
200,2078,0,space nasa launch earth data research,0.534,0.634,3,don just like people think know,sci.space,sci.space,sci.med,phil didn early jet think phil did work came world war nasa directly space added notice didn mention sweep wings tested dryden did difference wings don change angle sweep sweep wings names caused wings sweep wings phil lot military nasa proposed nasa test teams demonstrated richard jones langley res
201,201,3,don just like people think know,0.533,0.600,4,gun guns file law people firearms,talk.politics.guns,sci.med,talk.politics.guns,actually going assume posting fool suppose just word did think people use firearms protect admit ridiculous laws exist concealed carry cool work park desk woman killing new probably frankly met woman worth killing worth killing does know rest don worried federal coming guns government violent crimin
202,2042,0,space nasa launch earth data research,0.533,0.675,3,don just like people think know,sci.space,sci.space,sci.med,did long time ago length able convert information times telephone department statistics mail university maryland baltimore county bitnet bitnet baltimore usa internet math edu axis planet away normal orbital plane case earth degrees think recall exact value case degrees location length day measured 
203,810,1,year game team good games hit,0.532,0.718,2,edu image graphics com file software,rec.sport.baseball,rec.sport.baseball,comp.graphics,wondering types box scores day college able till weekend mail twins box scores looking twins schedule
204,2195,0,space nasa launch earth data research,0.531,0.525,3,don just like people think know,sci.med,sci.space,sci.med,interested procedure able add following facts procedure philadelphia performed maryland think units performed new york city eye magic words use information think mean laser study proper people
205,1555,0,space nasa launch earth data research,0.531,0.511,3,don just like people think know,sci.space,sci.space,sci.med,alan don forget huge cost joke weight fly highly space projects engineering didn spend paper pushing company trying funding build light commercial low cost basis reducing costs
206,2287,4,gun guns file law people firearms,0.530,0.647,3,don just like people think know,talk.politics.guns,talk.politics.guns,sci.med,high power assault gun talking did want try german guns
207,2003,4,gun guns file law people firearms,0.530,0.531,3,don just like people think know,talk.politics.guns,talk.politics.guns,sci.med,jim concerned media growing imagine media investigations government kept media away story particularly administration going let look initial examine happened student human particularly area ops techniques useful business puts amateur amateur knows thing psychological profile bet ass fbi koresh kores
208,2355,3,don just like people think know,0.529,0.506,1,year game team good games hit,rec.sport.baseball,sci.med,rec.sport.baseball,point really thought written pro anti poster certain talent somebody like instance obviously intended original poster eyes looks like robert really compare performance phillies edition run position finished sub level folks didn imho previous years teams year style braves orioles greg lot lot arizona
209,1140,2,edu image graphics com file software,0.529,0.510,3,don just like people think know,sci.med,comp.graphics,sci.med,probably years new type possible maybe mapping human start work manipulation using genetic engineering able genes want question make race disease free long lived gordon banks skepticism chastity intellect geb cadre dsl pitt edu shameful surrender soon
210,1083,4,gun guns file law people firearms,0.529,0.541,3,don just like people think know,talk.politics.guns,talk.politics.guns,sci.med,course criminal criminals large cash parts town right public places chances shot higher avoiding hand chances shot like murders criminals killing criminals murders committed people prior known history violence moral suitable year old posters bad people bad things
211,2477,4,gun guns file law people firearms,0.529,0.679,3,don just like people think know,talk.politics.guns,talk.politics.guns,sci.med,saying indians did army news indians great upper mexico south america converted thing saying indians coming decision religion forced given government civil war nation gave mild support owned black reducing matter religion support view history
212,586,0,space nasa launch earth data research,0.528,0.590,3,don just like people think know,sci.space,sci.space,sci.med,fact direct proper target nasa rocket commercial launch flying comet payload nasa simply primary believe sdio small payload advertising space sold owners rocket addition anonymous reason deal space news twice think fair starts having fit fact bothered use suggests approved
213,1558,3,don just like people think know,0.528,0.610,4,gun guns file law people firearms,talk.politics.guns,sci.med,talk.politics.guns,open debate certainly number people year people save innocent lives firearms media just don tell happens think federal crap thinking headed nuts
214,496,4,gun guns file law people firearms,0.528,0.509,3,don just like people think know,talk.politics.guns,talk.politics.guns,sci.med,add vitamin common cold cancer wait minute did compare did seen canada gun law effect homicides total handgun pre post comparison utility does prove hold point ask economic does prove looking pre post data canadian gun law effect sir canadian owned gun gun laws passed decided turn answer question gu
215,2049,1,year game team good games hit,0.528,0.730,3,don just like people think know,talk.politics.guns,rec.sport.baseball,sci.med,note party ticket david duke duke leading ticket gave chance vice president just supporting duke
216,372,4,gun guns file law people firearms,0.528,0.501,3,don just like people think know,talk.politics.guns,talk.politics.guns,sci.med,just light widely reported folks starting reported places rules cause like discussion incident believe right proper problems tactics watching special tonight cnn question atf fbi actions possible taken koresh outside compound time feb raid wait resulted different outcome fbi actions right course act
217,612,3,don just like people think know,0.527,0.517,2,edu image graphics com file software,comp.graphics,sci.med,comp.graphics,main method seen described little bit long developed method requires points counter order returns looking similar plane method uses calculations basically view display screen means little method basically figures points appear screen looking points occur opposite direction merely way points tell loo
218,653,3,don just like people think know,0.526,0.574,0,space nasa launch earth data research,sci.space,sci.med,sci.space,better question transfer separate agency funding support kind science missions don money going changing agency help
219,1376,2,edu image graphics com file software,0.526,0.557,3,don just like people think know,sci.med,comp.graphics,sci.med,agree adding simply eat money spent actually doing work doctors efficient probably limited management fixed budget england canada afraid wrong track problem insurance lobby powerful gordon banks skepticism chastity intellect geb cadre dsl pitt edu shameful surrender soon
220,273,3,don just like people think know,0.526,0.615,0,space nasa launch earth data research,sci.space,sci.med,sci.space,known far sun united states produced great team anderson science usually bit better production using live better known shows later went live action series space astronomy body spacecraft launch complex wonderful look
221,1723,0,space nasa launch earth data research,0.525,0.459,3,don just like people think know,sci.space,sci.space,sci.med,apparently planet inside orbit mercury idea came differences mercury observed value according physics extensive set observations calculations mid century later improved observations using equations predicted existence based orbit inclination believe sort thing mercury mercury rate does space near su
222,2177,3,don just like people think know,0.525,0.508,0,space nasa launch earth data research,sci.space,sci.med,sci.space,talk end space age complaints government large cost try read just work announce billion corporation successfully keeps person alive moon year popular technologies begin developed different kind space race
223,1966,2,edu image graphics com file software,0.524,0.585,3,don just like people think know,sci.med,comp.graphics,sci.med,chest ray provides minute radiation drop far increased risk concerned tell controls matter law case write don hold breath gordon banks skepticism chastity intellect geb cadre dsl pitt edu shameful surrender soon
224,2328,0,space nasa launch earth data research,0.524,0.487,3,don just like people think know,sci.space,sci.space,sci.med,need launch send large amounts stuff assume new launcher development assume new launcher development lower costs specific objective probably don want build
225,1634,4,gun guns file law people firearms,0.524,0.691,2,edu image graphics com file software,talk.politics.guns,talk.politics.guns,comp.graphics,colorado edu frank university colorado boulder stats talking stats assaults deaths represent great majority represent urban pointed
226,1679,3,don just like people think know,0.524,0.594,1,year game team good games hit,rec.sport.baseball,sci.med,rec.sport.baseball,thought jewish recall mentioned oakland
227,159,0,space nasa launch earth data research,0.523,0.638,3,don just like people think know,sci.space,sci.space,sci.med,today isn suitable sdio funds reusable rocket sdio goal did lot going reports soon briefing right people paying public support critical politics need constant pressure officials allen
228,2421,3,don just like people think know,0.523,0.498,1,year game team good games hit,rec.sport.baseball,sci.med,rec.sport.baseball,god hope don kind junk season home runs just right thinking dean palmer texas homers don know follow
229,1313,3,don just like people think know,0.523,0.560,4,gun guns file law people firearms,talk.politics.guns,sci.med,talk.politics.guns,koresh threatened cause local problems alleged post details soon sure news outside man suspect division question guns trial
230,387,3,don just like people think know,0.523,0.485,2,edu image graphics com file software,comp.graphics,sci.med,comp.graphics,having thought don project lines plane formed lines intersection plane guaranteed unique solution unless parallel won happen case use distance lines circle determine exact point error required hope haven foot steve
231,756,2,edu image graphics com file software,0.523,0.719,3,don just like people think know,sci.med,comp.graphics,sci.med,does anybody know information regarding total quality management quality control quality delivery health care service appreciate information post responses thank president
232,841,3,don just like people think know,0.522,0.586,4,gun guns file law people firearms,talk.politics.guns,sci.med,talk.politics.guns,just got listening clock news channel list produced atf months investigation raid couldn believe junk list example bunch ammunition used assault rifles imagine ammunition dust yeah component far haven heard illegal thing list illegal launcher anybody know months investigation people died
233,1808,0,space nasa launch earth data research,0.522,0.458,3,don just like people think know,sci.space,sci.space,sci.med,site major commercial activity far know materials cheaper right earth asteroids comets aside semi useful low grade fusion problem aside making fusion work lunar just small order average thread reminds claims time ago moon source use earth recall wasn factor lunar high difficult moon overcome small i
234,2584,0,space nasa launch earth data research,0.522,0.620,3,don just like people think know,sci.space,sci.space,sci.med,term concept drag free idea putting spacecraft respond earth gravity field ignore drag proposed years ago involved ball floating sensors job signal little ball away ball drag free condition respond gravity spacecraft position drag
235,2189,3,don just like people think know,0.521,0.535,1,year game team good games hit,rec.sport.baseball,sci.med,rec.sport.baseball,thought fact hitting ball day stuff wonder gave talk rest lineup suddenly came alive games
236,555,3,don just like people think know,0.521,0.558,4,gun guns file law people firearms,talk.politics.guns,sci.med,talk.politics.guns,talk politics guns com apr follow months posting reader noted seen months numbers don constant particular issue shots fired remember
237,2349,0,space nasa launch earth data research,0.521,0.741,3,don just like people think know,sci.space,sci.space,sci.med,send project proposal objectives current status project chance project shall completed interesting information project help appreciated
238,1952,4,gun guns file law people firearms,0.520,0.598,3,don just like people think know,talk.politics.guns,talk.politics.guns,sci.med,good job posted article saving edition planning don people worried media question raid times despite anti gun willing talk batf agents
239,2077,3,don just like people think know,0.519,0.461,0,space nasa launch earth data research,sci.space,sci.med,sci.space,goddard fall head operations section nasa talking future missions going funded don remember title hand announcement case asked matter spend million instruments place going available lead time instrument like magellan years spent spent using current instruments current budget little future projects d
240,1197,1,year game team good games hit,0.518,0.487,3,don just like people think know,rec.sport.baseball,rec.sport.baseball,sci.med,hernandez explained know essential fans scores problem posting scores games completed like said earlier don think post scores middle games like come practice
241,1301,3,don just like people think know,0.518,0.516,4,gun guns file law people firearms,talk.politics.guns,sci.med,talk.politics.guns,did did miller don text case handy yes shotguns used american war civil war question possession shotgun weapon altered improve free produce evidence willing just don nra position does mean rkba attitude makes nra
242,1433,4,gun guns file law people firearms,0.518,0.508,3,don just like people think know,talk.politics.guns,talk.politics.guns,sci.med,day shows ignorance power cut weeks lived area thinks electric favor stop working power power come country city gas jim jmd handheld com
243,2263,3,don just like people think know,0.517,0.648,2,edu image graphics com file software,sci.space,sci.med,comp.graphics,doug actually memory serves atlas old titan probably quite old need able buy pad including facility prices pretty cheap
244,2230,4,gun guns file law people firearms,0.516,0.533,3,don just like people think know,talk.politics.guns,talk.politics.guns,sci.med,know reading just did make wondering help say provided paragraph shall person transfer possess got looking law dictionary person artificial created government rights federal constitution don understand like individual tell government tell possess just passing law does make law knows laws goes court 
245,152,0,space nasa launch earth data research,0.515,0.645,2,edu image graphics com file software,sci.space,sci.space,comp.graphics,according software engineering professor actually level ibm unit produced software shuttle means interesting note software development groups level ibm shuttle groups level
246,1384,3,don just like people think know,0.515,0.687,0,space nasa launch earth data research,sci.space,sci.med,sci.space,does know size cold gas roll control tanks rockets work cold gas need make tanks big rocket payload guidance telescope pounds uses minutes space pretty firing duty cycle need kill payload look sun tanks holding speaking memory flight ground crew choose use based black magic algorithm extra tank modu
247,1050,3,don just like people think know,0.514,0.651,1,year game team good games hit,rec.sport.baseball,sci.med,rec.sport.baseball,watching mets rockies calling belt far letters nice case
248,1345,4,gun guns file law people firearms,0.514,0.552,3,don just like people think know,talk.politics.guns,talk.politics.guns,sci.med,flame guy really pay attention news oops forgot media jump right story facts known believe ways koresh followers did repeat did survive mass innocent people survivors burn unit local hospital reported david shit hit fan majority children children supposed makes children told david followers heat sta
249,235,2,edu image graphics com file software,0.514,0.505,3,don just like people think know,comp.graphics,comp.graphics,sci.med,idea polygon using polygon necessarily window problem finding new resulting simply matter usual algorithm edges polygon checked polygon way comments welcome
250,1735,3,don just like people think know,0.513,0.504,4,gun guns file law people firearms,talk.politics.guns,sci.med,talk.politics.guns,talk politics guns utexas edu apr watching knife gun bit contributed comments stuff face knife gun got come ignorance used think pretty thing got educated people rule understand deadly quickly killed people don understand takes inch areas cause quick minute death death rates handguns percentage poin
251,1192,3,don just like people think know,0.513,0.526,2,edu image graphics com file software,comp.graphics,sci.med,comp.graphics,regards seen compressed movies fairly impressive gray scale movie minutes video little bad second saw minutes bit color measured consider movies practical thing unlike formats end losing resolution don know kind software hardware used creating movies saw guy showed said took minutes frame generate s
252,2015,3,don just like people think know,0.512,0.658,4,gun guns file law people firearms,sci.med,sci.med,talk.politics.guns,illegal perform licensed practitioner single documented case transmission aids wouldn worry
253,2277,3,don just like people think know,0.512,0.560,1,year game team good games hit,rec.sport.baseball,sci.med,rec.sport.baseball,don problem pretty swing non make outs especially ball counts dave
254,1802,2,edu image graphics com file software,0.512,0.599,0,space nasa launch earth data research,sci.space,comp.graphics,sci.space,original com day com mar com wrote com nick longer term consider orbiting mirrors world japanese developed plan called public good space energy satellites ralph
255,928,2,edu image graphics com file software,0.512,0.613,3,don just like people think know,sci.med,comp.graphics,sci.med,suppose died certainly heard law authorities refused similar law allows practice hospitals seen don know single lot net able tell provides gordon banks skepticism chastity intellect geb cadre dsl pitt edu shameful surrender soon
256,512,3,don just like people think know,0.512,0.549,2,edu image graphics com file software,comp.graphics,sci.med,comp.graphics,yes want concentrate development issues created graphics libraries time life short thanks posting original request looked mac capabilities low grade
257,48,1,year game team good games hit,0.510,0.564,3,don just like people think know,rec.sport.baseball,rec.sport.baseball,sci.med,does listen know talking sports radio new york clear night signal east coast particular want know mike school virginia listen day just wondering
258,614,2,edu image graphics com file software,0.508,0.479,3,don just like people think know,sci.med,comp.graphics,sci.med,brain infection deep brain substance hard cure antibiotics gets usually needs gordon banks skepticism chastity intellect geb cadre dsl pitt edu shameful surrender soon
259,1833,3,don just like people think know,0.508,0.582,2,edu image graphics com file software,comp.graphics,sci.med,comp.graphics,wondering knows information graphics series use think really wouldn mind able use similar features programs thanks advance
260,1755,3,don just like people think know,0.508,0.471,2,edu image graphics com file software,comp.graphics,sci.med,comp.graphics,looking software called far know simple used visualization lines old version program unfortunately don documentation knows docs maybe newer version program program does sort thing love hear think written ideas
261,1804,4,gun guns file law people firearms,0.508,0.547,3,don just like people think know,talk.politics.guns,talk.politics.guns,sci.med,april issue page sporting green section copy bit screwed says prices offered run set joint printing agreement differ content seen gun ads recently anti gun don know papers does claim things changing easier telling truth cares way make sure actually doing andy
262,2582,3,don just like people think know,0.507,0.520,4,gun guns file law people firearms,talk.politics.guns,sci.med,talk.politics.guns,data point friend police officer essentially away perfectly justified likely great deal note carrying gun concealed state things pretty
263,2404,4,gun guns file law people firearms,0.507,0.536,3,don just like people think know,talk.politics.guns,talk.politics.guns,sci.med,trust modern governments time idea citizens rights government common extent rights yes times change technology changes possibility governments possible quite recently restricted having people does make better did freedom freedom religion real attack
264,869,0,space nasa launch earth data research,0.506,0.732,3,don just like people think know,comp.graphics,sci.space,sci.med,marketing rep recently offered marketing rep bet market schedule rep bet probably knew players pre production manufacturing runs months commercial release date time commercial release manufacturers players announced possibly production sets production number software companies box know bar road head
265,1586,0,space nasa launch earth data research,0.504,0.639,3,don just like people think know,sci.med,sci.space,sci.med,interested investigations health young russian highest medical education work biological field like work problem anybody send hospitals medical centers scientific problems human health investigated like set scientific contacts deals investigations field appreciated reply contact post russia region b
266,2286,3,don just like people think know,0.504,0.742,1,year game team good games hit,rec.sport.baseball,sci.med,rec.sport.baseball,royals time play land like cold canada lived shall live completely guess
267,780,0,space nasa launch earth data research,0.504,0.598,3,don just like people think know,sci.space,sci.space,sci.med,amateur radio operator like going matter coming days learned alot satellites current future past way series astro observatory space book library called satellites think photo earth type satellite like build model large color poster satellites think places usa sell favorite looking satellite followed
268,743,1,year game team good games hit,0.503,0.519,3,don just like people think know,rec.sport.baseball,rec.sport.baseball,sci.med,listen explain buck pitched relief yesterday figure know better jason miller doctor guy
269,270,3,don just like people think know,0.503,0.635,2,edu image graphics com file software,sci.space,sci.med,comp.graphics,home office number note area code change friend used use data apply password info hope morning
270,1851,3,don just like people think know,0.503,0.496,2,edu image graphics com file software,comp.graphics,sci.med,comp.graphics,info regarding reading floppy people know personally read images floppy haven tried realize slow gif files
271,1438,0,space nasa launch earth data research,0.503,0.752,3,don just like people think know,comp.graphics,sci.space,sci.med,saw subject think wrigley field chicago maybe just graphics programmer tech child lerc nasa gov nasa lewis research center tom cleveland
272,2507,1,year game team good games hit,0.502,0.611,3,don just like people think know,rec.sport.baseball,rec.sport.baseball,sci.med,does know does radio reader lefty pitched briefly just curious paul spending time reading baseball stretch farm animal natural length koufax com paul
273,2029,3,don just like people think know,0.502,0.484,4,gun guns file law people firearms,talk.politics.guns,sci.med,talk.politics.guns,talk politics guns com apr pro gun posters group guns owned firearms years posting group example worth firearms sort long time readers group know rkba freedom
274,1545,3,don just like people think know,0.501,0.663,0,space nasa launch earth data research,sci.space,sci.med,sci.space,following delta clipper program small question understand derived orbital vehicle atmosphere sort completely nose look drawing seen think design sort like orbiter work better required anybody explain ken harvard edu
275,1842,0,space nasa launch earth data research,0.501,0.529,3,don just like people think know,sci.space,sci.space,sci.med,date apr gmt ralph ralph org government just private commercial concerns just build space station charge government researchers use believe thought industrial space facility don remember details think space services wanted nasa sign deal order help nasa didn like deal sure hear wrong
276,317,3,don just like people think know,0.501,0.578,0,space nasa launch earth data research,sci.space,sci.med,sci.space,reading spaceflight handbook author solar forces acting try gain initial passing close sun orbit magnitude estimated order says big problem manned craft humans published long question finally fact aid mechanical devices course possible used extended larger
277,2219,2,edu image graphics com file software,0.501,0.764,1,year game team good games hit,rec.sport.baseball,comp.graphics,rec.sport.baseball,running chicago national league list send information andrew edu thanks
278,610,4,gun guns file law people firearms,0.501,0.596,3,don just like people think know,talk.politics.guns,talk.politics.guns,sci.med,does mean gang member gang areas gang members obvious trying hit target does trying post self defense shooting rest understand error lot gun games sounds like practical pistol maybe sounds like self defense practice things action hunting like post shooting andy
279,1123,2,edu image graphics com file software,0.500,0.525,3,don just like people think know,comp.graphics,comp.graphics,sci.med,understand couple virtual reality hear project gif images walls run like need term really virtual reality non stuff virtually really virtual reality
280,755,3,don just like people think know,0.500,0.470,2,edu image graphics com file software,comp.graphics,sci.med,comp.graphics,working game using perspective similar used basically look room looks similar following good thing perspective look dimensions maintain vision routines hard particular case wall edge using mode run problems sure readers tried opinions routines drawing walls ran image considered anti routines speed r
281,1198,0,space nasa launch earth data research,0.499,0.530,3,don just like people think know,sci.space,sci.space,sci.med,command loss does just says indicates probe lost data link receiving commands command loss believe probe starts search earth sequence involving antenna pointing attitude changes consume fuel try communications ops sent periodically periods real commands sent just probe knows haven hope clear insisti
282,2291,3,don just like people think know,0.499,0.484,1,year game team good games hit,rec.sport.baseball,sci.med,rec.sport.baseball,know michael jackson jack wouldn making near money weren point usually away team best players expect win think pirates continue win barry bonds working jack gets paid hard working citizens matter million reason happens folks start making real big late career course dave fell apart making million mil
283,1322,3,don just like people think know,0.499,0.579,4,gun guns file law people firearms,talk.politics.guns,sci.med,talk.politics.guns,self defense year doesn count maybe just woman boston chances certain won self local didn consider important allowed arm shotgun home makes gun owner column words somebody lives florida average threat level florida reduced liberal ccw policy known local like target precisely likely carrying come bos
284,616,2,edu image graphics com file software,0.497,0.495,3,don just like people think know,comp.graphics,comp.graphics,sci.med,year ago started work problem appeared simple turned quite difficult wondering net seen problem hopefully published solutions problem draw surface defined roughly parallel problem essentially starts sets points set points edge object treat dimensional edges exists dimensional space draw object fit p
285,383,4,gun guns file law people firearms,0.497,0.646,3,don just like people think know,talk.politics.guns,talk.politics.guns,sci.med,agree read article written glock probably auto best jeff rule finger trigger want shoot just observed fewer accidents david university
286,695,2,edu image graphics com file software,0.497,0.617,3,don just like people think know,sci.med,comp.graphics,sci.med,folks think lyme mean physician walks door lyme disease treated lyme hope good insurance gordon banks skepticism chastity intellect geb cadre dsl pitt edu shameful surrender soon
287,925,3,don just like people think know,0.496,0.592,2,edu image graphics com file software,comp.graphics,sci.med,comp.graphics,tight matter problems important help define finally little tiff bit image format chris
288,1704,0,space nasa launch earth data research,0.496,0.523,3,don just like people think know,sci.space,sci.space,sci.med,hate cold water currently using new improved japan times expensive spot market cheap right right places like canada rich present safety work vehicles plenty sources example processing come line reached demand supply balance collapse supply demand balance changes price going increase price factor end
289,2469,2,edu image graphics com file software,0.495,0.573,3,don just like people think know,comp.graphics,comp.graphics,sci.med,thanks filled existence assumed particular number line company guess assume computer industry operate logical manner spot version stated current version software older version distant future quite does better job playing movies size does playing movies apparently process frame image bitmap appropria
290,1953,3,don just like people think know,0.495,0.545,1,year game team good games hit,rec.sport.baseball,sci.med,rec.sport.baseball,heard interested mark davis doesn surprise team cash actually
291,54,1,year game team good games hit,0.494,0.697,3,don just like people think know,rec.sport.baseball,rec.sport.baseball,sci.med,lived boston area years talking new boston lived day overcome day new fans stadium called year nearly long preliminary new stadium local politics fashion new
292,185,3,don just like people think know,0.494,0.526,1,year game team good games hit,rec.sport.baseball,sci.med,rec.sport.baseball,say think just games season going wait bit calling names expect dave really bad pitcher idea wanted hand expect release doesn turn things pretty fast btw game score points problem method performance bad think rookie year bit aren willing bats starts acting didn walk time bomb stuff league finally wo
293,918,0,space nasa launch earth data research,0.493,0.764,3,don just like people think know,rec.sport.baseball,sci.space,sci.med,wish hadn sold copy jewish baseball stars short shelf tank special writing books awful taken degree funny author think
294,348,4,gun guns file law people firearms,0.493,0.557,3,don just like people think know,talk.politics.guns,talk.politics.guns,sci.med,maybe religious establish right mind law law away
295,832,2,edu image graphics com file software,0.493,0.701,3,don just like people think know,comp.graphics,comp.graphics,sci.med,apple just released volume new inside macintosh series reasonable technical stock
296,882,3,don just like people think know,0.492,0.592,1,year game team good games hit,rec.sport.baseball,sci.med,rec.sport.baseball,come true baseball things baseball allows carry arguments explained statistical basis wonder mystery left just going enjoy game paul feeling little anti today stretch farm animal natural length koufax com paul
297,809,0,space nasa launch earth data research,0.491,0.621,3,don just like people think know,sci.space,sci.space,sci.med,bad didn data think gamma ray mind mechanism drag free satellite carries gold set dead minds want know carry features drag free thought possible experimental activity
298,2124,0,space nasa launch earth data research,0.490,0.594,3,don just like people think know,sci.space,sci.space,sci.med,missed presentations given morning session gave presentation did attend afternoon session meeting small conference room mike table panel members use like sat outside conference room watched presentations closed general sound fair poor speakers like committee member space agency didn lead presentatio
299,199,0,space nasa launch earth data research,0.490,0.516,3,don just like people think know,sci.space,sci.space,sci.med,great visit national air space museum end month wife working general time life
300,944,3,don just like people think know,0.490,0.731,1,year game team good games hit,rec.sport.baseball,sci.med,rec.sport.baseball,giants wondering anybody familiar stadium tell section lower level located mail response thanks rich
301,1220,0,space nasa launch earth data research,0.488,0.674,3,don just like people think know,comp.graphics,sci.space,sci.med,concept software determine success news shown private software currently developing software
302,1073,4,gun guns file law people firearms,0.488,0.538,3,don just like people think know,talk.politics.guns,talk.politics.guns,sci.med,look time look funny thing attached quick release gun ones better don numbers chicago philadelphia police cars carried multiple automatic weapons thousands standard issue nature cop shoot job single especially cop guaranteed backup gang member shoot extra don help time difference matter shoot cops a
303,264,2,edu image graphics com file software,0.487,0.538,3,don just like people think know,sci.med,comp.graphics,sci.med,essential gets worse patient use member head involved beta usually effective alcohol effective alcohol toxic use treatment gordon banks skepticism chastity intellect geb cadre dsl pitt edu shameful surrender soon
304,1504,3,don just like people think know,0.487,0.597,2,edu image graphics com file software,comp.graphics,sci.med,comp.graphics,looking good free graphics library package program mainly use write children games education software heard mentioned good question sounds little strange asking question friend thanks advance
305,694,2,edu image graphics com file software,0.487,0.608,3,don just like people think know,sci.med,comp.graphics,sci.med,migraine attack people event long careful avoid getting hit face eye ball migraine hurt health gordon banks skepticism chastity intellect geb cadre dsl pitt edu shameful surrender soon
306,130,3,don just like people think know,0.486,0.631,1,year game team good games hit,rec.sport.baseball,sci.med,rec.sport.baseball,article jewish major recent issue fields used minnesota review baseball recall amazing research long list players large
307,158,0,space nasa launch earth data research,0.486,0.556,3,don just like people think know,sci.med,sci.space,sci.med,develop problems flying hear limit maximum number flying hours limits main problems associated long hours trips
308,385,3,don just like people think know,0.486,0.642,0,space nasa launch earth data research,sci.space,sci.med,sci.space,lets hear dan convince rest federal government space program worth investment hope live day walk mars need address technical sufficient maybe consider starting sci space group technical analysis long duration human spaceflight know interested starting analysis soon possible
309,1238,0,space nasa launch earth data research,0.486,0.522,3,don just like people think know,sci.space,sci.space,sci.med,poor old physics surprised tiny sitting close jupiter play role problem extra volume add phase space possible capture jupiter satellites said references looked mention important processes important thing jupiter sun comet reverse leads jupiter bound orbit comet
310,1605,0,space nasa launch earth data research,0.485,0.637,2,edu image graphics com file software,sci.med,sci.space,comp.graphics,device copy library congress describes necessary equipment plate setup used film removed single dark room exposure film ran camera developing high quality good way experience photography really know ready pattern energy significant caused exposure time distance plate pressure plate photo materials i
311,1399,3,don just like people think know,0.484,0.576,1,year game team good games hit,rec.sport.baseball,sci.med,rec.sport.baseball,writes weekly press baseball america sort thing usually states sort projection useless think did season manager projected games hitter expect times does really funny stuff weekly baseball good strange things happened previous week regularly
312,2255,0,space nasa launch earth data research,0.484,0.539,3,don just like people think know,sci.space,sci.space,sci.med,emergency oxygen capable maintaining atmosphere long come like hole wall plug josh uiuc edu replied wow double wow land shuttle hole wall don know like try yes land orbiter hole wall provided thing caused hole didn cause failure internal systems places hole cause bad day especially hole went way orb
313,1872,4,gun guns file law people firearms,0.484,0.797,3,don just like people think know,talk.politics.guns,talk.politics.guns,sci.med,wonder exact listing lives saved california waiting period states
314,1243,3,don just like people think know,0.483,0.674,1,year game team good games hit,rec.sport.baseball,sci.med,rec.sport.baseball,time start rec sport baseball leave rest peace
315,732,3,don just like people think know,0.482,0.625,1,year game team good games hit,rec.sport.baseball,sci.med,rec.sport.baseball,does read baseball tend like means runs spread means bet win favorite win
316,1261,3,don just like people think know,0.482,0.790,2,edu image graphics com file software,comp.graphics,sci.med,comp.graphics,sent copy today mail hope days impulse said week hope good claim jim
317,1526,3,don just like people think know,0.482,0.550,1,year game team good games hit,rec.sport.baseball,sci.med,rec.sport.baseball,phillies picked replied people picked people picked mets year reply yeah true phillies
318,1341,3,don just like people think know,0.481,0.592,2,edu image graphics com file software,comp.graphics,sci.med,comp.graphics,got computer video card starting play surprise surprise going try exchange better card big question video card high quality acceptable price student budget
319,2082,1,year game team good games hit,0.481,0.581,3,don just like people think know,rec.sport.baseball,rec.sport.baseball,sci.med,comes april throwing pain lost official total pounds hopefully week tonight tomorrow
320,1760,4,gun guns file law people firearms,0.480,0.632,3,don just like people think know,talk.politics.guns,talk.politics.guns,sci.med,doctor firearms tech expert given way gun points accidental injuries way lethal
321,2577,0,space nasa launch earth data research,0.478,0.742,3,don just like people think know,sci.space,sci.space,sci.med,henry assumption gets wins want fine print says shall use shelf hardware sorry didn copy run lines dollar simple goal ahead development buy shelf higher cost russian assume buy moon launching little payloads leo laser gas gun working bugs assembly integration leo hey couple lunar environment
322,1519,3,don just like people think know,0.475,0.556,4,gun guns file law people firearms,talk.politics.guns,sci.med,talk.politics.guns,talk politics guns cad edu apr isn rec guns maybe getting bet technical depends imagine doing type shooting single action assuming cylinder rotate safety got new hammer transfer bar extra round quite true speed little magazines true training function single actions hammer double actions carry modes 
323,495,0,space nasa launch earth data research,0.474,0.761,3,don just like people think know,comp.graphics,sci.space,sci.med,looking following paper fortran inside given rep energy establishment england related including cases max max better
324,1127,3,don just like people think know,0.473,0.802,2,edu image graphics com file software,rec.sport.baseball,sci.med,comp.graphics,trying copy rules baseball sent isbn number lost information tell book local
325,1407,0,space nasa launch earth data research,0.472,0.569,2,edu image graphics com file software,sci.space,sci.space,comp.graphics,level software engineering institute capability model model rates software development org beginning use contracts data page page presentation fax interested ibm com
326,913,3,don just like people think know,0.471,0.681,0,space nasa launch earth data research,sci.space,sci.med,sci.space,posted misc wanted misc wanted wanted wanted wanted wanted optical single ended needed telescope telescope observatory mass boston project managed george student email specified type course low funding level looking price lower given new george
327,760,3,don just like people think know,0.469,0.705,1,year game team good games hit,rec.sport.baseball,sci.med,rec.sport.baseball,hear brother let try weeks april today just finished reading posts regarding cleveland indians say don want read games played weeks ago charles mentioned quote join mailing list want consider entering inning scores thank plug read rest posts spring training jim university
328,174,2,edu image graphics com file software,0.464,0.638,3,don just like people think know,sci.space,comp.graphics,sci.med,wondering faq files posted monthly days feeling
329,2457,0,space nasa launch earth data research,0.464,0.613,3,don just like people think know,sci.med,sci.space,sci.med,monthly postings newsletter long island chapter international organization unfortunately unable post date month meeting posting posting world wide instead information useful hope used example posting data related mike international organization long island chapter box newsletter april volume meeting
330,1059,4,gun guns file law people firearms,0.464,0.611,3,don just like people think know,talk.politics.guns,talk.politics.guns,sci.med,wrote strongly letters batf anger help letter writing campaign
331,1896,3,don just like people think know,0.463,0.624,0,space nasa launch earth data research,sci.space,sci.med,sci.space,just like point easier place object orbital altitude place orbital velocity target surface earth need delta assuming rockets specific seconds easy produce rocket dry weight require fuel small charge depending nature structure payload sure project capability amateur community sounds like good science
332,742,0,space nasa launch earth data research,0.462,0.806,3,don just like people think know,sci.space,sci.space,sci.med,disclaimer opinion does represent views research association department energy regular science fiction organization
333,1826,4,gun guns file law people firearms,0.458,0.770,3,don just like people think know,talk.politics.guns,talk.politics.guns,sci.med,read rec guns summer just purchased firearm early march year
334,1510,4,gun guns file law people firearms,0.458,0.746,3,don just like people think know,talk.politics.guns,talk.politics.guns,sci.med,fbi briefing mention having starters mother media jmd handheld com
335,47,0,space nasa launch earth data research,0.458,0.585,3,don just like people think know,sci.space,sci.space,sci.med,catch purposes contest probably afford lower delivery systems demand develop new course low demand wonder way contest encourage low cost payload delivery systems methods probably work example allow engines depends soon new launch comes line words great deal technology life support navigation develop
336,2557,4,gun guns file law people firearms,0.458,0.676,3,don just like people think know,talk.politics.guns,talk.politics.guns,sci.med,sure screwed sort mistake post didn article seen post ignored talk politics guns com rick apr talk politics guns math paul apr let look guns did illegal manufacturing site make compared
337,320,3,don just like people think know,0.455,0.644,0,space nasa launch earth data research,sci.space,sci.med,sci.space,comet spent time satellite jupiter years ago believe calculations
338,2267,4,gun guns file law people firearms,0.455,0.823,2,edu image graphics com file software,sci.med,talk.politics.guns,comp.graphics,britain information different complete isbn published britain
339,2112,2,edu image graphics com file software,0.455,0.694,3,don just like people think know,sci.med,comp.graphics,sci.med,dangerous immune persons extremely dangerous rest isn dangerous worst women touch box cook meat watch read effective check course reverse damage gordon banks skepticism chastity intellect geb cadre dsl pitt edu shameful surrender soon
340,633,0,space nasa launch earth data research,0.452,0.657,3,don just like people think know,sci.space,sci.space,sci.med,think largely result efforts people reading group writing letters making phone calls following happened nasa funds alive efforts kill twice feb june year kept job heavy mark thinking shows readers sci space power influence allen
341,2258,3,don just like people think know,0.450,0.658,4,gun guns file law people firearms,talk.politics.guns,sci.med,talk.politics.guns,like know restrictions handguns waiting periods background check states thanks
342,1276,3,don just like people think know,0.450,0.739,0,space nasa launch earth data research,sci.space,sci.med,sci.space,advertising space big ball watching stars cause strike article orbiting space mirrors published spaceflight days count ones count
343,147,1,year game team good games hit,0.450,0.771,2,edu image graphics com file software,rec.sport.baseball,rec.sport.baseball,comp.graphics,enjoy style uniform disagree person wants return non gray road uniforms reason uniforms especially new road green navy blue road marketing money sales new
344,2409,4,gun guns file law people firearms,0.450,0.727,3,don just like people think know,talk.politics.guns,talk.politics.guns,sci.med,blue press suggests hci information concern list members hci claim calls new member think think claim new ban firearms solar ask information hand respect editor blue press just mike makes good got lee does mean fan follows mike calls like local state called complete ban non action military rifles as
345,1999,2,edu image graphics com file software,0.448,0.702,0,space nasa launch earth data research,sci.space,comp.graphics,sci.space,wonderful book called astronomical algorithms fairly sure contains algorithm times dan mail stop nasa ames research center field
346,1577,2,edu image graphics com file software,0.447,0.706,3,don just like people think know,comp.graphics,comp.graphics,sci.med,yes create group alt soon pov like don better dave
347,96,3,don just like people think know,0.446,0.775,0,space nasa launch earth data research,sci.space,sci.med,sci.space,archive space modified date astronomical faq section posted sci astro various postings sci astro sequence fine right big astronomical kill right surely astronomy guilty killed students favorite menu requires odd ball generally really stuff big kill saturday boy really surprising boy grade bad richar
348,1024,2,edu image graphics com file software,0.440,0.683,1,year game team good games hit,rec.sport.baseball,comp.graphics,rec.sport.baseball,hello subject tells trying formula era pitchers baseball fans mail com thank
349,647,3,don just like people think know,0.440,0.705,0,space nasa launch earth data research,sci.space,sci.med,sci.space,thanks information assume semi major axis given respectively jupiter capture means comet ended orbit comes closer jupiter far jupiter jupiter influence jupiter radius figure unlikely actually case figure mark toronto remember com pete
350,591,0,space nasa launch earth data research,0.440,0.712,3,don just like people think know,sci.space,sci.space,sci.med,practical suggestion sure news lists brian posted usenet report mar posting called usenet summary report mar gives methodology survey postings failed appear wonder gives measure power influence readers sorry mark suspect mark news lists copies reports line estimated total number people read group ac
351,2204,2,edu image graphics com file software,0.438,0.686,0,space nasa launch earth data research,sci.space,comp.graphics,sci.space,nick given heard shuttle software level strongly doubt having lots bugs case level different levels heard care used measure software process entire process software gets designed written tested supported software process excellent software engineering text levels software process initial defined man
352,2254,3,don just like people think know,0.438,0.730,0,space nasa launch earth data research,sci.space,sci.med,sci.space,background theoretical concept drive using drive spacecraft idea devices plate attached main spacecraft shock wave transfer ship atmosphere energy explosion atmosphere shock wave plate vacuum things going hit plate fusion products bomb radiation light heat products work radiation especially given ma
353,1292,3,don just like people think know,0.436,0.702,4,gun guns file law people firearms,sci.space,sci.med,talk.politics.guns,george called majority rules sorry don like suggest modify constitution include constitutional right dark theory government majority rules nature fundamental civil rights really legislation create dark sky light protected kind like national radio did know near radio telescope observatory west virgin
354,1410,3,don just like people think know,0.435,0.781,0,space nasa launch earth data research,comp.graphics,sci.med,sci.space,exist number licensed make includes extra bus making like
355,2542,3,don just like people think know,0.435,0.718,2,edu image graphics com file software,talk.politics.guns,sci.med,comp.graphics,edu party line thank jim welcome actually probably committed ultimate college student liberal liberal mike
356,615,0,space nasa launch earth data research,0.432,0.680,3,don just like people think know,sci.space,sci.space,sci.med,actually longer true years congress laws provide needed note comet funded way problems aren legal technical problem nasa culture allen
357,1035,3,don just like people think know,0.431,0.726,4,gun guns file law people firearms,talk.politics.guns,sci.med,talk.politics.guns,alcohol banned today difficult large scale operation cops just military communications intelligence gathering similar country greatly decreased value pound low compared simply worth risk domestic pressure domestic note domestic strong small volume goes long way make alcohol stronger proof good dolla
358,108,2,edu image graphics com file software,0.430,0.683,3,don just like people think know,comp.graphics,comp.graphics,sci.med,look edge consider connected edge edge appear appear edges surface travel edge bad assuming warning warning warning acceptable surface pick edge edge surface edge pick edge mark face containing edge oops make sure edges consistent face wrong mark edges add check especially don let remove edge marked
359,1246,0,space nasa launch earth data research,0.425,0.667,3,don just like people think know,sci.space,sci.space,sci.med,hmmm recall solid state record players wasn better performance lower unit cost vacuum tube systems mind vacuum tube fan solid state mid died doubt account biased
360,1499,2,edu image graphics com file software,0.423,0.721,3,don just like people think know,sci.med,comp.graphics,sci.med,spend time dealing quality stuff hot number journals worth looking quality review bulletin pub joint organizations quality health care publishing group box
361,2516,3,don just like people think know,0.421,0.686,0,space nasa launch earth data research,sci.space,sci.med,sci.space,folks exactly certain best place ask searching summer engineering early aerospace engineering fall does know available process larger companies martin lockheed knows appreciate mail thanks advance
362,1572,2,edu image graphics com file software,0.419,0.689,3,don just like people think know,comp.graphics,comp.graphics,sci.med,binary forget answer question life universe quote douglas adams round way course question discovered mark university texas center graphics facility utexas edu utexas edu utexas edu
363,1708,0,space nasa launch earth data research,0.419,0.689,3,don just like people think know,sci.space,sci.space,sci.med,read article computer technology stated new computer technology actually lower replaced silicon effective products available capable silicon multi single argument new technologies future higher performance lower cost higher think fit model certainly launch weight offers greater cycle times lower cos
364,2075,2,edu image graphics com file software,0.416,0.691,0,space nasa launch earth data research,sci.space,comp.graphics,sci.space,trying mailing addresses following companies specifically need addresses offices like bureau companies orbital sciences corp know seattle space houston space anybody point right direction prefer email response post summary sufficient exists thanks
365,12,2,edu image graphics com file software,0.415,0.821,1,year game team good games hit,rec.sport.baseball,comp.graphics,rec.sport.baseball,somebody tell dodgers newsletter net subscribe thanks
366,1364,3,don just like people think know,0.414,0.760,0,space nasa launch earth data research,sci.space,sci.med,sci.space,thanks final question wasn known thread came issue scientific american article photo project scientist nasa gamma ray observatory person mark toronto information want information com
367,554,3,don just like people think know,0.413,0.726,1,year game team good games hit,rec.sport.baseball,sci.med,rec.sport.baseball,stuff inning scores deleted just exact time message results game necessary thanks hernandez posts daily standings results day supposed just wondering meant entirely service entire baseball world usenet especially east coast final scores west coast games newspapers late helpful fans countries receive
368,506,3,don just like people think know,0.412,0.710,0,space nasa launch earth data research,sci.space,sci.med,sci.space,reply address mark org gov article jsc nasa gov brief manned lunar exploration crystal city virginia thanks typing steven hope decide pat net use eyes ears plan minutes away home report perspective sci space going send maybe plan cross briefly maintain list going mark org
369,844,0,space nasa launch earth data research,0.411,0.726,3,don just like people think know,sci.space,sci.space,sci.med,schools rich individuals people million dollars mail people claimed person space pound send person space split rest money ground crew attempts launch methods clearly dangerous environment usage materials areas planetary importance yes talk lobby people major problem space talk action
370,1996,3,don just like people think know,0.408,0.709,2,edu image graphics com file software,comp.graphics,sci.med,comp.graphics,works fine think remember reading displays bit course colors use miller mad craft camp edu university dark craft camp edu
371,242,1,year game team good games hit,0.406,0.772,3,don just like people think know,rec.sport.baseball,rec.sport.baseball,sci.med,lucky account number accurate big hope think day wall section expos identify messages subject line importance work john palmer concluded able resources gone archives sent send official introduction deep drive wonder need project research archive changed send suggestions study address given just thin
372,1351,4,gun guns file law people firearms,0.403,0.740,3,don just like people think know,sci.med,talk.politics.guns,sci.med,particularly citizens like difficult situation citizens vote non citizens little non citizen middle processing status sense program status
373,2375,4,gun guns file law people firearms,0.402,0.752,2,edu image graphics com file software,talk.politics.guns,talk.politics.guns,comp.graphics,running daily summary randy weaver kevin harris trial summaries sent primarily mailing lists wondering people interested seeing post email drew
374,2158,3,don just like people think know,0.398,0.741,2,edu image graphics com file software,sci.space,sci.med,comp.graphics,looking source orbital element sets space command believe compuserve let know possible sources reach thanks
375,248,3,don just like people think know,0.397,0.906,1,year game team good games hit,sci.space,sci.med,rec.sport.baseball,missed big difference plane exactly state positions equal addition proposed bob
376,1579,2,edu image graphics com file software,0.396,0.824,3,don just like people think know,sci.med,comp.graphics,sci.med,provide information chemical agent tear gas used recently waco just effects body gsfc nasa gov regards code gsfc doug maryland
377,2563,4,gun guns file law people firearms,0.394,0.738,2,edu image graphics com file software,sci.space,talk.politics.guns,comp.graphics,tom subject computer cult scott apr received org apr date apr message org scott scott scott subject stand status city stand entered week today authorities reported progress cult leader steve jobs situation inside compound reports suggest half hundreds followers inside claim staying free jobs manner 
378,1267,1,year game team good games hit,0.391,0.715,3,don just like people think know,rec.sport.baseball,rec.sport.baseball,sci.med,hello like learn score watch ball games using official scoring methods instructions use appreciate mike
379,1593,1,year game team good games hit,0.380,0.926,3,don just like people think know,talk.politics.guns,rec.sport.baseball,sci.med,admit acts expect dave netcom com
380,2227,2,edu image graphics com file software,0.379,0.799,3,don just like people think know,sci.space,comp.graphics,sci.med,pictures space related items space station designs finished don know check adult files mean maybe gif files create slide shows think
381,1357,2,edu image graphics com file software,0.372,0.698,1,year game team good games hit,rec.sport.baseball,comp.graphics,rec.sport.baseball,supposed just wondering service entire baseball world usenet especially east coast final scores west coast games newspapers late helpful fans countries receive weekly scores updates week requested kind service previously available bbs pay news services way free charge copyright restrictions remember
382,464,0,space nasa launch earth data research,0.367,0.720,2,edu image graphics com file software,sci.space,sci.space,comp.graphics,did russian spacecraft ill mission years ago send images moon does know ftp site thanks
383,1233,2,edu image graphics com file software,0.367,0.870,3,don just like people think know,comp.graphics,comp.graphics,sci.med,speaking licensed games media international following recently posted message section forum seventh guest licensed games interactive media international rights licensed graphics using potential meaning using additional memory motion video capabilities europe available licensed don know available wor
384,2361,3,don just like people think know,0.357,0.830,4,gun guns file law people firearms,talk.politics.guns,sci.med,talk.politics.guns,interested just finished talking representative bob campaign position texas complete term representative said did position comment specific legislation comment available various versions brady
385,1788,4,gun guns file law people firearms,0.355,0.756,0,space nasa launch earth data research,sci.space,talk.politics.guns,sci.space,unfortunately launch citizen need launch permit office commercial space transportation think difficult permit weapon roughly rules actually complex ways result
386,668,0,space nasa launch earth data research,0.354,0.834,2,edu image graphics com file software,sci.space,sci.space,comp.graphics,make copies aerospace pay copyright fee
387,2488,2,edu image graphics com file software,0.351,0.708,4,gun guns file law people firearms,talk.politics.guns,comp.graphics,talk.politics.guns,today waco finally start working thinking time years heard case government running completely unfortunately people government crimes think intend american file cases american government run rights citizens years especially deaths injuries resulting knock resulting civil laws including cases decent d
388,243,4,gun guns file law people firearms,0.351,0.742,3,don just like people think know,sci.space,talk.politics.guns,sci.med,current mining regulations fees set called want simply bring fees line current economic reality currently mining companies access public low prices like mining lobby decades managed block fees fact latest attempt president clinton taking mining fee budget plans draft separate legislation fight want 
389,434,0,space nasa launch earth data research,0.334,0.863,3,don just like people think know,rec.sport.baseball,sci.space,sci.med,phone number catalog shows home home home couple excellent mailing list afford prices
390,1716,2,edu image graphics com file software,0.333,0.865,3,don just like people think know,sci.space,comp.graphics,sci.med,damn drinking robert lot message refused
