text,stars
"Went in to get a dress for my young daughter. Was ignored from start to finish. When I asked if they could see if another store had the dress I wanted, instead of offering to call, they offered to give me the number so I could call. Terrible customer service. I bought my wedding dress here 10 years ago. Will never go back.",1
"Tobacco Town is a cigar shop off the 215 and Rainbow across from the Best Buy. This cigar shop also offers a good selection of pipe tobacco and even hookahs(?). A little off your traditional cigar shop with the hookah thing, but hey, they have a decent size humidor and look to be adding to the store weekly. Keep them in mind if your on that side of town and looking for a cigar.",3
Nice place for a lunch if you're in Fashion Show and don't want standard food-court food.,3
"I didn't like the BBQ sauce on the ribs here. While my ribs were passable, they certainly weren't excellent. I'm not a fan of baked beans at all, so I skipped that. I think they were barbequed which seems unappealing. The cole slaw wasn't my favorite either, it was kind of blah. All in all, I'd say go elsewhere if you are looking for delicious barbeque.",2
"I was told the rooms were renovated but was a basic clean up... Still has popcorn on the ceiling, clean but not anything fancy. Flat screen tv was terrible reception, heat and air is old and is loud and outdated. Very old casino that dates back to 1955 and is a good place to stay if you like vintage. Does not have a good filtration in the casinos and smoke is strong smelling. Would never, never stay here again... Never!",2
Eggs benedict sandwich great idea poor execution very bland and tasteless not enough ham English muffin was stale.,2
I was impressed that they had a gluten free menu but there was not one gluten free vegan option so I just asked them to make me quinoa with vegetables. Somehow what I got was a bowl of broth so I had to try to fish out my meal which now was soaked and had no flavor. I can't imagine what the chef was thinking when he poured broth over my meal and turned it into soup.,2
"Very friendly service, love that this place is locally owned! They will text you when your prescription is ready. Overall I've had great experiences here.",5
Busy busy place... great happy hour specials! Great server! \n\nWe will be back next time we are at the Aria.,5
Service was awesome. Biblical breakfast was super yummy. Can't wait to go back and try lunch! Check their Facebook page for specials. Iced coffee had coffee ice cubes how smart!,5
I'm sitting in here right now trying to work and they are blasting Glenn Beck super loud. Ay yi yi. Time to leave.,2
"The prices and care delivered at this Spay & Neuter clinic are acceptable. However, I didn't like how the vet tried to sell me on services I clearly didn't need. For example, she tried to convince me to have my dog's nails clipped when I had just clipped them 2 days ago myself. I far prefer the Spay & Neuter clinic in Tempe. Everything that's good about this clinic is good over there, but they're more professional. I gave the clinic in Tempe 5 stars.",3
"Great reception upon entering and great food! No one will be disappointed (unless you are looking for a real fancy place with fancy menus), but I bet the food at the Italian Grotto is better!",4
"Iv'e been to better places. I always forget that they dont take a card so I have to remember to get cash out when I go there. I usually order their omelets. The veggies are always crunchy so I taste more of a raw onion than I do my omelet. The food comes out fast which is great until I tasted the food. I checked it out three or four times to see if it might be different but the omelets were the same. Raw and crunchy. overall nice atmosphere, nice service, but the food is blah",3
"Corn bread--good. Street tacos--very good. The baked seafood enchilada--not so good (tasted very fishy). Tortilla soup--not so good, but maybe be average for a tex-mex style.",3
i would say one of the best buffet in las vegas today. the ambiance is nice and the food selection is very good. it's worth the wait and the $30 per person. get there as early as you can as the line gets crazy long. the servers are very friendly and efficient too.,5
"Yum if you like buttery selections (eg. Broccoli , mac'n'cheese, mashed potatoes). They do have a nice selection of Asian foods. We went for lunch. The dude cutting the meats have a positive attidude and makes the experience more enjoyable . Though the price is a little high $41.99 for weekend brunch, but definitely worth a try. You can save a whole buck if you are a current Caesar card holder, woot.",4
Do not purchase video games here! Used games are ridiculously overpriced selling for more than double the price of new.,1
"I only go for the happy hour, the little tacos are good most of the time and the beer is reasonably priced.",3
"Best place to work, great atmosphere and co-workers! The Rockstars of Old Town! Ask for Albert and mention Yelp for a 20% discount. Existing client or not!",5
"Love Fuzzy's! I always get the chicken nachos w/ feta, garlic sauce, white queso and it's super yummy! Prices are reasonable and they now deliver! Great place for take out, eat in, drinks, etc. Go for Taco Tuesdays as well!",4
dining experience was OK.\nFirst off the seating area is not roomy feels like your up in everybody's business on the table for 2. Service was good except for waiting at least 20-30 mins to get a glass of water. The food was tasty had kung pao chicken plate with a couple of rolls. Overall good experience just felt really uncomfortable with the super tight seating space from table to table.,3
"Slow service, weak food, im not sure the beers we ordered had any alcohol in them they tasted watered down. The place looks promising but I was dissapointed.",2
"This is a fun place to gamble on the cheapo slots. They have a lot of fun & interesting games that I had only seen at this property. Don't expect a lot of waitress service, but if you want to bang away on some slots and be able to move to a lot of different machines in a couple hours, you can do it here right in the middle of the strip.",4
"We finally got a Jimmy John's and I had heard so much about it being great. We tried two different sandwiches (the No 9 Italian Night Club on their great french roll and the No 12 Beach Club on thick sliced 7 grain bread). Great quality product, great bread, very competitive pricing. It is a little noisy with the music and hard surfaces in this location thou. They are a brand new location so that will probably change (hope) over time.",4
"Review for casino only:\n\nI was at Circus Circus last night to go to their Steak House restaurant. I had forgotten how large the place is, but coming from the garage in the back, I didn't have to go to the main casino. I did anyway just to see one of the circus acts. Roller skating duos must be the rage in Las Vegas with a couple spinning there last night.\n\nThe place was cleaner than I remembered from years ago. It's not a place I'd go except for the restaurant, but it is OK.",3
This is a horrible car wash. The manager / owner is extremely rude and the quality of the work is terrible. I would never waste the money to return here. They only are concerned with up selling detail packages and not with the quality of car washes done.,1
"I have been to noodle ranch once so far, food was great, fast, cheap and fresh. Place was a bit dead for Sat at lunch but since it is right down from LoLo's chicken and waffles I can understand it. People go for the 'hip' not necessarily the best food.\nNo question about it, I will be back again and again.",4
A group of my coworkers and I go here every other week for lunch. FYI the blackberry lemonade is to diiiiie for- I order it every time we go. They have delicious healthy options to eat as well! Something for everyone,4
Stayed here for 2 weeks had a group of 20 staying here. I didn't like the place . Rooms where outdated . Casino was always busy and couldn't enjoy myself so spent the whole trip at other casinos,2
"Food was good, waiter wasn't personable or friendly. Asked if I wanted a refill when I still had food on my plate, one glass minimum I guess on dr peppers?",3
"Didn't like it, but we have the best Mexican in Dallas so I am biased.\n\nThe margaritas were decent. Salsa was ehh, just had brisket tacos for apps...Cute patio. Live music, as in the guy with guitar singing \""la bamba!\""\n\nWouldn't go back. Crowd was kind of boring. Other places along Scottsdale Blvd looked way more lively.",2
"I can't even begin to tell you how refreshing it is to go to a new pizza place and find out that its not just \""a pizza place\""! \n\nTanino will cater to your wishes with a smile, a suggestion and warmth that you just don't find anymore. My teenagers love the atmosphere and we are back almost every week now... Trying everything!\n\nThe bruschetta is unreal! The eggplant pram and the ravioli are phenomenal. The closest sauce to Grandma! Keep it up guys!",5
Takeout was a miserable experience here. We were told 20-25 minutes for our pizza and it took an hour and a half. We were charged a service and delivery fee online and it was not refunded when we picked our pizza up.,1
"Wow! This place is a party planner's dream! They have lots of goodies, favors, decorations, etc. at great prices (esp. the favors). They had an Easter section (as I'm writing this in April 2011) and a clearance section in the very back aisle. I received great customer service and the store was so clean & organized that I didn't really need help finding anything. I adore this store!",5
Wish I could give them zero stars. The other reviews are spot on. They don't want your business. They refuse to honor Subway coupons. The employees act rude and condescending. Their prices are more expensive than other Subways in the area. I'd recommend the Subway at 51st and Olive if you're looking to eat at Subway in this neighborhood. Avoid this one at all costs!,1
"I hate how they just stand around and let you bag your own stuff, even when they're not actually DOING anything!",2
Ah wish this wasn't the case. It is a nice little spot and decently priced for a known chef stop in Vegas. I love him maybe that made my expectations too high or something. I got the gruyere with grilled onions and shared a salad. The salad options are insanely bland but the dressing was good at least. My sandwich was flavorless except for the fennel seeds in the bread which I wish I had been warned about since I'm not a fan of fennel. Very disappointed. Maybe I just ordered the wrong thing?,2
"Pretty good drive-thru car wash, nothing out of the ordinary. However, I was able to purchase ultd washes for the month for only $10 which is awesome!!! :)",3
A step above The Street in Mesa but not as good as Bomb Boba and other places in West Phoenix. Still pretty good though and they have a lot of flavors and varieties of Boba.\n\nAlways get the Honeydew Slush~,4
"Been here a couple times for the XDC event and I've only ever really seen one track. BUT!!! When I do go, next to the track is a huge lake where people drive their different water vehicles and can do jumps I think if they want to go water skiing. I do get burnt when it's hot but when track doesn't get you burnt?",4
"My wife and i stayed there for our anniversary and had a great time. little dissappointed in the cottage we stayed in. i know the place is old but you have to update and remodel every once in awhile (century). I want to give 4 stars but i also think that the price was a little steep for a summer rate. Now, i know that i should expect to pay alot for the biltmore but i am not the ritzy type of person. I am sure my wife would give it 5 stars.",3
"Don't eat anything but the chicken. Everything else is nasty. Charlotte should be a BBQ mecca, it isn't because of the chains. Go back to Florida, they like it there.",2
I'm here a few times a week with my dog (the large dog side). Considering the craziness that takes place at most dog parks this one is pretty relaxed. Most of the dog owners here are pretty responsible here handling their dogs and cleaning up after them. It's super convenient and has a lot of space for all the large dogs.,4
Hey Robert. Sent you some info online after searching for your contact. No reply. Put your email up and I'll email you. \n\nThanks\n\nCraig,1
It was pretty much what I expected except for the mermaids. Kind of a let down not to see them but still nice to see and very relaxing to sit next to with the pro shop waterfall in the background. Overall it was a nice change from the overcrowded strip for a change.,3
I liked it. The food was good. They had really nice samosas. I would have to eat again to confirm 5 stars but the prices seemed right to me. Very nice.,4
"Healthy, Tasty, Fast, Cheap, what's not to love. Awesome for mall food for sure!",5
"The place was clean and bright. The portions/burgers were small but OK. My buddy had the Chicken Parmesan burger and though it was small - he raved about it. Specifically the sauce. The bearded bald guy at the counter was super mellow - not sure if he was smoking \""Colorado cigarettes\"" or what. This place isn't bad but it's not that great.",3
"When my daughter's car had problems, it was towed to another shop. They quoted us an outrageous price to fix it and were not friendly. Not comfortable with them, we had the car towed to Ron's Service and tire Center. What a differance! Ron's was friendly, professional and the cost to fix the car was a fraction of the other place. I recommend Ron's to everyone I meet.",5
"Not terrible, not great. May be better to call ahead.....we ended up waiting a while and then they had 3 workers working on 6 people. They were doing their best but understaffed and too many customers. Their service probably also suffered a little bit because of it. Might not have been a good day for them...",3
"Service was pretty bad, but $25 for all-you -can-eat sushi is pretty good. The dishes that we had were tasty and well-prepared and they have many non-sushi and vegertarian items.\n\nSo, if you don't mind the quizzical looks and lack of attentiveness, you won't feel cheated.",3
Restaurants don't provide many gluten free or veggie options. Elevator nazis are rude. Wifi in rooms is incredibly slow. This place is stuck in 1998,3
"Every drink is overpriced.\nEmployee are very mean and RUDE, the waitress spilled drink on me and after she yelled at me and told me to get out from the club because she works there. I will NEVER EVER come back to that EVEL place!",1
"$10 dollars for three baby tacos with slivers and I mean slivers of fish or mushrooms, all on a wet plate? No thanks, that was a rip off.",2
"The Sushi is great here. Ask for the Samurai special its great. The service was great(ask for Chris). Overall Its one of my favorite sushi spots in Z next to Barcelona's in Scottsdale. I have not tried the tappen grill yet, but its next on the list.",4
A terrible company.. Went to get business cards for my new small business..talked to Travis the graphic designer about what I wanted and he seemed like he was happy to help but now a month later and after multiple calls I have heard no response..should change their name from Never Late to Never Received,1
Clean diner. Friendly staff. Nice air-conditioned environment.\nI ordered the steak and eggs special. Price was right but the steak was not steak. It tasted like mushed up processed meat reformed into a steak and left an extremely bad aftertaste in my mouth. Perhaps they should consider getting actual steak or mentioning that it is processed and seasoned.\nThe hash browns were good and made from actual potato but that is about it.,2
Food was very good. Service was subpar. The bartender seems to ignored us and was very curt and distracted.,3
"This place is an embarrassment. \n\nAwful service and disgusting food, what a delightful combination at this price. I wish i took a picture of their eggplant pizza, there was a total of four bites that had eggplant on it.\n\nWolfgang puck is a crook and should be ashamed of his hustle.",1
SUCKED!!!! it used to be soooo good years ago. The prices are way too high for what you get and on top of that they charge you $10 extra per person if you share a meal. Food was not great tasting either. I used to recommend it but not any more,1
In line for check in at Harrahs with people lined up going out the door and only one person working at check in. Amazing. Seriously one elderly lady all by herself.,1
"I love this place. Everytime I come to Scottsdale, I have to visit, a couple of times too No matter what I try, I'm never disappointed, never!\n\nLast night I had the chimichanga (sp?) and it was delicious! I felt it could have been shared but it made for a great lunch today.",3
"Oh. My. Chocolishisness. \n\nThese are ridiculously flavorful (no guessing... you'll know which is which) and uniquely textured... I would certainly NOT wait for Valentine's Day. It deserves all five stars, while definitely a luxury, totally worth it for chocolate lovers (or for any level of chocolate appreciaters).",5
"A good sandwich, but not the best I've tried. We decided to split the roast beef and jerk chicken to get some variety. I'm normally a beef guy, but I think the jerk chicken had more flavor. \n\nThe sandwiches are small and I prefer more meat. The bread to meat ratio was too far to the bread. The bread is good, toasted and hot, but I want to be able to taste more meat in a sandwich.",3
The food is always awesome. The time it takes to come out is a little to long some times. Regardless it's a great place to eat and healthy.\n\nEdit: wow the article about their cookie was interesting. To good to be true. :/,3
"High five for the quick and friendly service.\n\nWe both had the sicilian lemonade which was really lemony and sweet, just as it should be.\n\nThe pizza was well I guess ok - it was a nive thin base but could of done with being a bit crisper on the base. It was tasty though.\n\nIt's just another chain in another shopping mall but it was alright I guess,",3
"Wow, wow, wow, wow, wow. What a great find! Next husband I have, is getting a wedding band from this store. Very manly looking designs, beautiful, handsome, high quality. I'd be very proud to have a band from here on my next dude's finger. Stop by if you can. Tucked into the inner depths of Fashion Square Mall. Be sure to take a map and water and a flare gun.",5
"This place is pure crap! The players are sub-par and un-entertaining, (especially Mike Clement and Julie Martinez). , and the door men are ridiculously cheesy, and rude. \nI'm a regular at piano bars all over the country when I'm traveling (Pete's Piano Bar in Austin, Howl At The Moon in Scottsdale) and The Big Bang in Tempe is a terrible destination. Save your tips and bar $ for the aforementioned places and take my word for it.",1
The boneless wings though tasty were all batter. I picked most of it off. The burger looks amazing and was huge. Could be a little more well lit during the day but the staff was wonderful and the food was pretty good.,3
wow has this place went down hill. the service and wait staff is an absolute joke. the food has went down hill. just horrible... horrible,1
First class service and the best seafood on the strip. You definitely get what you pay for here. Loved the food and experience. Chef Josh is a great guy as well.,5
"It is so unfortunate, but since the menu change, it has really went down hill. This used to be one of my favorite places to go for a good burger, or salad, etc... But the changes are NOT positive ones.\nThe salads used to be almost works of art, now they look like pre-made wilted piles of mush. \nI thought it was bad that they closed the Big Dogs on Sahara, but maybe not???\n\nSo, so disappointing!!!!",2
Great sports bar! Really friendly service and clientele. The quesadillas are slammin!,4
"saw that it was open under a new name and owner, and thought i would give them a try\nboy was i glad i did! I had a pastrami, it was the best i ever had.\nthe place was very clean and bright\ni will be back for sure.",5
"Love the taste of these flavors! Although they change their flavors too often for me, whenever I get something I am not disappointed! \nMy fav is cheesecake and coconut, but they rarely have them together so I normally end up with one or the other. Both are delicious! \nThey are generous with the toppings and everyone here is so nice and polite. \n\nThe punch card is just the icing on the cake :)",4
"We walked into a empty restaurant at 1230! It stayed empty until we left. Thought it was busy, but it was the sushi bar next door.\n\nOrdered noodle dish. Duck was shredded. Not like picture. Ordered ramen vs rice noodle. Charged extra dollar for that.\n\nSoup was so bad, we could only eat half of our order because the soup was too strong. Chef/server had the nerve to ask us if we had duck noodle before. They knew we were from Hawaii. Who doesnt eat duck noodle in Hawaii!\n\nDont recommend.",1
"Sorry, Crazy Jim. While your place is a popular lunch spot with downtown workers, the food is average Greek fare, at best. Had a Chicken Patra Pita. Average pita, stuffed with average chicken, grilled onions, peppers and cheese, accompanied by an undistinguished pile o' lettuce. Next time I'll try somewhere else.",2
"I've eaten here many, many times because it is close to my work and there are very few options within walking distance. Usually I get breakfast on days when I need to get breakfast, because at lunch I have time to drive someplace else. \n\nThe food is usually pretty good and the service OK, too. But I've gotten sick to my stomach on a few occasions as well. If I didn't work close to here, I probably wouldn't return, but as I said options are limited.",3
"Check your silverware! Three out of four spoons and one knife were dirtY....kinda grossed me out and unsure of the cleanliness of the kitchen. I do love the food here turkey, bacon & avocado is my favorite sandwich and the mac & cheese is delisH! \nThis location Is close to where I live but I work near The District so I will probably go to that one now that I've had the dirty silverware experience",2
Love the salad bar here ! The best deal is the manager special available all the time where u can get half sandwich and a side salad(well it's a full salad bar actually) all for about 8 dollars ! Salad bar has some high quality organic veggie and greens and it is better than the over priced 13 dollars salad at capital grill I went. Love it here! \nOne star less because the sandwich is only average. Oh don't forget the free ice-cream.,4
"This place is entertaining as hell. It was a lot of fun to watch seven or so baseball games at once, and the beer selection was massive. Unfortunately I got so sick from the food that I had to stay in my hotel room for the rest of the night and miss Cirque du Soliel.",2
Gotta be one of the nicest and fanciest rooms I've stayed in in a very long time. The bed was so comfortable I ended up hitting the snooze button multiple times just so I could rest longer... not sure if that was a good thing or a bad thing,5
Worst service. Had reservations and was bring our child to celebrate her Bday. Had to walk out after an hour of waiting. Manager was passive and didn't care. DO NOT GO HERE unless you have to do the touristy thing!,1
These guys rocked. They came on a Sunday (which I thought would be more common in Vegas) and we're scheduled to arrive 3-5. They called at 3:30 to let me know they were running behind a little even though they still arrived in their time window. Jacob and Roy were very nice and professional. They did a thorough job and the carpets look awesome. They even sanitized and deodorized where the dogs marked the floor. I'll recommend them and use them again myself.,5
I would rather go to Walmart on Christmas Eve than go to this Kmart at its slowest time. Took me 40 minutes and four employees to get the item I ordered online to pick up in store. Did I mention the ten minute wait to even get someone to the help counter because the 8 cashiers they had were too enthralled in a riveting conversation.... Never again.,1
I'm sleepy so this will be short and concise. Had the garlic mushroom omelet. It was delicious! Nice patio to sit and eat breakfast. Will definitely be back!.,4
"2 for 1 drinks, don't remember the rest. We had the best time, I think. Friendly staff and you can smoke inside, I think. They play country music! (I think) \n\nIn all seriousness this place is great, the girls are sweet and keep the energy up and give away free shots. Plus the bouncers bring their A game. Defiantly stop by if your in New York New York.",5
"Was great, but tried to go today and it's closed! It says they are converting it to an event room.",5
"Been here many times and it's always the same. Slow, confused service. I only go back because other Cave Creek bars aren't much better. Now with Oregano's opening I don't see myself coming back to Harold's anytime soon.",1
"Had a cat emergency, told by local vet to go straight there this morning. Arrived 10 mins to 8am, vet had already left and was told they were closing. Their hours are posted as closing at 8. Receptionist called vet to see if she would come back and would not. What kind of emergency clinic is this??? I'm new to area too so it's not like I know where to go. Had to go across town to another clinic.",1
"Just transplanted from SoCal! I have been staying over at my fathers house. He took me here for dinner one day. He used to play with his band here years ago with the owner. The food here is awesome, I have had their pork carnitas, and their steak picado. Both plates were great. I will come back here more often.",4
So after the billet bar finally closed Bar 350 popped up and I hoped they would get away from the wannabe biker bar that billet was and the wannabe crowd that always hung out there. Unfortunately my hopes are not going to come true. Inside not much has changed and the crowd is still the same as well from what I saw on Sunday. I hope this changes eventually cause it's a great location right across from RnR and the prices for drinks are cheap.,2
Rubio's is on the corner. It is inexpensive. The food is ok. Nothing to get excited about.,3
"We gave this place a try for breakfast and dinner, and were disappointed both times. The breakfast experience was terrible- extremely slow service, ran out of coffee, food came out wrong, took 10 minutes to get hot sauce while over cooked eggs got cold. Food was way over priced, especially for dinner.",2
"We were on our way home from 4 nights at the Rio and ran into traffic at Stateline, so we turned around and stayed a night at here. We had a great time. Kids saw a movie, excellent poker room, and the courtyard caf\u00e9 was pretty good. Next trip we're going to stay here.",4
"went there with a group of 6 on a sat night. Ordered a bunch of food, most of it was good, seafood dishes were weak, little to no seafood, \n lots of sauce and bean sprouts. Service was bad. Seems like a bunch of young kids are running the place and really dont give a damn.",2
"Hatte heute mitgenommen, es war sehr lecker und frisch.\nEin bisschen fester Rollen k\u00f6nnte man es da die Rollen fast aufgegangen sind und etwas mehr wasabi w\u00e4re auch gut",5
"AMAZING PEOPLE! They provide great services in grooming and boarding, and today they just warmed my heart. They donated their time to help an abandoned dog, on a holiday no less. If your looking for exceptional care and people to groom or board your loved furry friends, Planet Petopia is it!!!!!",5
"My Partner and I flew into Phoenix last week for the Christmas Holiday and we stopped here for lunch before heading out to the family. I was fairly impressed with the cuisine and the ambiance.\n\nI had a burger with all the trimmings and it was prepared perfectly. I would have liked a few more fries with the burger, but I probably didn't need them.\n\nI have to say the 80's hair band music videos playing were a little weird though.\n\nIf I find myself back in Phoenix, I will eat here again.",3
Being half-Asian growing up in Gastonia I never had my hair cut by an Asian stylist for 22 years. After the FIRST haircut I was addicted! The staff is welcoming and give the best head massages during shampooing. The stylist really studied my hair beforehand to know how it would lay after being cut and styled. I enjoyed my experience so much I returned every 2 months! I've lived overseas for the last year and a half and can't wait to go back!,5
Food is average at best. Third time here and the peaks are the only attraction. Way better than hooters. Plenty of tv's to watch the games. Great location. Don't make a special trip for the food,2
Second time this week. Great on the hibachi side and sushi is just as good. Happy that this location is near me because there isn't too many hibachi style restaurants in the Northwest side of Vegas. Will keep coming back!,4
"Ewww, the food here is terrible. Nothing I had tasted good. It tasted like it had been sitting under the food warmers for hours. The service is luke warm at best. Just skip it. There's so many other places out there for good italian food.",1
"Food is made fresh... its good, quick and easy! Only drawback is that you are essentially eating on the casino floor ...but got to watch a hockey game while I ate.",4
"Tried the brisket the other day, and it was excellent. Juicy and tender, it's a definite re-order. They put the sauce on top, next time I'll ask them to put it on the side, so I can just eat some brisket by itself.",3
Always hits the spot when your sweet tooth is going Crazy! My favorite the Chocolate Chocolate Chip!!,5
"This is a convenient location near the Cobblestone Gas/Car Wash inside the Walmarts near the 101/FLW Blvd exit.\n\nThe service is good, the food is ... well McDonalds good, and it's a good place to wait for your car next door at Cobblestone or Discount tires!\n\nEnjoy!",3
"Lots of options at good prices. More creative menu offerings then, let's say, Denny's. I also love the Wednesday free pie promotion. I've had the Fresh Fruit & Chicken Salad and the Southwest Salad. The salads were large and filling and the ingredients were fresh. I've also had the tomato basil soup and it was all right but a little on the oily side. Service is friendly and welcoming.",4
"I'm updating my review for this place because management has tried very hard to rectify all the problems I've experienced here. I received some gift certificates for free pizza and my food came hot, fresh and most importantly, fast. So far I'm pleased that things seem to have turned around but I\""ll be keeping my eye on this place. I really hope these changes for the better are permanent!",3
"I can't believe this place. I have starving children at home, they take my entire order and at the end, they tell me that the 3.4 miles to my house is on the wrong side of the street and can't deliver to them. I offered $10 tip and then a $20 dollar tip and they still refused! Said he manager wouldn't allow it. Well, there's major storm of the century outside right now we're left without very many options. Thanks Jimmy. You suck.",1
"We stopped in before seeing a show and will be back. The restaurant had such a unique atmosphere and the breakfast was outstanding. I look forward to trying their Korean BBQ at some point. Our waitress seemed a little out of sorts and started talking to a customer next to us who was an awkward acquaintance, which was distracting for us seeing as how close the tables are. Overall an excellent experience.",4
It doesn't get any better unless you go to a gastropub and get a burger. \n\nThis place truly does cook what the customer wants. The secret menu has some creative and amazing eats. Well done fries are my latest favorite.,4
"Uhmmmmmm, wanted to try something new while in vegas so I yelped this place. I got the turkey burger it was 14.50, just throwing that out there, and it wasn't anything amazing for me to come back.. maybe it was because I wasn't that hungry? Idk but I also had the strawberry shake and it was good too but not worth the 8$, but we r in vegas so what did I expect right? Anywho not sure id come back here. and not quite sure why its so highly rated but ehhh, id just go to in n out. ALOT CHEAPER",1
"I like the Bookmans mini-chain, but the book selection at this store was kind of sad. There were lots of empty shelves especially in the nonfiction section. Maybe they need to move some books from their other stores -- or offer sellers more money. The North Phoenix location is way better.",3
"Service was good by Michelle but was told we could not order ribs in the cafe, what's so said they cooked it 4ft from our table for Benny's Smokin ?? Plus they have in the same menu as in cafe makes no since",1
"When you want wings, you want to head to Hooters...try to get seated in Ashley S's section (preferably when Mike Lee is working) and you'll get INCREDIBLE service matched only by Ashley's adorable smile!",5
"Don't count on a roll-away for your family. They have a self imposed policy of 2 beds to a room and will not change no matter the circumstances, expectations, or that they advertise roll-aways available.",1
"IHOP is IHOP.... so the 2 star rating is not for the nation wide chain, it's for this specific location. This IHOP has really really bad service, food takes a long time to show up, drink refiles never come, and it's not as clean as I would like.",2
"Great buys cut too. My 2 year son enjoyed it and was treated like an adult, not a kid, which made him feel grown up. Thanks guys!",5
Food was exceptional for a brew pub. Beer was some of the best I've tried. Service was prompt and courteous.,4
"The ahi tuna tacos that everyone talks about. ..they are completely raw and cold. I wish they had a seared option. However, I was thrilled with the veggie enchiladas. Vivian, our fantastic bartender, allowed me to get them 2 ways!",4
Premium drinks. Whether I'm in need for caffeine boost or a relaxing personalized and seasonal cocktail. Have always been so pleased with their product!\n\nFood and pastry selections never disappoint.\n\nIt's not surprising that this place is busting at the seams busy but I can't say that I've ever felt neglected or that their quality of service/product has suffered!,5
"By far, the friendliest Chipotle I've been to. Awesome staff, above and beyond service. Thank you guys for being so awesome here!",5
Server could've been more attentive. Sat in dining area instead of bar. My steak too done.,2
This place is very clean and has a friendly staff. Our favorite was the sisig. Too bad they took it off the menu. Their sinigang and lechon kawali are delicious.,4
"I recently shit my pants while having a picnic with my girlfriend. I waddled to the bathroom to relieve and clean myself up and noticed there were no stall doors. Anybody could of walked in and saw a grown man with shit all over himself. After i cleaned up i went to wash my hands and there was no soap!! Nice park though, I caught many trout from that pond.",4
Wait times seem rather longer than usual. Made a basic order and took rather long for them to still get it wrong. Employees definitely don't want to be there and show it. Some even tell you when you ask them how they are doing. Seemed like a rather new location and wanted to try it out. Been twice since it opened and both times were slow and messed something up in my order. I'll just look for another place to stop on my way to the office.,1
"My husband and I were excited when Modern Grove opened, we live near by. We've been there 3 times. # 1 beers are NOT cold. #2 service is slow and often have to look for your server #3 wait time for food seems a little too long. We have always been able to get a seat without having to wait. We have been disappointed with them. We will not go back until we have heard better reviews. I hope the management looks at these reviews and attempts to make changes.",2
"I own a coffee shop in the same Plaza as the Oatmeal Cafe and I can't start my day right without this awesome oatmeal!!!! Very flavorful, healthy and super creative! Melissa can make it into pancakes, burgers, cookies you name it. She carries incredible, authentic teas as well. It's a great place to hang out with your friends for breakfast or possibly lunch. The owners are very friendly and always make time to chat with you! Love this place!!! Jennie",5
"Basic chinese food, you're getting exactly what you pay for duh. Close to my home, quick run, lots of food for the price!",3
"I've been here for two mini-shows with the performers at the front of their small stage in front of the piano. Both times I sat at the bar with my diet Coke.\n\nI like the place, but since I'm not a drinker, I can't rate the place like others can. It's a fine venue for the reason I've been there, but it's not a destination place for me.",3
Amazingly delicious burger with even tastier fries. I also had a PBC&B concrete and it was so flavourfull and rich.,4
"The place was less crowded this time and the restrooms were a bit cleaner. The restrooms do look and smell like they could use a good bleachy scrubdown, walls and all. The drinks were tasty and service quite friendly.",3
the food has great presentation but the decor is drabby and needs to be more lively with more style. the tuna poke was excellent as well as the cookie with ice cream. i would go back for more food to enjoy.,4
"My parent's love this place and now, so do I. It is New York Style pizza (thinner crust and longer slices) very much like we got back home in NY. Dont let their prices deceive you as it is pretty good!",4
The noodles were bland. I ordered the noodles with steak and my friend ordered the curry noodles. Both were bland. The prices were good and the service was friendly but this place was not worth going back to especially since it's in the same shopping square as Monta.,2
"Worse Home Depot lazy waited 30 minutes to get help in electrical department. The CUSTOMER SERVICE person told me\"" I paged the person what else can he do! \""\n\nGo to Val Vista store",1
"OMG! Their cookies are delicious! I had the peanut butter cookie (awesome!), rice krispy treat (delicious!), ice cream sandwich (okay...), & the sugar cookie (pretty good...).\n\nThey do accept credit cards, but only on orders that are $5 or more.",4
"Zero stars, if I could give it. This place SUCKS. The waitress shows up to take your order, drop off your food and give you a check. Doesn't stop by to see if you need anything. Place is filthy. Food is terrible. Service horrible. Will never return to a Long Wongs restaurant.",1
"Food is ok but service is good, I mainly come here to watch the football game and have a few drinks TVs on every wall with different games going on and the patios big screen it's awesome.",4
"We came back for the fajitas......and weren't disappointed at all!\n\nThe fresh chips, salsa and beans, and grilled onions & peppers were delicious and a great way to start the evening.\nWe both ordered the fajitas for two with pork and chicken. My pork was packed with flavor, tender, and most amazing. I'm totally not a fajita kind of guy, but you give me this place as an option; We'll be back!",5
"First time there, went to the lunch buffet with a couple of friends and it was amazing.\nTons of vegetarian options. Love it!",4
A few friends and I visited Mt. Everest India's Cuisine and we all agreed that we enjoyed this place a lot. The service was very good - we felt neither rushed nor neglected. The owner is good at guiding hesitant diners to the type of dish he feels each would appreciate. We had a lot of fun sharing 5 different dishes- all were delicious.Definitely a place to return to.,4
Had the breakfast buffet for 2 @ 30$ per person. I would have liked drinks to be part of the package. \n\nSome of the items were good but they don't make any customizations at all. Food is already pre-prepared.\n\nThe ceviche and other seafood options were bad.,2
This place is like a The Vitamin World on steroids with a smoothie bar attached. I go for the alkaline water because they have 10.5 ph balanced water for $2 a gallon. The alkaline water helps keep my blood sugar levels lower because most diabetics (like myself) have an acidic body. Alkaline water & exercise is saving my life!,5
"Sorry, I am gonna get killed here... I am not that impressed.\nI kept hearing about this place and it was so so at best. The food is sloppy and very expensive but has a decent taste\nThe place was also a little dirty looking..\nJust a bunch of sandwiches and the pizza was a disaster, go there if you are into quirky places that charge a lot and are not the best.\nThe waitress seemed pre-occupied by what?? not us.",2
"Excellent food and service. Only mistake chef made was there was a piece of plastic paper slipped into the coffe from the kitchen. Manager apologized and gave us free dessert. However, it was pretty dangerous that we almost drank in that plastic paper..",3
"My mom gets a bigger kick out of this place than I do. It seemed to specialize in upholstery, and the walls are lined with swatches. I did like that the woman allowed me to take mini-swatches off of the wall, but I didn't wind up finding any fabrics that worked for my projects. I'll definitely try back here.",3
"For some reason, I like this place. They play some good throwback rock n roll Located in a prime spot in the party district of Scottsdale. Good beer, good music, good location - life is good. Happy hour specials are somewhat meager",4
Food was alright but overpriced. $14.99 for a Cheddar burger and fries. Burger was small and McDonald's fries taste better than their fries. Drinks were good though! Overall it was a fun experience with the offensive hats and the waiters being dicks. I would only go back to drink ;),4
I have never had a better doughnut. They are like a drug you just gotta keep going back for more!,5
This office is not conveniently located to my work or home. The other office where Dr. Carpenter works does not accept our vision insurance. In spite of these challenges I will continue to take my family to see Dr. Carpenter. the office staff is friendly and helpful. The facility is very nice and always clean. Dr. Carpenter has a kind demeanor and is unfailingly patient. If quality of care is your top priority this is the doctor for you.,5
Been going here for over 20 years... The owner is always very friendly and classy My clothes always come out smelling fresh and the price aint shabby either. Definitely worth checking out.,4
"This restaurant is modeled after Chipotle, which we love; however, we won't be back for a few reasons. First my kids did not like the food. They said the steak was tough. Second the price was too high. Lunch was $30 for two adults and two children with no drinks. The concept is good. I wish they offered better food for a smaller portion for a smaller price.",2
This place has got to be the slowest Burger King on earth. It also doesn't help when someone in front of you orders $36 worth of food.,1
"We ate at this restaurant two years ago. I thought it was one of the best Cajun restaurants outside of Louisiana. \nWe returned tonight. What a mistake! This is a poor excuse for a restaurant, much less Cajun . Service is SLOW!!! Food is tasteless or over seasoned. The soup was served lukewarm. We can not understand why the health department hasn't shut this poor excuse for a restaurant down.\nDO NOT BOTHER TO EAT HERE! It is a waste of money. To top it off wait service is auto tip for 6!",1
"This was my first time to Casino Monte Lago since it reopened. It's pretty much like it used to be, but I think they have fewer machines and the middle area seems more open than it used to be.\n\nIt's a pleasant casino, small, and fairly quiet albeit I was there on a Saturday morning for the Dragon Boat races.\n\nSince it's on the far side of the valley from where I live, this won't be a stop I'll be making very often. There are other good choices much closer to home.",3
Ehh not worth my time or $$ \nI rather go to El gordo and get my tacos \n\nIdk about their rice dish but the meat on my tacos is the big thing here.. so I would say it ain't all that .. \n\nWon't come back again I'm sorry.\n\nThis place takes forever to make my orders and I was not satisfied.,1
Solid Vietnamese food in Las Vegas.\nFound this place on Yelp before heading back home and decided to give it a try. Their dishes are decent and price is right. The service was very friendly as well. It's a good place to get some authentic Vietnamese food.\nWill come around again.\n\nPro:\n1. Solid food\n2. Great price\n3. Great service\n\nCon:\nNothing outstanding to mention.,4
"The name has changed three times and every time this place has done this, the taste has declined. Spicy chilly mint was one of my favorite dishes. Pad Thai is also no longer the same. It has become to sweet. Also They have smaller portions now.",3
Had great service here but the food was nothing special & the atmosphere wasn't either. Unless you are drinking beer & watching sports there really is no reason to be here.,3
Not surprised that they've gone under. Bad service and no lunch menu - who wants a huge $25-30 dinner entree at 12 p.m.?,2
I order the number two combo which is the combination burrito fries and a coke. The French fries at Del Taco are always good. the combination burrito was very small and bland. the first half of the burrito was all beans and the second half of the burrito was all meat. The place looked fairly clean and the workers seemed nice. I'm here for the food please lets get it right.,2
"Not bad, not great. Hamburgers are good, same level of quality at a lot of bars across America.",3
"Great little Italian place. Very small dining area, so a long wait. The food was good. The arrabiatta was actually spicy which is rare here since most places dumb it down for the general population. Service was good. A solid 4 star place.",4
Fantastic vet. Very caring staff and doctors. Nice location. Clean. Highly recommend.,5
"I give it one star because the fries were pretty good. A little soggy, but seasoned well. The Chicken Fingers were ok. Got the Cajun flavor and it was hot sauce with Cajun sprinkled on top. Not special. When you walk in it was very awkward. No music. No TV. Dead silence. Wasn't greeted until a couple moments. Only one employee. She took the order and cooked it. She was very nice. Just.. So quiet in there. If your going to try this place. Take fries to go.",1
Darryl showed up right on time and made the repair in just a few minutes. Cleaned up after himself and the price was very fair. I will certainly use Darryl again and recommend him to others.,5
"The employees at the tire desk are so short with answering questions. Very quick to brush you off. Will not be getting tires from there anymore or will not recommend to friends, go to discount tires instead..",1
"I have eaten at Mesa Grill before and loved it. I still love the food, but the last time we were there was on New Year's Eve and the no-prices listed menu resulted in a $45 starter salad. I'm not kidding. Another $45 for the three mini tacos. Yes, that's $90 for a salad (no meat) and three mini tacos. I felt very taken advantage of and for that reason can't recommend them anymore. Beware and if you go, ask before you order how much you're about to spend.",1
"Excellent in every aspect. Had the White Fish platter, comes with 2 bagels, cream cheese,choice of salads,6 sliced tomatoes, capers, green and black olives, lettuce, pickle, etc. Too much.. will be back without a doubt. $16.95",5
"So this is a really cheap golf course.. It is fine for beginners. \n\nIt is not in the best shape. It is what it is.\n\nThey have a range as well... They have carts for the course.\n\nIt is short.. \n\nDoubtful I would go back. But for people starting out, it should work for them.",2
1hr wait for our food after we got a seat.\n\nNice scenery and awesome vibe. That's were it ends.\n\nThe Blueberry muffins was unbeatable and dry.\n\nThe biscuits and gravy was pretty dang good. Should come with sausage or bacon though.\n\nThe Carne asada burrito was pretty bland.\n\nThe sandwich made out of French toast was the best thing and it was decent at best.\n\nWe will be back to the Perch but not here.,2
"It's okay but only went because that's where the other people I was with wanted to go. The food is very average, nothing too special. There are some things on the menu that you think might be good then you get them and are not impressed.\n\nOne cool thing about this place is that they have a rooftop deck now. So if you are just going for drinks and it is a nice day out, that could be a good option.",2
"This is one of those three and a half star moments for me, Bison Witches is a sandwich shop with a fairly impressive beer selection and fair prices. I like their chili cheese nachos quite a bit and Kristen likes the miss pris. There's really nothing extraordinary here though, good food, good booze, good service, good prices. It's all good. Three and a half.",3
"Yum Yum Yum\n\nLove the decor and the music is fun to grooove too lol, The idea of these foods together makes a great diverse meal!\n\nMy deliciious meal:\n-The beef tenderloin and aji panca was great and it was perfectly spicy.. very juicy (not dry at all)\n-Peruvian corn :)\n-The Bobo Brazil samba roll w has seared kobe beef, avocado, kaiware, shiso, red onion, chimichurri -- FREAKIN BOMB",4
"We came here because we had a Restaurant.com certificate to use. It was ok, but nothing special. The taco shells were fresh and made onsite and the chicken was delicious. The rice, however, was mushy. And they used preshredded cheddar cheese. Not very authentic but a nice cheap meal.",3
The bone in ribeye was freakin delicious! I am glad had a good experience at my first Emeril restaurant. Hopefully my next one will be Commanders Palace in 2 years. woot woot.,5
"PLEASE READ FOR YOUR SAFETY:\nStayed for one night. Checked in and had to change rooms at midnight after discovering a used drug needle in the bathroom.\nSpoke to the front desk manager who rudely said, nothing he could do about it.\nNo discount, apology, nothing.\nIf you don't mind taking your life in their hands!\nJust want to warn others of the unsafe conditions!!!!!!",1
"Awful...the pork was so dry, no taste, veggies were nothing special, mostly onion and carrots, because they are cheap. The sauce (Thai) was bad, not even sure what it tasted like. Very expensive for what I got. I will never go back. No wonder it was half empty at lunch!",1
The food was ok not as good as a particular veit. Pho. SERVICE was not that good she didn't exactly get my order right no check ins and did not understand me well,1
"Celebrated my mother-in-law 70th birthday dinner, the food was ok...some of the vegetables were cold, lobster tail was a bit salty; however the servers were nice.",2
We went there bought some BBQ pork to-go. I did not look at price/LB on the wall. We were charged $7.89 for them. We took them home and decided to weight them on our digital scale out of curiosity. The scale showed only a little over 12 oz. That would be make them $10/LB which is ridiculous. I think either they over weight the pork or over charge us. \n\nThe worse part of this was the BBQ pork was tasteless. \n\nI don't think I would go there again.,1
Nightclub was nice but charging me 9$$$ for a specially made extra small figi bottle of water is ridiculous. Way to go people just have your customers throw up everywhere instead of handing em cups of water...total turnoff,3
Great experience here with the food and service. Our group ordered the chicken and waffles and this pork dish. When they say the portions are huge it's an understatement. The food was tasty and the service was friendly. Really glad I was able to try it.,4
"The Streamliner (veggie) burger and Grilled Chicken Breast Sandwich were good, but the shakes are out of this world!! They stole the show. I got the Strawberry Banana and my friend got the Orange Dreamsicle! YUM!",3
Some of the best hot subs in Vegas. No matter what you decide on it's always the way you want it. The only difference in visiting one location than another is the seating area. Service is always fast and staff comes off as genuinely kind and welcoming. It's no surprise they make best of Vegas every year. Always a weekly stop for lunch and will always be a suggested to somebody that crazily enough may not have eaten here before.,4
Good location but please do something about all the day laborers standing outside. They line up the street!,3
"Always a fan of outlets - especially when they carry name branded stores. Tory Burch, Lacoste, Nike Factory, etc. It was really crowded when we went - given it was St. Patrick's day. \n\nFirst time here though. Next time we're going to explore the South one.",4
"The orange blossom beer is great and the staff is friendly enough. However, waiting 2 hours for your food is unacceptable and I would only recommend this place to people who want to hang out for a while and drink beer.",1
"I have been to this location many times, and let me say that Einstein's is vastly superior as far as bagels are concerned. That stated, Bruegger's does serve good softwiches...however, I could get better bread and bagels elsewhere.",2
"Specialising in mussels, oysters and scallops this was the first proper restaurant we headed to an we weren't disappointed withour scallop starters and 1kg pots of mussels for mains. Yummy. Lines out the door during Festival season as no bookings are taken. However turnover was pretty quick and we luckily didn't have to wait too long.",4
Read the reviews and ordered the porterhouse for two with a side of bone marrow...WOW..was the marrow rich..I think we drank an extra bottle of wine because of that.\n\nThe porterhouse rare..was perfect..cold center and melt in your mouth tender.\n\nThe wild mushrooms sides was delicious.,4
"Was way too excited too excited to come to this place with the hubby. Paid $110.00 for food that was sub par. Nothing looked excepetionally good and nothing tasted too great either. Dessert bar was a total let down. Presentation of items were nice but lacked in flavor, how can u really go wrong with flan. Wish i would have did a tour of this place before i decided to eat. Oh well at least i had the experience but this place is definately not worth the mula!",1
"So ever since I was little I have wanted to get on this ride... My dad never let me, so FINALLY I get to go to Vegas 13 years later as an adult and YES, I went to ride this ride..... My excitement is going through the roof!\n\nIT SUCKED!!! It hurt like a MOTHER! My shoulders still hurt from it a week later! It is rough, bumpy, and annoying.\n\nI guess sometimes dad knows best!",1
"Long overdue review. \n\nKIMCHI FRIED RICE IS A MUST!!!! ANYTHING with the kimchi is good.\n\nWe ordered a couple of other dishes like the kimchi burrito, nachos, fish tacos, sandwiches. They're just OK. \n\nThe place is small, service is quick with a smile. Since all the food is made to order, prepare to wait a bit.",4
"Hands down, the absolute BEST Japanese restaurant in Las Vegas! The best sushi I ever had! You can't beat this place. This is what all Japanese restaurants should be measured against. I love this place and can't wait for my next trip to Vegas to go here!",5
"Great Service on the Patio. quick, knowledgeable, friendly..\nFantastic Empanadas, Chili Rellano, Sangria..\nHave been several times and enjoyed this location very much.\n\nOnly negative is consistency, slight, seasoning has not been consistent..\nNot enough to keep me from coming back.. great afterwork spot.",4
"My friends and I ate here after a night of dancing. \nWe ordered the buffalo wings, chicken enchaladas & chicken and waffles..\n\nThe buffalo wings were flavorless. \n\nThe chicken enchaladas were good and cheesy with nice amounts of chicken inside.\n\nChicken and waffles was about 4 strips of chicken on a thick waffle. Waffle was standard but the chicken was nice a crunchy. \n\nGreat place to go late night. Atmosphere nice and bright and the servers are fun and friendly.",3
"Pretty much the same as every other Chipotle which is pretty decent quality food at moderate prices. Not particularly large standard burritos but enough for an average person for lunch.\n\nVisiting from Seattle, I don't know about the local availability of more authentic Mexican fare, but everywhere else I have been have had much better and cheaper taco trucks and restaurants.",3
BEST BEST BEST BUFFET I'VE EVER BEEN TO IN MY LIFE!!!!!!!!!\n\nSo many selections! Everything is hot and fresh... and ohhhh so tasty! This is not the best buffet in Vegas! It's the best anywhere... and I am the queen of everything all-you-can-eat! If you're looking for a good buffet this should be the only place you consider!\n\n****Beer & wine is included in the price. If you're into ciders they have their own special berry cider that is to die for!!!****,5
I have been here before and always enjoyed the coffee. Today went with some friends and we all made a comment about the bad attitude of the staff. The girl at the register was rude. I do not think I will be going back anytime soon.,2
I had the BBQ chicken pizza which was very good. I think the extra topping prices are a little high and it would be nice if they had some more options but overall pretty good.,4
"Just had my haircut an hour ago and already two strangers have complimented the cut. Jason's work is the best in town. He really understands how to make wavy, unruly hair look fabulous. Plus, the scalp massage, complimentary coffee and hip setting makes one feel they are getting the star treatment.",5
Extremely fast service food was out quick and fresh! Would most likely come back soon! Recommend this to anyone.,5
I feel like everytime I have come in service and quality have gone way down. Im going to Sauce from now on for sure.,3
"The only thing this place loves is high prices. They clearly hate burgers. Food was greasy, cold and not worth even finishing. I hope this place closes sooner than later, there are way too many restaurants in Las Vegas that are overpriced and substandard that stay open because they rely on non repeat tourist business.",1
"I like this location. They have a lot of turnover, but for the most part everyone has been pretty good. Wish the outside tables were cleaned more often. They are too dirty 90% of the time to use.",4
"This location is always busy and unkempt and dirty. I usually plan to wait for 15 minutes when I go here. It's also very hard to find, so familiarize yourself with a map (or use google maps every time like I do) \n\nI try to use the location on Scottsdale & Williams as much as possible for an overall better experience. It's located here:\n\n7339 E Williams Dr\nScottsdale, AZ 85255",3
Took me 1 hour to get a fish sandwich(they told me it would only take 20 minutes) ridiculous!!!!!!!,1
"Yay finally one in my neck of the woods I am happy! I was like a kid in a candy store, a great new place to buy my Metro Mint water and KEGS all while earning points!! They did not have creme brulee cigars ='( but I imagine this is as close to an alcoholics dream as you could get. I cant wait to buy a giant bottle of Patron for decoration. Pinch me!!",4
This is a cool little open-concept restaurant in the Crystals at City Center. My guest and I had the steamed mussels followed by one of the signature pizzas. The food was very good at a reasonable price. The staff was friendly as well. I found the d\u00e9cor the most interesting from the tv in the bar to the frosted glass panels separating the dining areas. Also be sure to check out the bathroom(s). It'll fool you the first time. I would come back here on a future trip.,4
"The ghetto Albertson's. My friend always wants to go grocery shopping at this place. I just don't like this particular location, the food quality isn't the greatest, the selection is mediocre.. Try another Albertson's location.",1
Too bad they're closed on sunday. Definitely better than mcdonalds. I love this place!,4
"I had the Bronzed Catfish and Grits with pork sausage. It was a wonderful, taste popping meal. The grits are a restaurant specialty that includes smoked gouda cheese as one of their ingredients. This place is directly south of the premium outlets. We stayed parked and walked to Rick's Restorations, which is across the rail tracks from their parking lot. This restaurant was featured on DDD.",5
"A city runs through it.\n\nLas Vegas grew around this place, originally a game dressing shop. Chuck Frommer has expanded it into the best butcher shop I know of.",5
"Probably the worst place you could stay in Vegas. The place is old, dingy and the rooms smell like smoke, the food was nasty and it's very far north. \n\nThe only semi-redeeming quality of the place was the fact that it had a decent poker tourney (which you can find at any legit poker room on the strip).\n\nThe only way I'd ever stay here again was if every other room on the strip was booked.",1
Excellent burgers! Could do without the fries. Definitely try the burgers here. They might take a while but they are worth the wait. Good service as well.,4
"Good beer. Good pretzels with bier cheese. Good environment. All in all, a good place for some German grub and drinks. \n\nOn the other hand, this place definitely attracts the rowdier crowd. With it's long, shared tables, raucous clientele, and live music on the weekends it's not an environment for the faint of heart.",3
This cafe was so good. The raw pizzas and burgers were excellent. They also have a large selection of fresh juices and shakes. The Cookies and Cream' shake was my favorite. I strongly recommend this place for any raw food enthusiast in the Vegas area.,5
Good hotel. Nothing special or fancy but very clean and very friendly staff.\nRestaurant is completely overpriced. Food is so so. \nMenu has not changed since at least 7 month (could be longer).,3
"The Special doesn't seem all that special--what, surprise luncheon meat grilled with some mustard and maybe cheese? But damn is it good, and the hand-mixed soda with it. It's small and not very filling, though, true to the name of the restaurant. Munch on one of those little Slim Jim-lookin' things too, while you're at it.\n\nMustard-haters, don't worry about the strict requirement that the mustard goes in your sandwich. They don't put in enough to clear the sinuses of a baby hamster.",4
"Walked in as a whim. Was convinced to pay 4$ more for polish that would \"" last longer - at least a week\"" not only did my nails chip that night, she cut me so badly i was bleeding.",1
"This was not a great expedience. The happy hour specials are a little confusing be careful as there's not a lot of items on the happy hour list. I had the sliders and I was very disappointed it was all bread and little meat. It was also very plain with no flavor. Our service was terrible, our water was never filled the whole time we were there and it took forever to get our check. I will never spend another scent here as there are way to many choices at Tempe market Place.",1
"Took 10 minutes to get a sandwich. Corned beef sandwich was supposed to be hot. It was cold. Asked for a bagel to not be toasted. They toasted it. Corned beef was dry, might have been frozen. Never going back.",1
"After being seated by a young host who mumbled something about drinks then walked off to never come back then sitting for over 10 minutes and being ignored by no less than 7 different servers who walked by us, we walked out. Since we've been here twice before and the food is always just average (extremely boring menu) don't think we'll be back. What a shame since there are not too many breweries on this side of town.",1
Great show!! If you like the Beatles you'll love this show. Drinks are kind of expensive but tasty and full of alcohol. Show starts off slow but picks up steam as it moves along. Acrobatics are incredible and the dancing adds the right touch. Definitely worth the price of admission.,4
Loved it!!!! My boyfriend and I are so happy and could not stop talking about our experience. The food was not the best but it was good and we had nothing negative to say. So romantic and intimate. And great service..,4
"not a phillies or eagles bar as they claim to be. asked the bartender/owner how the phillies were doing and can you get them on tv. her response was\""i don't care about that\"". that means she doesn't care about my business. keep your ghetto cliente and keep watching your cooking shows.",1
Fuck you yelp for removing my review BI\nTCH harbor island apartment suck ass crack with a sick dick,1
"We like the mall here. There are plenty of stores and shops that \""normal\"" people can shop. We like that there is a good mix of places to eat so we can always find something we both agree on. We also like that the V theater is here so we can decide to see a show last minute and not have to leave the mall. (sin city comedy is great)",3
"We like to come in here to shop for clothes and luggage. You can find some great deals in here. The selection of luggage is pretty good too. I've found some great carry on bags.\n\nIt can get really busy here, especially on weekends. The best time to shop is mid-week in the middle of the day. The employees here are usually friendly and the store is kept clean.\n\nReturn Factor - 60%",3
Long wait for a very disappointing experience. Mind you I was ready to taste what a gourmet burger tasted like. Fries were too greasy and go figure no regular catsup or mustard! The sun blaring down on us was extremely bad and yet not one restaurant staff bothered to block the sun or apologize. Service was ok but I wasn't impressed. I was only able to eat 1/2 of my burger! Too much hoopla for very bad food!,1
had his croissant at Bellagio a few years ago and never forgot how good it tasted. \ngot to relive that memory this weekend. it was every bit as good as i remembered it.\n\nregular croissant + dub expresso\n\nBest Ever!,5
"This company was supposed to send an academic book to my brother. After failing to do so, we drove to the branch in Phoenix where a staff member complained about how she was supposed to off the clock! \n\nWe waited so long for the package once we got there. How unprofessional.",1
"Love there lo mein, Vegas and tempura roll.. so much flavor and really cheap compare to other places. Also, the most I recommend is to try there chicken wings OMG it's so good u won't regret it... if u love chines food and sushi this is the place u must try!! It's worth every penny...",5
"At this Taco Bell it takes two people to mop the floor. One to mop and the other to watch; she must be training. In general, I avoid this one because the kids that work here spend more time socializing with each other than paying attention to the job they are getting paid for.",2
"Sorry ... not impressed with the pizza ... greasy ... could not finish the 1 slice I ordered ... Salad was blah ... free popcorn had no taste, no salt no butter ... blah ... not returning",1
"This place has decent food, nothing to rave about, but good.... okay, okay I have to keep it real, every once in a while I absolutely crave the bean dip and margaritas lol\n\nThe service is okay, if you are in the neighborhood and have a taste for Mexican food I would suggest giving them a try (otherwise just go straight to the good stuff at Agave in Summerlin)",3
Holy mother of salad goodness...I have finally found a replacement for the sadly now-closed Market Bistro. The sandwiches are interesting and have amazingly soft bread. The salads are fresh and generously portioned with dressings that are tasteful. The desserts are also yummy. This place is my new favorite and go-to at least once per week. And for $8 that gives you a FULL sandwich and salad (which you can easily split) - paradise bakery must be freaking out!,5
This was the most disgusting buffet I've ever experienced. I'm actually sick in my room from this place and I hardly are anything. Nothing was fresh. Everything probably came out of a microwave. \nTerrible brunch.,1
"Jack Clubman got his first scheduled (now, read that word the Brit way) maintenance today at Mini of Tempe.\n\nWe want to thank Steven Pham, our Service Consultant, and all of the crew at MOT for providing us with a great experience. Everyone was very welcoming and attentive to our needs and the facility is beautiful.\n\nJack was serviced nicely and even got a wash and vacuuming.\n\nIf you are in the greater Phoenix area, we highly recommend Mini of Tempe.\n\nwww.minioftempe.com",5
"This is a great place to study, work, or meet up with a friend. They have tea as well, which is perfect for me since I'm more of a tea drinker! I usually order the Earl Grey or Jasmine tea. They bring it out in a French press and brew it for you! So you can make about 4 cups of tea! Today I'm trying out the Chai Tea Latte for the first time and it's delicious. I recommend this place, they have free wifi and outdoor seating.",5
"It's sad when you can say that Denny's has a better chicken fried steak, but it is the truth! The gravy was bland and the steak was like cardboard. Maybe if they had Tabasco to add some flavor it wouldn't have been so bad, but they don't have Tabasco!? I did enjoy the Mimosa.",2
"Are you supposed to be drunk for this? On drugs? Well I was neither and man, was it weird! \n\nThis was my 2nd Cirque show (I've been to 3 now) and my first on in Vegas. As always, the acrobatics were great and the production set was beautiful.\n\nThis was by far, the trippy-est Cirque show I've been to though. The baby giggles and head were so creepy and weird! \n\nCirque is always beautiful but I get the impression this isn't the best they can do in Vegas either.",4
"One of the worst dining experiences I have ever had. The strip steak was sooooo bad, I finally asked to have it taken away and removed from my bill after the kitchen made2 efforts to correct it. My wifes salmon was dry. I also found it very poorly managed - had to walk among rows of extra chairs in the corridor (which needed cleaning and a fresh coat of paint) on my way to the restroom. DON'T BOTHER.",1
Waiting room is not very comfortable. Too busy on a Friday be prepared for lots of upgrades. Good luck with just an oil change. They are good and fast just keep at an oil change only.,3
"Wish I could give 0 stars. Save your time, save your money. This place is so not worth it, go somewhere else. I couldn't leave fast enough. The staff does not care about customer service and they all have piss poor attitudes. The clientele is disgusting and classless at best. This dump does NOT deserve your business!",1
My food was just ok. Not exactly what I ordered. Asked for ham but got bacon. The service was very bad. I had to flag them down to fill up coffee and they acted as they were doing me a favor. But the coffee was good. I may give them another chance.,2
"We ventured out to this great place and we weren't disappointed. The Backyard burger will become a tradition for my Vegas visits. The Biloxi chicken sandwich and steak salad are also very very good. Service was polite and professional and though we had a trainee for our meal, everything went well. I'd recommend this place to anyone for a reasonably priced well prepared meal.",5
I dont understand how taco bell is still in business in AZ where there are hundreds of great mexican restaurants. Taco bell is garbage!,1
"After they cancelled my reservation for no reason, embarrassing me in front of my group, I will never stay here again. \nSad,cause it was my favorite hotel and recommended it highly to all who were coming to Vegas.",1
"I like the suite at Mandalay Bay its 750 sq the service at the front desk are always friendly, But I dislike it when my room were comp and they still charge me if I didn't look at my credit card the same week I wouldn't catch it that they charge me for 2 nights when those 2 nights are suppose to be free.",3
Always love bringing folks here for the first time. Awesome selection of games. It seems they are going to outgrow this spot. Tonight had the most machines I've seen there. I enjoy the older 50s and 60s games as well as the new. \nClean fun date night - any night. Highly recommend.,5
Clean little taco shop normal selection of stuff.\n\nGoing with fish taco lunch special. I have had a hard time finding a really good fish taco in Vegas. So after trying the fish tacos I'm still searching. However the rice actually had some flavor and the beans tasted like they were made in house. The service was better than I need for a taco shop. I will give them another shot because I liked their rice and beans.,3
"Slow, disorganized service and a very rude manager who did absolutely nothing to help the wait staff or us. This isn't the first time we've experienced this service, but it's definitely the last. The patio is nice, but there are other options in the area with better service and food.",1
This place was alright to me. Not the best ramen but not the worst either. I've had better but this could work if you need a quick fix on a budget.,2
"I went here to eat last week and it was beautiful, The waitress/ bar tender was GREAT! \nJust curious has anyone noticed an awful smell?! I think its part of the brewing process but I really couldnt even eat it bothered me so much. Does anyone know if its liek that ll the time. There was a gentleman working on the alter so perhaps it was just bad timing? any input, id like to go back but scared ill be sick!? Food was good and beer was GREAT though.",3
"Not a lot of options as far as food. On top of that you can tell the food has been sitting there for hours, yuck! I'd enjoy my McDonalds meal better then this joint. Service is also lacking. Where the heck is management cause you've got workers just standing and chit chatting!",1
"I absolutely LOVE this place. The food is consistently amazing, high quality and fabulous tasting. The owners genuinely CARE about the food, their staff, the clients and it shows. Thank you for being my favorite cafe. Keep up the awesome work.",5
I like this a lot better than any of the other take out pizza in the area. This is a quick and tasty Sunday night dinner.,3
"I think the new Penguin is still pretty good, but it doesn't measure up to the old bird. I ordered a burger and it was tasty, just not the same as the old Penguin. They have cheap beer though and I really liked the fried mac n cheese. The chili cheese fries weren't that great compared to the old ones I used to die for. They use queso instead of cheddar cheese, hmmm....The staff is much nicer and accomodating which is cool with me, but it seems to have lost it's ambience.",3
"This was literally the worse buffet food I have ever had and really has no place on the Vegas Strip. The food was bland, poorly presented and of medicore quality. The line layout is inefficient and confusing and the dessert table was like something at a gas stations snack area. Not even worth it when its free.",1
It's free\nIt's got a good amount of fire\nIt's free\nIt's got some cool lighting affects\nIt's free\nIt's got some cool sound effects\nIt's free \nIt's kinda short and may not be the best show in Vegas but..... \nIT'S FREE so I'm a fan,3
"Made reservation a day in advance; they didn't have our table, only option was to sit outside. Are you kidding me? Anyway, took the table; service was extremely slow. Took them a while for the server to come take the order. Bread was served after repeated requests; sides were served COLD, when asked, they were served reheated not fresh. PRICEY by any standard, it's not New York.. \nTheir lucky day, my wife and daughter loved their food and Tiramisu - 2 stars. Yay!!!!",2
"Rooms are very nice and comfortable, staff is great! I was there for a meeting on a Sunday through Tuesday and the room literally shook all night from the XS night club music! I ate in 3 of their restaurant's that were good but stupid expensive, go down the road to Morton's for a superior steak for much less. The pool was nice but also way to pricey! $8 beer? $16 house maggie? WTF???",3
"I have to echo the comments by Lauren P. on 10/21/2014. This isn't the same Bootlegger that I've grown accustomed to. It got pricey and they shouldn't command that kind of money for the food and service offered. I'm afraid to say that is is bordering on a tourist trap. Sad to see, but their agenda has obviously changed.",3
"This is a great place to grab a drink with friends. When it comes to there entrees, I would pass. I love fox restaurants food, but culinary dropout always has bad food. Last time I had the fried chicken and it was horrible. The mashed potatoes tasted like it was from a microwave dinner or from a airline.\n\nFun place to drink not to eat.",3
"Nice but the menu it is stil the same for the past 6 years...we are in Montreal \n\nAnyways, the best dish for me is the radish oyster cannot get enough of the stuff. 12CAD$ for 4 oysters is well worth it\n\nthe rest to my taste was quite ordinary, not worth the money",3
never been in this place but the drive-thru is very fast & the service is friendly & helpgul(english-speaking). this is the only place for a good gyro in las vegas. some higher priced places try but nothing comes close to the one's @ gyrotime. good cheap eats. baklava is delicious too & cheap!!,4
"I was slightly hesitant in eating here again because the last time I ate here, I threw up. This time around, I got the tomato basil soup and chopped salad. The food was pretty good and the service was okay. I probably wont be back here, primarily because a lot of the dishes were so damn expensive.",3
It's for profit University that only graduates 25% UNLV is at 40% Nothing about this place says it anything more scam to line some else pockets.,1
"This place looks like a cafeteria, but the food is good and the menu is very varied. Speaking of which, the menu takes a bit of work to get through, but there's definitely something for everyone...including vegetarians. (see the Gardein selections)\n\nThe sandwiches are very inexpensive and pretty filling. So watch out, if you intend to try a few things. Save the sandwiches for last (unless you have some restraint...which I do not).",3
"This place is ok, not great but alright. When your hungry for some quick Mexican food its good. But what makes me give this place 2 stars is the lady behind the counter that takes the orders. She always has a sour face like she hates her job!!!",2
Just had Father's Day lunch here. Enjoyed the food but not great service. Our server rarely came over. I was thirsty for more water 90% of the meal. Needed more salsa and had to ask someone else because our server was nowhere to be found. I get it when things are busy you cannot be everywhere but she didn't even acknowledge that we were clearly being neglected. That was my first time so could have been random bad experience.,2
"This place is terrible. The whole idea of the place is dumb; I'm not paying overpriced prices for bad service, bad jokes, and to be seated on a bench with other couples. I left before I ordered.",1
"Only a 2 time customer so far, but im hooked. Each time I had a different barber, and both times i left happy with the haircut, service, wait time, and price.",5
"The Foot Spa gave us bad service so the owner Chen wrote to us inviting us to THIS PLACE. No Engrish spoken here. Upscale from \""foot massage\"" for $20 to body for $30. Same thing as \""foot massage\"".\nWe wanted private rooms and two girls \nSure sure\nWait wait\nOk ok ok\nBut after 10 minutes waiting,,,, no no no the lady waved us away....\nCurtains separate the \""rooms\"".\nI like to pay extra and get privacy without hearing all the people grunting moaning and chattering...\nVery disappointed",1
The filet mignon was literally the worst steak I have ever eaten. This is not an exaggeration. I sent it back and they brought another and I wanted to puke when I tasted it. The side dish of potatoes was inedible. I will not be going back. One gets the impression of very weak management.,1
"BRUNCH: Went there for brunch once and it was eeally OK. We couldn't even get a clean glass of water. Imagine! And the food was good but nothing \""woah\"" about it. In my opinion, this place is a bit overrated and overpriced for the menu they have to offer.\n\nI will give it a try for dinner. Let's hope this time it will be less disappointing.",3
"Overall it's a nice place the reason for only 3 stars is this: $5 to park,$35.99 entrance, $8 small locker, $3 water and only 5 working slides, a wave pool and lazy river. Make up your own minds ...",3
"I tried Chinese foods here and they really suck!! BBQ meats not fresh, I had stomach problem after had all you can eat BBQ at this place. If you see any new menus in Korean restaurants, don't ever try them. This place is great example. They just started Chinese foods and they prove so well, they can't cook at all. You don't even deserve 1 star for this review. Go to Baek Ri Hyang (Island Style restaurant in Sahara Ave) if you want Korean-Chinese food.",1
Yelp reviews made this place sound neat. The place has no ventilation . I walked in for 30 seconds and walked right out. I am pretty sure I got cancer !,1
"If you're 50+, wanna watch a cheap show ($20-25), and laugh, then come here.\n\nIf you're under 50, better off spending that $25 on gambling. Because you will not understand any of their jokes. All I knew was, one lady was better at singing than being funny.",2
Best dentist and office in Vegas! After going through quite a few dentists after my move to Vegas I am so happy I came across this office! The staff and dentist are so friendly and genuine! I highly highly recommend this office to anyone looking for a true dentist and not someone looking to just make money from insurance companies.,5
This place makes a Las Vegas trip complete!\n\nWe had the dinner buffet and it exceeded our expectations. They have a wide selection of food as well as world class dessert chefs. The seafood was all very fresh too.\n\nThis is a must eat buffet if you're in Vegas. The price is worth it. Come hungry!,5
"Tao is my favorite Vegas club. \n\nI love the Asian theme. \n\nIf you get a promoter, it is usually free for guys and girls and girls get free drinks for an hour. \n\nThe reason I love this club is because they play a good mix of music. The other LV clubs play nonstop unce all night. I cannot stand that. I need to here words in my music!!!\n\nThey closed the beach area. It was open the last time I came here. \n\nEven though Tao is one of the old school spots, it is still an awesome club!",4
"Free for local ladies (not sure if it's only on certain nights).\nMusic alternates between hiphop and house. (I wish they played more hiphop/top 40 because I hate house music).\nEvery hour or so they blast foam bubbles onto the dance floor.\nOne time when we were there, they gave out free glow sticks to the people on the dance floor.\nDance floor starts to get packed around midnight and there's hardly any room to move around (this was on a Sun when they used to be open on Sun).",4
"losing a star. Since they've gone to 24/7 hours, the prices have gone up and the quality has gone down. They turn so many tables I don't think they care about service anymore. Still the best spot for viet food in LV but viet food shouldn't be too expensive, it's comfort food from a 3rd world country!",3
"Your review helps others learn about great local businesses.\nI ordered 50 wings to go b/c we were heading back to San Diego. They were hot, but they tasted only ok. I've had better at other Hooters.\nPlease don't review this business if you received a freebie for writing this review, or if you're connected in any way to the owner or employees.",2
a 3 day kitchen remodel has turned into an 8 day job. all these 5 star reviews must be from people they know. the only good thing I can say is that at least they answer their phones.,2
I have eaten here many times the staff is great and friendly. The remodeling gives this place the old time at home dinner feeling. Love to meet here for business or just meeting friends. Wish the rest if them were like this one. Can't beat the speed of service any place in town. This location is one of the after bar stops and gets extremely busy after 1 am nightly. It is well worth th wait.,5
"Sushi is first rate, the fish is so fresh! Loved the albacore, tried beef toungue, DELICIOUS! Must come back and try the hot dishes.... Hard to find real Japanese food, so glad we found this!",5
"Most disgusting sushi ever. As each dish came forward on the conveyor belt, it was like watching some bizarre game of chance. Not really knowing if the next bite was going to make you sick(er)....",1
If you live in or around Madison you'll end up eating in a Great Dane a couple of times a year like it or not. It's kind of a default restaurant for many people. Maybe the beer is so good that people just have to go there... but the food is at best average. I wouldn't make a special point of going to this or any of the other GD locations because I'm local and there are so many better options .... unless it's for their Sunday brunch which is better than most.,3
Small place with good service. They do have Thrifty ice cream and is a reason alone to go there. The gyro was ok. It was lacking flavor and sauce. They serve Pepsi products which I feel is generic. It's close to home and would go back and try something else.,3
"Stopped for breakfast while waiting for my connection in PHX. Food quality was really poor. Wilted fruit, soggy home fried and an undercooked egg. Would not recommend to a friend.",2
"Bennys is like a old girlfriend, we've been through the best and the worst together. To start the best is food how the menu is so far and beyond anything around. But I have had hit or miss occasions and I've heard horror stories and glory stories so until consistency pervales good luck",3
"The prices here stink, even if you have that stupid little card. This particular location rarely ever restocks their drinks, I walk in there every time disappointed with the selection. I started going to a better location now, but I used to hit up this place before work almost every day and it blows. The cashiers are usually friendly, but there was this one that was particularly bitchy all the time. I haven't seen her around lately so hopefully she got fired.",2
"I don' know if she sang one note. I don't know if you can call it dancing. I don't know if it was even her. That said - full tilt boogie on crowd enthusiasm and we had a blast. I had ONE frozen drink there and was blotto-fied. Well worth the 20 bucks. If you are a fan go, if not - probably won't become one.",4
"I give one star, not because the food was bad. In fact we didn't get a chance to try the food. Walked in and they said, \""no more orders.\"" That's bad when you're open for 20 more minutes. \nIts hard to earn new customers and we probably won't go out of our way to come back",1
Last night was my first time there the fries were recooked with a bottle of salt and the veggie burger fell apart....35 dollars later for two no thank you my last time,2
"We were in Vegas for vacation and decided to check out this Aquarium store before we left. They had a few nice looking fish, but after seeing all the amazing sea-life at Caesar's and Mandalay Bay, it was not sensational. The salt-water fish seemed to be more interesting than the fresh water. The coolest thing about this store was their variety of sea anemones. They also had a large selection of new fish tanks.",2
Also went here and there phos free is 60 and everywhere else is 29.99. Wayyyy overpriced,1
"This is such a fun, little place. Its technically a hot dog stand with tables and chairs but something about this place made me feel like such a local Phoenician! lol. \n\nThey serve Sonoran dogs that are wrapped in bacon with all the fixin's! So delicious. The bread and cheese they use are just fantastic. The owner was such a sweet lady and they were also quick. \n\nI will definitely be back to this place sometime soon. 2 hotdogs and 2 sodas for $9.00? SCORE!",5
"Although the place was not full to the brim busy, service was incredibly slow. Close to an hour slow.\n Two of us ordered the West of the Andes which were reported as good. One had the eggs and salmon which would have been better if it had arrived while the Bloody Mary still had ice. Incidentally, poached eggs are not available probably because they might have fossilized before serving. My Ace Burger was pretty good but not worth the wait. There's a chance we might return but not a great one.",2
Amazing food.\nService was excellent as well.\n\nI suppose when you pay these sort of prices you would better expect great good followed by great service.,5
"Not quite as great as it used to be, especially the casino. Since purchased by some guy named Tilman Fertita, who also owns Landry's Restaurants, the service seems to have been slacking-off a bit. The hotel is fine, especially the upgraded towers, but casino personnel can be very obnoxious. Not all of them, but some get really snotty. The casino manager, Jason Sides (as of June 2013), seems unresponsive to complaints. Be sure to complain anyway, if you are disrespected.",2
Just OK. Better options out there. Seems a little tired....Firebirds has better food and prices.,2
"I was really excited because this looks like a really cute place. But the service was awful. I came in and stood by the hostess stand waiting for my party, no one greeted me or came to the front. The manager? and the bartender also ignored me, even though I was 3 feet from them. When the hostess finally came, it was to tell me she would be with me in 10 mns, like I was bothering her. Then we sat at our table for 15 mns before anyone came over. Food was good, HORRIBLE service.",1
"These guys have never been less than stellar in the service they provide. I have used them for years as a homeowner as well as CEO of medium-sized Human Services agency in the Chandler area. These folks will help you with what you need, research options for you, allow you to return batteries without question, are very knowledgeable, and best of all, really not afraid to take a risk by trusting their customers. I highly recommend them",5
I love the popcorn here the best flavors are the churro and kettle and a lot of other amazing flavors!! The people are always nice and friendly :),5
"Lifesavers- short on time and desperately in need of gel mani and a pedi, they had one person do my mani while the other did my pedi. Thanks!!!!!\n--Sept 2014 Update: It really depends when you go and who you get. It's good in a pinch, but the last time I had a bad pedi and not so happy....",2
"The food was really unimpressive, especially for the prices. The Michael Bible cocktail was pretty good.",2
"Easily one of my favorite places in Arizona, let alone Tempe. And that's from day one... (I was pretty late to the Cornish Party). The atmosphere is unbeatable... feels like I'm in San Fran or London. The steak / blue cheese pasty is fannnnnnnntastic.",5
"Overall pretty decent. While the pricing is good, the portioning is commensurate with that pricing. Overall it was pretty good, but since the portions were a little on the small side, you were left wanting. The ribeye looked like a the same size as you would get with steak and eggs, and the file was maybe 5 or 6 oz. The bar looks worthwhile and they happy hour specials looked to be of good value.",4
"I read somewhere they won a \""best of\"" so i thought i'd give it a shot. Being from the East Coast, I KNOW a good bagel. I've SEARCHED the Valley for a bagel. Any. Decent. Bagel.\nBagel Nosh ain't it. I ordered a half dozen, so we could try a variety, and every single bagel was nothing more than a roll. Seriously, what's a girl gotta do to have a proper bagel?",1
"My buddy and I ended up in here only after deciding not to pay the fat cover charge at Haze nightclub. What a mistake we made. Although it was a Thursday and might be a little slower than a weekend crowd it was disappointing.\n\nVery small, cramped and since our cover included free drinks until midnight we drank the nasty stuff they served us. My buddy and I both had headaches the next morning. Never again.",1
"Talk about disappointment. Went there yesterday afternoon for the first time in ages. Son and I both ordered milkshakes. The soda jerk made them to spec (watched her weight the ice cream and measure the milk. Turned out to be very high calorie chocolate milk - I mean this was the thinnest milkshake I have had in my entire life, and at 60+ I've had more than a few. Next time will go to DQ or Sonic.",1
"I thought the food was very tasty, but the portions are next to nil. I'm all about paying big bucks for a really good meal, but even for tapas style, this shit was way too expensive. But if you have the cash to spend $130 for food that does not fill you up but tastes really good, then this is the place for you. Now we can say we tried it but probably wont be going back.",3
"AMC Deer Valley 30 is close to my pad and convenient. It's a regular ol modern movie theater, nothing too special, nothing to alarming. As the name implies, there are 30 different theaters inside, so movie hoppers rejoice here.\n\nWe like to hit it before noon on Sundays to take advantage of the $5 early bird ticket price specials.",4
Awesome cubano sandwich. Great decor and feeling. Its a mim and pop place.. Definately going back.. Its a must..,5
"If you're craving for bagels or breakfast, you need to go here and eat every / any bagel you can think of.",5
I grew up in California where Korean BBQ is in abundance. I was actually just driving by and had to stop. I know some people will say why would I go to a restaurant and cook the food myself but I recommend it!! If you get 2 orders of meat you can BBQ yourself. Get the bulgogi and the galbi. And make sure you wrap it in lettuce with rice and kimchee. Good food and good service - the table actually has a button you can press for faster service.,5
"Good food, cooked well, came out hot. Service was also very good. Waitress came back to top off coffees more than once. Prices also good, but cash only. Wouldn't wait if a really long line, but definitely would go early to get a better than average breakfast out.",4
This place is amazing. One of my two favorite spots in AZ so far. \n\nThe lobster quesadilla is awesome. not your typical quessadilla but way way better. the flank steak torta was very good too. i can't wait to go back and try everything else.,5
"Talula, WHAT ARE YOU??? The decor inside is eclectic to say the least, modern art, Spanish wood work, sports bar... My head was hurting just walking by your electric pink exterior. And you need to learn to NOT sit patrons right next to the live band, ever. \nYour food makes up for your decor. Friday fish fry is delicious and very modestly priced! While you don't follow a specific cuisine range, the dishes are tasty. Once you get over your identity crisis, I might be back.",2
"Maybe i am not fancy enough, but it just tasted like a cupcake. It was funny to order from an ATM. I rank it low because it was expensive (4.50 each) and not all that special. they are also not big at all. For the price, i expected it to be a larger cupcake.",2
Went for lunch and we all ordered Carne asada burrito. Food was plain and overpriced for what you get.,1
"NOT NYC style pizza. More like the pizza I had to suffer with in Buffalo, NY. Thick crust. Garlic knots with hardly any garlic. Cannoli not good either. Don't go there looking for NY style pizza!",1
"Worst service and food I've had in Madison for a long time. Ordered one of the house specialties, and asked for medium spicy. Also ordered spring rolls. The first plate arrived with my dinner - totally bland, so sent it back. The new attempt was better, but not anything to write home about. And dinner arrived just before the spring roll appetizer. Never got the 2nd beer that was ordered. First time here - probably the last.",1
If I could give them a lower score I would. Horrible decline in quality of service. Very low morale of employees leading to poor service. Used to be great and I would go there before any other car wash or other service.,1
"The food I had was very fresh, but very bland.. The prices are outrageous for any location. Sushi was a minimum of $27 for a basic roll to 60 or 70 dollars..\n\nWhat!?! 30 bucks for a regular roll of Sushi?! \n\nWe had some dinners and the portions were so small, they should be called appetizers.. The service was nice, but not nearly worth the food price..\n\nI never complain about the price.. but this place is ridiculous.\n\nThe decor is really nice and the service was nice.. thats about it..",2
"This is not a restaurant that I will ever come back to. The food was poorly made, not a representation of the images on the menu. I spent the early portion of my morning and day attending to a very upset stomach after a few bites!",1
"So it seem as though management is fixing some of the issues here. While I don't think this Super Sport is \""Super,\"" I do see the effort that's been put in to keeping this gym nice. I would give it a 5 star rating except for one thing: The cleaning crew needs to dust the old towel cubbies. I don't think they've been cleaned since the club moved all the towels to the front desk.",4
"Excellent breakfast and a fun place to go with kids! We have only ever had breakfast here, and on their breakfast menu the waffles amazing! The breakfast tacos and scramble bowls are excellent too.",5
"Love this Jamba Juice. The bo-go coupons come through so often that it makes it tough to go there without one. I have to modify my order to make it dairy. Pet peeve- it's \""sherbet\"", not \""sher-beRt\"". There is no second \""r\"". If you're in the smoothie biz, please say it right.",4
"I like Monty's food--breakfast, lunch, and dinner are all very good--but I just can't help thinking that it's overpriced when I go there. It seems like it should be diner-priced . . . but almost $9 for a grilled cheese seems a bit steep to me. Their desserts are to die for, though.",3
"Best Pho place on the west side of Phoenix. So why only 3 stars for the best Pho on the west side. Easy I am from California and lived many years in Westminster AKA little Sigon. The Pho in Arizona is okay at best. This place has a nice staff, the food comes out quickly, and the price is okay. We eat here usually before going to Lee Lee's. Not a bad place, just not great.",3
"I'm not sure what I love more - the food or the ambiance. Jean Phillipe is such a fun place to visit just to look around; they even boast the world's largest chocolate fountain. My favorite thing to eat is the banana foster crepe. \n\nTrying to find seating in the cafe is nearly impossible so just grab your food, make a left and grab a seat near the window overlooking the pool area.",4
"Stopped in for a quick lunch but it ended up taking about a half an hour to get a hot dog & fries. The dog was good, the fries just OK. The place was small, but clean, the menu is just burgers, dogs, a couple Mexican dishes and a bunch of different iced teas. The service was gruff, maybe even rude. I might stop by and try again, if I have time to kill but probably wouldn't recommend them.",2
"I thought I would really like this place, but I just don't find anything really special. \n\nThe burgers and fries are just so-so. Pretty pricey for a burger joint even for Vegas standards!\n\nGood that it's open 24 hours.",2
"One of the best Vietnamese restaurants in Phoenix, this place is acids the street fro LeiLei's and hidden from view. Don't miss it. Try the chicken wings and especially the grapes leaves. The staff are very nice. The ambiance is wanting and music dated, but this is a must.",4
Honk! What a difference of opinion from the reviews read before patronizing this salon. No one wants to go into a salon and come out looking ten years older sporting a style that is tired and not becoming. Not a fan of the product or the attitude; won't be returning.,2
Dry n small tamales. I had high hopes because it seemed legit. Keep looking if you wsnt really good tamales.,2
"Queen Creek Olive Mill has delicious sandwiches, gelato, and of course, olive and balsamic vinegar products. I wouldn't come here for breakfast because it's pretty standard fare, but the sandwiches are great. It's a little bit pricey, but it's a nice experience.",4
"Had dinner here for business, and it's a very nice restaurant. NY strip was cooked perfect and was very good. Creamed spinach side was also very good, mashed potatoes were average. NY style cheesecake was awesome. Service was over the top. Prices are high, but I wasn't paying!",4
"We love Nighttime Nosh! Everything you could need they bring right to your door, and the delivery men I've had are polite and easy to work with. People don't believe me when I say you can have wine delivered to your door, but hello, you can have wine delivered to your door. One of the best services around, one of many reasons I enjoy living in Tempe!",5
"RUDE,RUDE,RUDE is all I can say about this place. If you want to be treated like dirt, this is the place for you. I went in there ro shop and rexeived the worst customer service I have ever receives anywhere. Snooty lady at the register was clearly inconvenienced by my being there and didn't want to help with one simple question I had about a scarf for my daughter. I definately won't shop there again.",1
Love this place. I drive all the way from Cave Creek just so my puppy can eat all natural. Thanks for not having sugar in your treats. Good puppy heres some sugar. Not anymore Thanks again. Dakotas fav's Stella & Chewy's duck treats.,4
I came for the signature tamales and left wishing I would have gone to el sombrero. the food was shlockely prepared and lacked flavor. it was also lukewarm. service was equally thoughtless.,2
"Cardboard crust, canned sauce. Nothing special. But if you're starving and only have $2 in your pocket, this will tide you over. Nothing more.",1
We used to frequent this place quite a bit when we were locals and were happy to return. We split a pitcher of sangria and it was enough to make us happy! We also ordered the queso bean dip (love this stuff!) but the real standout were the potato taquitos. Soo good and unexpected! Our service was excellent and allowed us to take our time to finish that pitcher without felling rushed. This place is worth a visit!,4
"Do not even stay here. The worst treatment I have ever received. Unbelievable! The spa is terrible as is everything else. Honestly, the Wynn came highly recommended and it was the worst experience in a hotel ever. 10% of the people were nice and the other 90% were absolutely horrible and disgraceful. It does not even deserve 1 star.",1
I just wanted a smoothie. The place is dead at 3 am yet it takes 20 minutes to take the order. Another 15 minutes to blend it and put it in a cup bc the employees are too busy chatting. One employee hitting on the cashier. Not that the cashier was too bright.. she forgot she was making it. So stupid. Hope management cleans house,1
"This is definitely the worse beach club I have been to. Yeah its fun on certain days when Party Rock makes an appearance... otherwise its just an overcrowded area with a small, dinky, and grimy pool!",2
Went there for my daughters birthday and she loved it. We finished our meal tipped the cook at our table paid and was outside talking when the waitress came out and complained we didn't tip her enough cause half her tip goes to the cook. Are you kidding me how is that my problem. And when was it ok to follow customers outside and ask for more money. I was so pissed and shocked that I will never go back to that place again.,3
"I wish I could give my opinion on the food but unfortunately we never made it past the chips. It was a slow Tuesday night and there were only a few people in the restaurant. We never had a server come to our table. Waited 15 mins and nothing??? We did get chips, which were from a bag and not fresh. The salsa was also not very stellar. We walked out without an acknowledgement from anyone Never going back",1
Just ok nothing special. Live around the corner probably won't be back it ain't my thang.,3
"Nice lunch spot in the Old Port for eating in or taking out. They do make good soups, but they also make good sandwiches and salads (although there's only one salad choice per day). The combos are where it's at: either soup and sandwich (half or full) or soup and salad. There are usually some unique flavour combinations on offer, although some days are better than others. If you go to eat in try to arrive early because it can get crowded and they don't take reservations.",4
"ate here during superbowl weekend. had chicken pho. it was tasteless and bland. not much chicken, a lot of noodles. was served with cilantro instead of thai basil. the bean sprouts were old and brownish. my friend had a meat dish with rice. he said it was OK. not a lot of meat. I was so disappointed cuz I'm crazy about pho. this was one of the worst I ever had. would never eat here again. I can make a better pho at home.",1
"I dig this place.\n\nPerfect location right in the middle of the strip. \nLeast amount of walking from your room to gambling.\nFriendly staff (always willing to help, quick and strong with the drinks, talkative dealers)\nClean rooms with flat screens. \nCheap.\nFat Elvis.\n\nSure, it's no mega resort. Sure the gambling floor is small and the restaurants aren't the best. But, it's one of the hidden gems of the strip that will surely be gone in a few years. \n\nEnjoy it while you can.",4
"Not super impressed. The food was just ok. My friends said the French toast was good, but my Goat cheese, tomato and mushroom omelette had maybe had an oz. of goat cheese. At 9$ it was a rip off. The potatoes were good,but nothing special. The mimosa was excellent, but made from Andre, so after consuming it I had a headache. The service was slow, but they were good about refilling my coffee and water. Just an ok experience.",3
"super-cute, cozy vintage boutique - stumbled upon during First Friday.\n\nlike walking into the closet of a retro queen, Butter Toast has a little bit of everything. can find something for yourself and pick up a a few gift pieces. lot of care put into store layout/ambiance, very enjoyable to browse.",3
"Sad to hear this beats the other Italian joints in the city. However, the place is good and worth a visit. Strange layout - we sat upstairs and I had a wonderful view of a balcony wall that could have been much shorter or a railing.",4
"I get stuck here when I have to work the convention center trade shows. The rooms are craptastic. Small, tattered and lame. One time my drawers kept sliding open because the freakin room was so slanted!! They put plasmas in the room but that couldn't save it. \n\nTo make things worse, they have Barry Manalow plastered everywhere with Copa Cabana blaring where ever you go... A Benihana onsite, proximity to the Convention Center and GREAT sports book save this place from one star damnation.",2
"What can I say it's The House of Blues, if you've seen one you've seen them all. mostly standing room unless you pay for bottle service or the balcony is open. Good sound I have no complaints.",3
Nice bartender. Calamari was awful. All you taste is the frying batter. Sushi rolls were fine. Beer was cold! Happy Hour is better spent elsewhere.,2
"After taking my photos to countless places looking to get them framed, I visited u-frame-it after receiving a coupon and I'm so glad I did. They had the best selection of frames in the city, and their prices were far better than any of the competition. To top it all off, the lady we spoke to could not have been friendlier or more helpful. 5 stars all around.",5
"Great place to enjoys some pints and catch a game. A lot of floor space and a menu worth checking out. I little on the high side of cost for pub food, but such is expected in Scottsdale.",5
"This place is mediocre but Downtown, it's the perfect little spot to grab a treat and people watch! The set up is your normal fro-yo type of place. Lots of flavors, that you can sample. The toppings bar is generous. The night I went in, there was one girl basically just sitting there reading a magazine, but it's not like you really need a lot of service. They are open until 11 pm which is great if you are Downtown for late dinner or movie! Cute new place, I hope it stays for a while.",3
"Mexico City is located on smithfield by the bridge and is without a doubt the best authentic mexican I have had in Pittsburgh. The staff is great, very friendly. The tacos are awesome...I think the homemade corn tortilias are the reason they are so good. I felt like I was back in sayulita, nayurit!! All the food is very fresh and flavorful. Enjoy because this is as close as you can get to the real deal!!",5
"I'm reviewing this place not for a hotel stay, but hanging in the casino, eating at Stack, and partying at Jet. Synopsis: has more 'tude than the Palms, less refinement than THEhotel at Mandalay, and crappier food and service than both. Good thing MGM owns one of those other two so it can cover many bases, but there was just some panache missing here....",2
Friendly? Yes. Fast? Never. Billing is always messed up. Drugs are never ready when promised. So frustrating to deal with. I would much rather deal with the other compounding pharmacy that doesn't make me waste so much of my time.,1
Went last night for a late dinner around 10pm. The service and ambiance were great. I loved the entertainment. The food was pretty good except for my lamb. I ordered it medium rare and it came out well done. It was the worst lamb I ever had.,3
I have had 2 problems with this location 2 years in a row. The first one they made the cake smaller than it should have been and when I told the owner about it she acted so rude and suggested I was lying. The next year they messed up my daughters birthday cake. I ordered chocolate chip ice cream and the chips everyone realized was cheap generic ice cream that you would buy at the store in those big gallon tubs. The only saving grace was the good decoration.,1
"If you're staying at Venetian, it's hard to eat anywhere else for brunch. I mean... this place was literally on our way out of the room. They have a nice patio surrounded by fountains, and the omelets are different every day ;)",4
Just your average Wal-Mart what else can I say? Service prices all the same. Nothing different here than any other Wal-Mart.,3
Go somewhere else. The food is very over priced and tastes terrible. The presentation/plating is well done but otherwise is a complete miss.,1
"Food took forever. Came out bland, and tasteless. Mac and cheese was mush. Yams were mush. Ordered smothered pork chops, received one pork, one beef. I didn't get sick from any cross contamination, but I didn't eat the beef chop. They were two completely different colors, but they insisted it was pork.$16 and all I ate was a pork chop, two bites of each side. None of the burnt cornbread.. and two glasses of koolaid.",2
"I always love grabbing a quick and clean power lunch at Greens & Proteins! \n\nI usually get the Bison Cheese Steak Wrap in a spinach tortilla. Side of Sriracha sauce. \nAmazing! \n\nAlso try the tofu fries, they are delicious. \n\nTop it all off w a Green wellness juice and you've got the perfect balanced lunch!!",4
"Great atmosphere and awesome beer selections. Wait staff was friendly. Food was mediocre unfortunately. The burgers came out well done. Waitress never even asked us how we wanted them cooked. This makes me believe the burger were previously frozen. The German potato salad had a big pool of oil at the bottom of the cup. Yes the German potato salad is made with oil, but this was an excessive amount. Would maybe come back but wouldnt have a burger or the potato salad again.",3
"THIRTEEN places that sell SHOES??? Run down, small, hard to get in and out of and clientele is very low on the socioeconomic ladder. Do yourself a favor and skip this mess!",2
"Good store with a lot of products that I'd actually use. It is a really good savings on groceries. \n\nThe place is well laid out, but it can get messy because of the other shoppers.\n\nThe only issue I've experienced at the times I've gone is that there is a very long line to check out. It's a small price to pay for the savings that can be had. Be prepared to wait up to 15+ minutes to check out!",3
"Do not come to this restaurant if you can help it. We recently had a very bad experience with this restaurant. The food is OK not great compares to other restaurants on the same street. The food came late and then when we complained the younger waiter had an attitude. Our friend ordered Hu tiu/ Mi and the waiter forgot to bring it out until we asked for it.\nI'm not sure our Vietnamese owners understand the word \""service\"" mean or maybe they too busy making money!\nDVT",2
"PROS:\nIf you have been boycotting Starbucks for a long time, this is the place to escape to. \n\nThey have a coffee drink called 911. \n\nStaff is really cool and one informed me that they give proceeds to MDA. \n\nCONS: \nA small menu of coffee to choose from. \n\nNo shady area to sit. You have to drive thru and go find that shade elsewhere.",4
"Typical cafe in the casinos. I came here with my parents for lunch and ordered:\n\n-Caesar Chicken Wrap (ok, not exceptional)\n-NY Steak and Eggs w/ Rye toast (wanted medium-rare, but came out medium-well)\n-Chinese Chicken Salad (Got the ingrediens, but didn't taste as good as elsewhere)\n-Buffalo Wings (Too Salty)\n-Coffee (bad)\n\nCheck came out to be about $71.\n\nWait time: 40 min. Waiting was too ridiculously long!\n\nThere's a Pho right next to this place which is better but not 24hr.",3
"Tryst truly takes the lead at the top of the list as the sexiest nightclub that I've ever been to.\n\nCostly as it may be, you cannot count your coins spent against Tryst. Beautiful girls coupled by beautiful surroundings and swimming pools capable of musing the most cautious of conservative to take a chance and take the plunge.",5
I love this place - I was so happy to finally find a decent restaurant in the West Valley. Love that its a local business. Pizza is great and I've heard so many great reviews about the rest of the menu. Great casual local neighborhood restaurant! Great customer service and prices too!,4
"Not a huge fan of Baskin-Robbins.....but they do have a decent deals during the week but only during certain hours. The place is nothing special and the seating area along with the tables are always in disarray. I hear this establishment has been around for many years but this one is very small....outdated....and a bit messy. Some renovations might improve it....but for the most part I would go elsewhere for Ice Cream. Eat, Drink and be Merry my Friends!!!!!",3
"Attended the Sammy Hagar event 10/18/14\n\nONE HOUR BEER LINES!!! Absolutely unacceptable for Vegas standards. It's run by the owner of the \""D\"" so the \""D\"" must stand for dysfunctional. \n It has potential but I have no intentions to ever return. I could have drove home and got a beer out of my fridge before we were served here.",1
No stars! Walk to the restroom and see the salsa and so called bean dip sitting on the counter with the dirty dishes and other cleaning equipment. I should have left then. Seriously on the cusp of calling the health dept on them.,1
highly recommended to eat a burger. i bet everything is good... this was my first time but for sure will go back and try the rest in their menu. ronin burger was extraordinary... fries was great and the dipping sauce!,5
"I would like to give a review but they were out of mostly all the great goodies that were recommended to me, therefore I will have to go back after the holiday.",3
"Close to my house so I checked it out again. Maybe 3 ppl plus a very in attentive bar tender (dare I call him that). More interested in goofing on his iPad than trying to provide any kind of service. I quickly dropped $45, practically had to beg to get a beer. I'll pay for the beer, just actually pay attention.\n\nProlly try it in a few months but I doubt anything will change. Hasn't in over a year. No wonder it's empty at 1am",2
"the music is wayyyyy too loud, very nice staff but I felt like I couldn't have a conversation because the music was turned up so much.",3
All the food is awesome and most of it is homemade... Definitely not freezer food. Bartenders are super friendly. Beer selection is always changing and always above average. Awesome happy hour deals. Overall good atmosphere. Highly recommend it for drinking AND eating.,5
"Took the family here for a morning meal on our vacation. Yelped it first and found the reviews to be spot on. Good solid breakfast food. Great for the kids. The protein pancakes were AMAZING! Loved it! What stood out more than the good food was the sparkling service. The manager/owner and his staff were amazing! I can't say enough about them. This is a good place to patronize, they are doing everything right. Next time I'm in Phoenix I'm definately coming to US Eggs!",5
"i'm feelin' a feeney. ya know what i mean? prolly not. but thats ok.\n\nFeeney's is just a cool spot on the travels of my life. one of my favorites bartenders from Hanratty's works here now, Whats up Chrystal..we gotta do brunch soon. :)\n\nFeeney's has a bomb patty melt. i love patty melts. greasy, cheesy, burgery and oniony. yep check all four things on the list. definetly something to check out if your in the area. awesomeness lives here. it's pure WIN...trust me.",4
I have gone to Tri for about 4 years now for my nails and love him and his staff. Everyone is so friendly and are good at what they do. He always makes an effort to fit me into his schedule even tho I am very last minute! He does a great job and genuinely cares if u are happy with your service. I have referred many friends to him and they all feel the same. Bottom line is u won't have a bad experience if u go to creative salon,5
Absolutely not. My drink was weak as hell. Tastes like sour lime juice and ice. It's decor is great but whyyyyy is everything over-priced?,2
"Barb is a consummate professional. When it comes to taxes and book keeping I trust her with my family, my business, and the IRS. She doesn't cut corners and makes sure to communicate what is happening every step of the way. I had a high bar set and she hurdled it. My previous CPA wasn't terrible but I got tired of receiving letters from the IRS over small items. Since Barb took over our books, we've been one step ahead of the IRS and that's a great feeling. One less thing to worry about!",5
"it's a party on the inside, very cool decor and volcano show\n\nbetter burgers than \""The Burger Joint\"" in the same location\n\naverage food but worth the price",3
"Not much to look at inside, the building is deceiving from the out side I thought there would be a lot more to look at. Walked and read the whole place in 30-45min",1
"They can't get the orders right. I always have to double check my bag before leaving the drive thru. They're open late, but they have no lights on at night. Poor service. I'd rather go to Sonic's down the street. This Mc Donald's needs improvement. Bad",1
Whisky selection is limited. But food is good. Crusted calamari is a delicious appetizer,3
"A lot of people love the Mirage... I'm not a big fan. \n\nI like it there. It's okay. It's in a decent location, it has some good restaurants, some bars and other things, it just doesn't tickle my fancy much. Maybe it's the middle-aged vibe? It feels older. The crowd is older and everything seems a little worn out.",3
"Food is just good, not great. Vanilla custard French toast is good. Omelets are a little bland. Corn beef hash was sweet and spicy...it is made in house.",3
"I feel like Ra is too focused on social and not sushi. Good for groups, and decent happy hour prices. Lots of cute waitresses too.",3
"Bojangles used to be some of the best chicken in Charlotte, well I see a lot have changed- JJ's Fish is much better",3
"This was our first time ordering from CCW and it was delicious! I have been looking for a good Chinese place for years, and this one delivered...literally. We had the war won ton soup, sesame chicken, beef with broccoli and shrimp with snow peas and everything was delivered hot and delicious. It was also great to get the order we actually placed! Can't wait to try it again",5
"I had the banana split cupcake...yuuum. I little dry on the top of the cupcake, but good overall.",3
"Decided to give this place a try when I saw that it was finally open. Very cute, low key and intimate. The service was sincere and the ramen was great. Took a minute to understand the menu (to combo or not to combo) but the staff was pretty attentive and helpful. Tried the garlic fried rice, pickled garlic and the pork ramen. For dessert I had both the mochi and the black sesame ice cream. Can't wait to come back and try the rest of the menu :)",4
"Hit this place at Bally's a couple of times for their breakfast buffet. Good price. Not a huge selection, but the scrambled eggs and biscuits & gravy are both very good.",3
Stopped here Tuesday morning for bagels and coffee. The place was filthy. Tables had food debris and floors and windows disgusting. But the worst part were the flies. I had to cover the part of the bagel that I wasn't eating so a fly wouldn't land on it. There was also a huge flying insect (not sure what it was) that almost landed on my husband. We ate fast and left. Never again. They need to clean up or shut down. One star because the bagel tasted good.,1
It wasn't spectacular... Started 10-15 minutes late... The Comedian was the highlight of this show... I'm still googling her youtube videos with no luck... Some girls were really pretty but they weren't in sync much...,3
"A standard Godiva store, but who doesn't love delicious chocolate? These tantalizing treats will give you the pick me up that you undoubtedly need after day drinking and $hopping!",4
"Very disappointing ! I had a lot of expectation from this place , heard so much about the chef and basically it's really not that good \nBeside the food everything was ok so really the star is just for the food \nThe fish dish was awful ! I even think it wasn't fresh because of the after taste \nSeriously the $1000 bill wasn't well spent",1
"We stopped in for breakfast. The prices were high for very marginal food....frozen potatoes that weren't even served warm. Food didn't seem very fresh either. Left with that heavy, ugh feeling.",1
"Came here in the Casino's... no room.\n\nVery old so it does smell like cigarettes like every casino but even worse... not as bad as Flamingo, but still bad. It's between Paris and Flamingo.\n\nI got a feeling that Bally's caters to older adults - close to the retiring age because I saw lots of them when I came in here.",3
Terrible service. The guy was very mean. I'm glad I am just a tourist. But don't go here. There are other great kosher places around town. Jerusalem grill has a friendlier staff.,1
#dirties - this was an ugly experience. I got lotto and fuel and left as soon as possible lol.,2
"Crispy thin crust, and fresh flavorful ingredients. Very highly recommended if you want a good quality pizza.",4
"Down-home live music dive that's family owned and offers a great value for the money. Cheap drinks, good food, no cover (usually). Opens at 6 am most days. Get over here.",5
"My friend hired Cuteology Cakes to do dessert tiers for my recent baby shower. They were absolutely adorable and delicious! Not only were they presented beautifully, they tasted yummy. There were three tiers made up of chocolate dipped oreos, red velvet cake balls, and banana chocolate mini cupcakes. The guests loved them, as did I!",5
"Negative. Food was totally bland until i ate a retadro pepper that burned my tongue so i couldn't tell it was tasteless. Decent delivery time but yea, no.",2
The Artisan Burger with jalape\u00f1o bacon is the bomb. Bartenders are fast and friendly,4
"The second visit made ALL the difference.\nGreat, if not amazing, service, and a super happy table of stuffed people.\nIn other words: win!\nMore dinners will be had.",5
"Website does not reflect accurate stock levels, company fails to inform customers of out of stock items and processes the order short, when you call to address the matter, they very rudely talk over you and hang up. I take that as a sign they don;t want my business, I will be happy to oblige.",2
"Pizzas are good and creative enough to be signaled, especially the Cochonaille et Gorgonzola. The possibility to have two halves of different pizzas is also enjoyable. Quite a nice spot for an outdoor diner on St-Denis street during the summer. \n\nAnd some waiters do look Italian.",3
Its a quaint restaurant right across the street from Container park. We went on a Saturday afternoon. Waited 30 mins for a table. I ordered the country fried steak. It was pretty good. Didnt think that the gravy was too heavy. The fried steak stayed crisp. Good flavors. The potatoes though...yum! The skin of the potatoes were nicely seasoned and crispy. I would come back again.,3
"I'm like Penny Lane x; that I wouldn't have tried this place if it wasn't for YELP!!! - Now, I am a fan; only been there 1 time; but this place has delicious, Singapore Rice Noodles (a entree I seen to judge all dim sum places on) - the portion easier feeds 2-3 people and runs higher than normal dim sum prices (but, it well worth it)...All of the other dim sum items were great that I tried. Go early, because we got there at 11AM and 15-30 minutes later there was almost no tables/booths left.",4
Love this place! I'm obsessed with burritos and these by far are amazing. They have many different options and they will make pretty much anything you want. The employees are very friendly and it seems to be a family-owned business. They offer many different options/sauces that you can't get at the chains. I've been several times and recommend trying this place out!,5
The buns are awesome. That's something I notice different about the burgers. The Wheat buns are amazing as well.,5
"This is quite a show!! The theater itself is truly beautiful... I don't think there is a bad seat in the house. I'll be honest, I found the actual story hard to follow... but who cares? The acrobatics and aerial action were amazing!! There is so much to see...the show just seems to fly by. Lots of really fit people swinging around together all wet... not bad at all!",4
"Didn't havana go out of biz? I think this is the place with the purple awning. If not, oops! This place is OK. It does have a swanky feel and the martini's are OK but overall it is nothing special. Usually the place is very empty compared to the other bars on Ellsworth.",2
"Great at taking my money, but horrible at delivering promised goods. I bought a signature gold suit on December 2nd. I was able to pick up my suit jacket on December 10th and I was measured for my suit pants adjustments that day. Fast forward 48 days later and I still do not have my suit pants. Nothing like spending $300+ on a suit plus adjustments while only receiving half of the suit. They have HORRIBLE customer service, after initial purchase. I can't recommend this store.",1
Been to this place a few times over the last 2 years and it was pretty decent up until recently when I ordered the Beef Caldereta and the meat was spoiled.. And the wife got the bisteak that also tasted old and spoiled.. Very disappointed.,1
"This place is great. Local hang out and cold beer everytime. The tortilla soup is to die for, go endless. Always a good happy hour Monday thru Friday and fun to watch nfl games.",5
Come hungry. The plates are big and full of tasty goodness. I like to share with friends if possible. The food is spicy but not so spicy that I find it overwhelming. Most items comes drizzled with a bit of crema which makes me happy. They have items like duck enchiladas which you won't find just anywhere. Plus their drinks are top notch without being too sweet.,4
"An admitted Parrot Head, I couldn't not go to Margaritaville. The drinks are great, and servings of food and alcohol are large. Three of us couldn't finish the nachos, which were delish. We all had a different margarita and they were all good. This place just has a fun vibe to it.\n\nThe gift shop has some hysterical shirts...I got one that said \""we are the people our parents warned us about.\"" So true.",4
"Stopped going to the Sunset road location in Las Vegas about a a year ago because food was not good anymore. When the new one opened up on Stephanie St In Henderson, we'd thought we'd give it one more shot. BIG MISTAKE! Steaks were not cooked as ordered, even when cooked a second time. Service wasn't the best either. Only thing good was the bread & salmon. Big disappointment Outback.....",2
"Nove was an interesting Italian place. At the top of the Palms, I was expecting a bit more for the price. Our meal was very expensive and unfortunately, I did not like what I ordered. The server said the Seafood Spaghetti was their signature dish and honestly, I would be embarrassed if this were my restaurants signature dish. Nove was a decent experience but I will probably not return. I really wanted to love this place, but I just didn't.",3
"This place can be wonderful or a disappointment depending on how well-staffed it is when you go there. Late night specials are outrageously low priced like the \""old Las Vegas\"" Maxim Cafe, now long gone. The T-bone special can be great or just okay..the daily specials are a great deal...",3
"Full disclosure: I'm a native so I'm biased. I've been to other state capitals, this one without question is one of the greatest in the country. First, it's a replica of the nation's capital which is really cool. Secondly it's on a hill down the street from the school and bars. Three it houses one of the bigger a-hole governors in the country....I guess that's not cool but maybe you could protest and get arrested with your family. It's free too.",5
Spend a little more and take a taxi. Just rude. Tried to tell us that even though we paid for hotel pick up that we had to walk 3 hotels away. We knew more about the events going on than they did. No accountability.,1
"Everything that I've tried has been simply delicious! The sweetest people work here, and although it gets a bit busy during the popular lunch and dinner hours, it's so worth the small wait. :D Go! Right now! :) haha",5
"The staff is always nice and cheerful, although they can be a bit ignorant. I've received beer poured into the wrong kind of glass and they nearly always mispronounce quinoa. But the vegan tacos are yummy and the laid back atmosphere is relaxing and fun.",4
Reasonable place located about a mile away from the strip! Rooms are not bad either! Wish the waiter service was better!,3
It's an airport. You get to Vegas and then you immediately go straight to partying. Even the airport is calling for a party with the slot machines located at the baggage claims. \n\nThis airport moves pretty quick too. They get the job done and fly you to your destination! wohoo!,3
It was my first time here today and It was extremely delicious!! The chicken parm pasta is a must try!,5
We choose this hotel based on price and location \nThe continental breakfast was good\nNothing fancy just a place to sleep\nThere was free wi fi,2
"Been going to this restaurant for years. The quality goes up and down. Last Saturday however, we learned that they charge $1 per person for tea. I don't even drink tea. I order soda. They don't even ask you if you want tea they just serve it. I asked them how they figure who is and who isn't drinking the tea. They could not give me an answer. So before you order and they bring you that tea you better make sure you want it and you tell them who are the people who are going to be drinking it.",2
If you haven't tried this place you had to try it at least once. They have the best ingredients for all their food and some healthy options as well. I love to get the chicken bowl because their burritos are too big and messy. I'd never had a problem with this place and they always give great customer service.,5
"Not sure what the fuss is about...this place was good, they had basics and some jazzy things and shakes were good as well.",4
"This is my new favorite pizza restaurant. I must say the pizza is better than Metro. The pizza is very d-e-l-i-c-i-o-u-s. It doesn't have that fake cheese taste. As I am writing this review, my boyfriend is considering picking up pizza from here. We eat here at least once or twice a week. My favorite the cheese pizza, great price. Highly recommend trying this place out. Spread the word about this restaurant.! You definately will not be disappointed.",5
"If you want to have your phone fix (cracked screen, water damage etc..) this is the place you want to go for all you phone issues. Great and friendly staff that can fix your phone in a short period of time and at a low price compared to their competitors. They also have many accessories if you would like to pimp out your phone or just want to protect your valued phone.",5
"I went there to get my dress hemmed last Wednesday and he said the next Thursday and when I went it to get it the day it was supposed to be done, he hadn't even started and he told me he was working on it right now which was a bold face lie. And when I went back to get it, he charged me for 30 for a simple dress hemming. It is such a rip off. I won't ever go back there.",1
"Don't you love it when you have to beg the restaurant to put food out on a buffet? Whenever I go here, the place is decently busy but they always seem to have a problem with having enough food out on their buffet. Everytime a tray of food is brought out, it's such a tiny portion that its usually emptied out within seconds by all the hungry customers! If you're going to run a buffet and expect people to come back, AT LEAST have enough food there for your paying customers!",2
The service is excellent and the portions are generous but found the food very disappointing. The sauces (cheese and benedict) were too salty and tasted like chemicals rather than made from fresh ingredients. The crepes had a pastey texture and were tasteless. The bacon felt like it had been microwaved.The two little pieces of fruit on the plate were good though.\nToo many great breakfast places to enjoy to want to go back.,2
"For $35/person but no olysters or sahimi? No way! It's just not worth it. I dont understand why it's rated four stars. If you put aside the dessert, it's a $15 buffet top. For same price, I'd rather go to Todai at Planet Hollywood.",2
"they always take great care of our little girls, even though one of them is not very friendly to other dogs. they give meds, frozen treats, and for extra, will offer play time and more treats. i especially like the report card they give you at pick up.",5
"Found a great dress, but when I was trying it on, the fitting room attendant opened the door on me (without knocking) and I had to slam it shut. Mind you, it was the same attendant who let me in that room less than 5 minutes before. No apology, nothing. They definitely need customer service training here.",2
Straight up legit wings joint. All they do is wings and they are amazing! They aren't a chain and have 18 amazing flavors. Be sure to ask for the chef special. Also get the homemade biscuits. You won't be disappointed. They even let you try the wing sauce before ordering.,5
"Terrible. The place was empty, yet I was served by beer in a HOT glass? odd. I ordered beef fajitas, and they were terrible, with much of it being such bad meat it was inedible. The food was also extremely bland. I asked for chips and salsa, only to never get any.\n\nIt was terrible, and I wont go back in my travels to Phoenix.",1
They would not even bother calling me back about getting a quote. Had to call three times to see what the deal was. Receptionist was very nice but apparently Dennis is a bum. Can't attest to any work since I was apparently not worth calling back.,1
"The Bartender was rude and if I wasn't with my family I would have thrown my drink in his face.\nActually I wanted to do a lot more, but i figured a true review would hurt them most. DONT GO!",1
"I've been coming here for years and the food has always been good the prices fair and the service exceptional. it appears there is new management, the food is bad, and I say that with all sadness. The teriyaki sauce is watered down a lacks flavor, the Yakasoba is dry. Very sad. The staff is OK but not near where it used to be. too bad. my suggestion pass on this place. You will see that all the good reviews are old.",1
"Geez, just because I wasn't dressed in a suit after my long drive into town doesn't mean you should ignore me and pretend I don't even exist. Shoot, even a \""hello, good afternoon\"" goes a long way. I would know, because I work retail. So stop being snobbish a-holes and acknowledge your clientele, you stuck-up blue blood douchebags. Your store definitely lost a sale that day.",2
"I love this place.. great friendly, professional and effective service... I came here years ago after my car accident. Now I come with my girl 2 x a week.. Chong is my favorite doc.. They always have plenty of candy... And they are keeping the SHASHI in there somewhere...",5
A family favorite. My family of four have been to the Daisy several times. It has become the go to stop that we all love. We feel right at home and get good food and service.,5
"Spend time there several times, even bought some Groupons, but lately the wait staff is not very attentive. You have to ask for refills and no name introduction or real eye contact. Drinks are good...Chris the bartender is the exception as he actually talks to you and makes great drinks.",2
I typically don't go down to the strip but when I do I at least expect to get high quality food (even if it is overpriced). I realize this place is just a coffee shop but I never expected they would serve a steak that had been tenderized with papaya enzymes. seriously gross. the crab cake was ok but the best part was the remoulade. also had a chopped salad that wasn't bad but it was over dressed.,2
"Awesome old-school style & good food. Usually busy, but the wait isn't generally long. Great staff and you can expect to pay from about $30. to 50.00 / person, depending on what you want. The salad, bread, table wine & a cappuccino to top things off are included in the main course price. Worth the walk.",4
"I really wanted to like this place. The ambiance is cool, the menu items looked appealing and the service was average. Unfortunately, our food was OK and I felt it was overpriced for what we got. The sangria we ordered was refreshing was only $20 for a pitcher. All in all, I probably wouldn't come back here unless it was for happy hour which I have been told is a good way to experience this restaurant.",3
I am sorry I hadn't been here before. From the outside you have no idea what hidden treasures are inside. Everything we had as appetizers and our meals were great. I love the new variety to our palettes. I highly recommend you come here.,5
I did not like the food. I see a lot of oil in curries. I don't recommend this to anyone.,1
Got into town late Sunday night and needed a place to eat. The guy at the hotel mentioned this place was nearby. Ordered a pizza and a salad. Both were terrible and lacked ingredients shown on the menu. Avoid.,1
"Our group got food poisoning from eating here. The service was great, but we got so sick afterwards we can never come back. \n\nStay AWAY! there are many other options for eating in the Venetian",1
I would have given this Marshall's 5 stars however I felt like the clothes department was fairly small...\n\nBut the home section is great!,4
I've seen Matt three times over the past few years. Expect to laugh a lot! He has a way of taking everyday life--like a trip to Walmart--and making it hysterical.,5
This location Rocks! The staff (both front and back of house) know what they are doing - which is very refreshing these days. Just wish it wasn't overrun w/ so many loud kids. Thanks Gilbert location for holding true to Pita Jungle's standards!,4
"We ate here a few weeks ago per a recommendation from the hotel we were staying at. While I do not eat steak a few of my friends do and they said they liked it. I ordered the Chicken Peppered Penne which was delicious. I asked them to make it extra spicy which they did. The pasta was cooked perfectly, the sauce was creamy, and the dish had a great flavor. The service was good and the prices were reasonable.",3
Went to a game. It is always great to see baseball since we don't have a Pro team out here. Good prices on food and beer. Would recommend it for a cheap night out.,3
Best pizza in Arizona. Arizona had been waiting for this for a long time!! We were customers in IL and the owners have kept up the exact same quality and service!! We didn't want to move back to IL to have great pizza!!! Thank you Buzzyz for always delivering a superior product.,5
"The ambiance is nice for a buffet. The presentation of the food is higher than average, but the food was overall not as good compared to others like the Wynn Buffet. However, the gelato is quite good, and I liked the idea of the individual portions though it made me feel guilty when I just wanted a bite of something, but was forced to take a full serving. They didn't have any issues with clearing my half-eaten portions.",3
"Diagnostic testing is never fun. A comfortable waiting room, good communication with staff, and physical comfort go a long way towards maintaining sanity. This place can get very crowded and wait times can be extended but most times I've found the main waiting room comfortable. The big window and seat placements help reduce that penned-in feeling. Other waiting rooms in the building are pretty standard. Staff all seem friendly.",3
"Wow talk about a good way to go....heart attack in a box for sure but it's soooo good. If you blink you'll drive right by it. Patty melt was great, can't wait to try the burgers!",4
"I have been impressed by AutohausAZ service, their prices are great and all the parts that I have ordered where quality material, exactly what their website have stated. And the price is definitely the best. I just ordered a set of halo rotors, they arrived within 2days.",5
I love this place! It's a great hang out on the strip. They have excellent service and great drinks :),5
"I come here pretty much everyday but that doesn't mean I like it. I only buy gas from here if I'm completely on empty, otherwise I go to the Chevron up the road. But I am a Slurpee addict and I need ice so I continue to come here.",3
"Great place for a lazy Saturday morning coffee date. Things that are awesome here: coffee, sandwiches, pastries, and praline bacon. They have a wide variety of wines and beers that are more affordable than you would expect. Service is a little slow, so not somewhere to hit up if you're pressed for time.",4
This place is always such helpful to me The employees greet you when you first walk in the door they are helpful to and it's always nice in the store this is by far my favorite Walgreens in Las Vegas I recommend everyone to come and check this one out,5
I had the house special chow mein to-go for 8.10.\n\n- a bit better than panda express. pretty bland. \n- small portion for the price. few meat for their combo\n- 8.10 for chow mein and their AYCE dinner is10.50? bad pricing. \n- i have to come back to try AYCE. eating individual platters aren't worth it.,2
The food is good. Would give 4 starts except I guess somewhere along the line I became an old man.. But something about 10am shoulder to shoulder with tons of people and techno from the DJ.. If you have a hangover avoid!,3
Quality of the food was poor. Lots of choices but just didn't think the food was worth the price.\n\nThink a stand-alone place is a better choice. You'll get better quallity food & eat less.,2
I wasn't expecting authentic Mexican food but I was expecting good quality food for the price. The flavors where decent bit the meat was fatty and not cooked properly and expensive.,2
"Same as it ever was\nSame as it ever was\nSame as it ever was\n\n-- Talking Heads\n\nYeah, not much had changed in the 24 years that passed between my last two visits. You get a burger that's a little charred. Fries and onion rings are fairly good. The atmosphere is without pretension.",3
"People working there are so rude. They chatting with coworker while I am waiting to check out. They told me to wait. And the cashiers so rude, no smile, anger faces. Make me feel uncomrtable.",1
The prices are a little high and the food is ok. I have had better pizza. The wings where also ok. The people where nice both times we have eaten there.,3
Let me start by saying that I would never go back I went their for a trim and to get some color on my hair buy I left looking like the big bird from sesame street the girl that did my hair was so rude and she was just telling me that she was a really bad day ....I don't know but this place suck please don't even think about going to that place they did a horrible job ...,1
"There seems to be a long wait and the prices are on the high side, but they had the best burgers I've ever had. The onion rings and sweet potato fries were also amazing as well as an attentive staff made this one of the best times I've had in Vegas.",4
What the heck is wrong with all the five star reviewers? Went here last night. No sense of hygiene. Un-eaten bread is reused for next table. Hot sauce is put on with a brush directly onto eaten food without being washed or changed between tables. Yuck. Lost my appetite here.,1
"We've only been once so far but the wings and fries were good.\n\nThey have subs (fried fish, Philly or chicken cheesesteaks, cold or hot veggies...), wraps, burger platters, fish plates, chicken plates and more.\n\nI was reallllly happy to find this place. It reminds me of carry outs from back home. I've been in the Charlotte area for seven years now and this is the first time I've found a spot like this one.\n\nIt's in a small-ish corner so keep your eyes open when you go.",3
"I think for the price this food was reasonable but I wasn't exactly impressed. It was good but my date and myself agreed that the noodles weren't as good as we had eaten at other places. I don't think that it is fair to give it a bad review but I also thought that the menu was kind of hard to understand. Maybe it was because it was my first time there but it wasn't really straight forward to me. Service was standard, nothing out of the ordinary.",3
"Unimpressed is the best word to describe this place. Normally a long line of people waiting is a sign of a good restaurant, here I think it is just a reflection of an inefficient operation.\n\nI had the blueberry pancakes with eggs and bacon. Very typical... Nothing special. I would not rave about the place, or go out of my way to eat there... If it is convenient, it is ok... That's it. I would rate it a notch below Cracker Barrel in terms of food quality, value and service.",2
"Pretty impressive landscaping, floral and fauna display. Free admission, but I suggest spending the extra $2 and visit the conservatory whi check has butterflies and a few birds.",4
"I had the burger again this time. It was not greasy at all and had a nice flavor. I asked for some of the jalapeno cream cheese to try with it. That stuff it awesome. \n\nThe fries were thick but not steak fries. I liked them a lot. \n\nThe staff was really nice but a bit slow on the kitchen side. I however, did not mind as it was beautiful to sit out on the patio, wind blowing through my used be hair looking out over the desert. \n\nPrices are good, totally worth a drive to New River.",4
"Pizza was good the night off, but really fell off a cliff the following day. I think good pizza is just as good if not better the next day, as much can be concealed with a hot pie. Our server was excellent, very attentive, not very impressed with lack of subs on the specialty pies. We did a substitution but charged us additional for our choice of topping which I thought was weird. Also far too many red onions on their veggie pie.\n\nNO BUFFALO WINGS!!??",2
I just moved to Vegas and looking to purchase a home. I was assured that it will not be a problem even though I was told by the other brokerage firm that I need a full time position in Vegas for at least a month before I can qualify for a home when I checked into it last year. They assured us that it was not a problem. I didn't want another hard credit ding on my credit score. I got a hard ding with no loan.,1
note that the 2star rating is just compared to all resturaunts not just hawaiin ones. \nfood was good. i dont know my way around hawaiin cuisine so who knows? i just know it tasted good but left me with a fast food feeling afterwards. \n atmosphere was like.. nah just do take out. the atmosphere is like an uncomfy mcdonalds made of fake bamboo with pictures of kids in bikinis. srsly kinda creepy.,2
"An elegant, small shopping and dining venue that I wish would catch on a bit better. It's much more tasteful and appealing than Downtown Summerlin. It also has ample parking and easy access.\n\nIf you're looking for a classy shopping experience in a mall that's easy to navigate and has great restaurants, check out Tivoli Village.",5
This Starbucks is great. It's usually pretty busy because the location but it has a drive thru which is very convenient. It's also close to my home and it's a few cents cheaper then the Starbucks in Von's up the street.,4
Service sucks sooooooo bad. I waited 25 minutes for a bowl of chili? Really? Did they have to hunt a cow? I mean you scoop it in a bowl and you serve it. It should only take 5 minutes but 25 minutes???? I walked out. Oh and by the way I told my waitress I've been waiting for 25 minutes---- she said ok. No apologies. Wow! Avoid it like a plague.,1
So dirty I was afraid to take my shoes off. Is there a way to give a quarter star?,1
"I am not normally a pain-in-the-ass orderer, only at Rubio's. Because they have lots of things that I like but not all in the same burrito. So I order one burrito and make about 22 changes to it. \nThis Rubio's got it right. EVERY SINGLE TIME. And didn't give me an attitude when they did it, either! \nI love them.",5
As far as subs go this place is hands down a winner over the 5$ FT LNG place! Sandwiches are great.,4
"This place kicks Candinas' ass by a long shot. Granted, you have to like dark chocolate, complex flavors, and high quality. If you don't value these qualities, go up to the capitol and get some super-sugary nonsense.",5
Very disappointing. Chicken quesadilla was shredded and loaded with so much queso that it was soggy. Surprised because they have such a good rep but Im going to stick with Cabo Fish Taco.,1
I guess I didn't order the right sandwich because out of all the awesome reviews my sandwich was just.... OK. I got the Italian and was not really impressed. It was just a small amount of meat and a slice of cheese with stock Italian dressing. So what's the big deal?? Ok I'm gonna have to go back and order something else because I gotta see what all the hype is about! To be continued...,2
"Big, clean, carries lots of variety. Some is overpriced, the rest is about average.",4
The line at the Wicked Spoon was too long so we headed over to the mall. This was the first place that we saw. As 3 starving hungover girls it satisfied us just fine. I ordered the chicken fajitas which were surprisingly tasty. The service was definitely slow and the sodas cost $4 a pop.,3
"If Chipotle were a pizza place...\n\nBy no means my favorite of places to eat in Vegas, but it was sort of cheap (not compared to Chipotle), tasty, quick, easy, and convenient.\n\nThe pizza was tasty, the flavors fresh, the staff friendly, and all was easy. I think I would have preferred it to be less than the $10 price point, but I guess it's kind of like a Las Vegas thing to spend a little more just because. \n\nWould I go back again? I'm not sure. Would I like it if I did? Yes.",3
"This spot is legit. Great clothing, friendly and knowledgable staff and convenient location.",5
"I have given this place a second-chance.\n\nI rate this restaurant 3 stars (A-OK) because of consistency of quality and consistency of delivery and appropriate price.\n\nIt isn't so bad if you do NOT have high expectations of a barbecue place. Plus, any place that lifts a finger to serve Fried Okra is A-OK in my book!\n\nFootnote: Pickles in a 5-gallon barrel, self-serve fountain drinks and barbecue sauce, and (hilariously) self-serve soft-serve ice creamsortofstuff. A-OK.",3
I was so excited to try this place based on the reviews But when you walk in it smells of fish which isn't good The sushi wasn't that great they forgot one of the things we ordered and the service is TERRIBLE they said they were busy but there was 3 other tables of 2 people at each. Never coming back again that's for sure,1
"Once just a Panera ripoff, Atlanta Bread has since added many more of its own creations. I tried the Italian vegetable panini the other night: tasty but expensive, given the portion size. Even after finishing the pickle and kettle chips that came with it, I felt barely satiated.\n\nDecor is nice, as is the free wifi, but service is somewhat lacking. Nonetheless, this place feels like an adequate option if you're in the mood for a sandwich. (The pastas, however, are quite bland.)",3
"This is your typical Lebanese place that specializes in Shish Taouk, Shwarma among others. It has a good number of tables for eating there with a outdoor patio for the warmer months. Service is fast and to the point, exactly what you want at a fast food joint. If you go for lunch expect a crowd.",4
"The service was so poor, I was about ready to call for delivery from Jack in the Box. Waiter offered lame excuses for his and the kitchen's slow service, citing that he had to wait the tables outside. There was one couple outside!. The place wasn't busy. No excuse. When the food arrived it was adequate. Avoid this location if you have things you need to get done during the day, as you will be there awhile. Great menu, but you need to go to another location that believes in customer service.",1
"This place used to be decent (pre-2007), but its quality has really gone down a lot recently. Mostly, they seem to have been cutting too many corners. They used to serve slices of a rustic olive loaf (probably from Allegro Bakery nearby), but in my last couple visits, the olive loaf was replaced with generic white bread. They used to have a reasonable salad, now it's just iceberg lettuce and a sad slice of tomato. The cut of meat for their steak is now chewy and has fatty inedible bits.",1
Barely mediocre bar food. Our beers were warm and the food was blah and greasy. I've had better food from a fast food joint and at half the price. Not worthy of a return.,2
"\""Tourist trap\"" pretty much sums up this restaurant with mediocre food, service and atmosphere. I don't mind paying more money for quality, but things were far from exceptional. A 12oz beer was $10, and steak and fries was $30. The girls were nice to look at, but nothing more.",2
Warning - I got quite possible the WORST case of food poisoning I've ever had at this place. I am 100% sure it's this place because it's the only thing I had eaten all day - I'm here for CES. I got the Ruben and I thought something was weird about the sauce but attributed it to shitty Vegas food. Going on 12 hours sick. :(,1
"We have been twice, thus far, and will be returning Saturday night for the UFC fights. I was disappointed to read so many negative reviews. We have had great service, served good food, and delicious drinks. We liked the variety of people of all ages that patronize The Derby. I hope management takes into consideration the reviews and works to keep our experiences more consistant.",4
"The pool area is awesome! Nice little pool area for little kids. To rent a floating device for the lazy river ($16). Just bring your own! Breakfast at the cafe was not as good as Denny's or IHOP. We ordered 2 meals: pancakes and an egg, bacon, sausage, toast plate, and a side of fresh fruit.... $70 !!! What a rip off! The Lion Habitat, they were always sleeping! The room, I thought it would be \""Grand\"", but it was just okay. Nothing spectacular. The Venetian has way better and bigger rooms.",3
"The parking and long wait, mentioned by many, is worth your time if you love Texas style BBQ. The resemblance to Franklin BBQ in Austin is uncanny in quality and concept. Only suckers show up at the longest line at 11:00am, come after the rush at 1:30pm to wait in a shorter line.",4
"We went for happy hour and had the tacos. I had a beef and a chicken taco, my husband had a beef and pork taco. The chicken and pork tacos were good. The beef tacos were dry and bland. They warned us before that the beef tacos were fried. I love fried tacos, but not these. The house margaritas were delicious. I am not sure we will ever return, but it was decent.",3
small limited very reasonably priced friendly employees unique speciality items but not intended for your complete shopping needs this location is steady busy with lots of parking,3
Wow! Great tasting every time! Love everything I have ever tried! Highly recommend!,5
"Terrible we sat at the bar and never received service ,,,, bartender was rude and spoke only to the locals.\nNot worth free beer",1
"I couldn't pass up the yelp deal for this place. We went for brunch on a Sunday and our server was very friendly, patient and attentive. The hummus app and the sweet potato fries were so yummy! The mimosas were tasty although they went too quickly since they are served in small flutes. I liked the laid back island vibe of the place. Now that I know there's a dog-friendly patio I'll be back more often.",4
There are so many interesting book~ just got three from there and they help to make my studies life more interesting~,5
Come here with a lot of time on your hands because the sheer size and volume of clothes in this store will swallow you alive. I walked in to look at one thing and before you know it I was sucked in. By far the biggest F21 I've been to; selection is good and plentiful and the music is so loud just enables you to go into the zone and focus. Thumbs up.,4
Everytime I order here or stop in and eat it's been great food. The only thing is the service there is really hit and miss so ill give a 4 overall. 5 on food and 3 on service,4
"Their soups are GREAT! The service can be iffy sometimes and it is very dark and hot. The employees are kind of a \""grunge\"" crowd. However, last time I went, I got food poisoning. I would say eat there, but the food is the only good part about it. Good selection of beer, wine...not at all.",2
"What fantastic people! Met the general manager and she couldn't be more genuine. Not to mention helpful. I had a question about the place she couldn't answer, and she took my number and said she would find out and let me know. Gosh.",5
"Even though I didn't really find anything here, the sales people were super nice. Unlike their sister store Ann Taylor Loft. They greeted me upon arrival and didn't give me attitude when I only bought two items. It's hard to shop in this store and try things on because it didn't feel like the AC was on. They usually have a good selection but this time around I didn't find that much. Oh well. Save it for the next trip to LV.",4
"Their sandwiches are so good!\n\nIt's so convenient that they're opened 24 hours. We came here after midnight and there was still a quite a long line and a lot of the tables were taken.\n\nThe bread they use is nice and crispy.\n\nMy recommendation:\n- The Original: I usually don't like horseradish, but surprisingly I really enjoyed it in this sandwich. Yum.\n\nI will definitely return and update my review with more recommendations once I try more of their sandwiches!",4
"Not the worst, but by far not the best either. Service was very slow, food was bland, and experience was lacking. Will not return.",2
"bad bad bad never again th curtains too small for the window the ac not working tv had static no blankets on both beds wifi not working office said and the parking sucks had to share it with a wedding chapel so when we came back from the strip had to part down the street because of a big wedding we left the next day. im telling my family,friends and coworkers don't ever stay at super 8 motels",1
"Well, my favorite breakfast place just joined the mundane! The quality and service still remain, but my favorite part of eating there, the weekend menu of surprise breakfast dishes is dead, the new menu is just like other breakfast places. Please bring back the weekend imagination!",4
"Service was great. Chicken Parm. was huge. Great bread with olive oil and balsamic vinegar, yummy. Wife had chicken fettuccine alfredo. She was very happy with it. Good grilled chicken and the sauce was really fresh, clearly house made. Good Caesar salads too. Didn't have any wine. Server advised that they have half price bottles of wine on Thursdays. Might come back for that. Kids liked there pasta and pizza too. Pizza was really good sized. Good fresh brewed iced tea too. No complaints.",5
Why is it that no matter what time you come in it is always at least a 20 min wait? They need to hire more people.,2
"Food was delicious! Ambiance top notch. Fun, classy decor to look at everywhere you turn. Our server was super attentive and ready with menu suggestions and recommendations. We will absolutely be back and bring our friends! :)",5
"Cold Tuna, frozen vegetables, unremarkable service!\n\nI travel constantly, so I notice the small stuff as well as the big stuff. In my second trip to this Phillips I was hoping for a better experience tan my first. Next time, I think I will save the dough and just go to CPK ASAP in terminal B.",2
"Mike their \""broker\"" has no personality and is rude on the phone. He is impolite to his costumer and will drop the phone on you, avoid dealing with people like him and move on to the next business that cares about costumer service.",1
"It's a nice place to sit and relax and chat with friends and all before the security area since it's a restaurant in an airport, but the food didn't impress me.\n\nI ordered the ahi tuna burger and the ahi tuna patty was bland and a little overcooked. The bun itself wasnt that toasty either. The fries were pretty decent though.\n\nI probably should order something else next time. My friend's ahi tuna taco platter looked pretty good (but is also almost $10 more)",2
"Nice wooden, yet modern interior, with candles. Staff and guests come with a pleasant grungy edge. A whole page with veggie pasty, and even one vegan option. Vegan pasty? Yes! I stuck with a veggie option (rosemary 'chicken', good) to not rock the boat too much. Maybe vegan next time, it's intriguing.",4
Lucky Cup is typical Froyo place. Bright and with 12 flavors and lots of the usual toppings. They did have a few fresh fruit toppings. The yogurt favors I sampled were a bit off and bitter. The one worker on duty didn't seem to want to communicate with us or answer any questions.,2
Drive thru and fast turnaround are nice but not for the rip-off price of almost $8 per garment. Especially since they don't replace buttons they cracked!,1
"Ate here last night and had a mixed experience. \nAtmosphere and service is good. \nDishes are hit and miss:\n\nSeafood platter of oysters & cold smoked salmon: great\nBeet salad w/ apple, dill and buttermilk dressing: very nice\nLobster poutine: very salty and not much lobster (19$)\nBeef cheek gnocchi: too salty, greasy and some odd Asian flavors mixed in (the biggest looser of the night.) \nVenison served rare: delicious.",3
"went here last week with friends & it was amazing. had a gr8 time. great food, great drinks, excellent atmosphere, and awesome time. i would like to bring my husband here for date night.",5
Pretty good area! Low limits and players are friendly and not too cut throat. Just know the basic strategies and being able to pick up on play styles and you will have a good time.\n\nI prefer playing blackjack in all honesty but this is still a nice place for a change of pace.,4
"So I just cancelled my membership after 6 years or so, no hassle there which was good. Got a refund for the remaining time. \nIt is a nice place, but I started taking yoga, privately, so no need for the gym for now.",4
"I love a good bakery and Something Sweet is a nice addition to Ahwatukee. I had fruit tart that was on the money, light flaky crust and good amount of fruit filling (although I think it might have been canned fruit, but was still good). Wanting to go back for more breakfast, but find the hours not to be convenient for families breakfast choice. Will maybe try again on a trip to TJ's and see about bread.....mmmmmm fesh baked bread!",3
"Service is very slow. Food is ok depending of what you order. Crepes are fine but far from amazing (Go to Juliette & Chocolat instead for this). I ordered the burger deluxe and I can say with confidence that it is probably the worst burger I ate in my whole life McDo, Burger King and Snack bars included.\n\nThe Latte coffee is good for the price... but it took 15 mins to get it. \n\nMight be a nice plan B for breakfast if other places are full. But definitely not a plan A.",2
I hated the fact the texture of the gelato was so sticky and thick. I felt naucious and got a stomach ache from it. I feel like they put way too much sugar in their icecream creating such inconsistent texture. I'm going to baskin Robbins next time.,1
"New Mexico Chile soup, salad and beer bread - yum! German sausage plate - yes! Chocolate paired with beer ( you can't leave without tasting the tri -pepper pairing), what's not to like? Pub food does not have to be greasy frat food. Thank you, Great Dane, for a fabulous lunch!",5
I'm not sure I get the appeal of this place. It's like Main Street in Disneyland only it has a Pottery Barn.\n\nPeople seem to like to bring their dogs here and it seems to be a community gathering place for Green Valley. But I'd rather hang out somewhere a little more urban.,3
Who the heck even wants to climb this disgusting-looking mountain? It puts the beautiful Arizona nature and scenery to shame.,1
"This Tap Haus has 60 taps, almost entirely craft beers (several faux crafts like Blue Moon). Open room, mixed atmosphere of wealthy cave creek old folks and bikers in Harley black leathers. Service was atrocious. Dirt parking though, meh. Food is American meat focus on steak, chicken, fish plus a lot of fried apps.\n\nUpdate: had to leave bar without being served - after given menu, was ignored by bartender after numerous passes and a raised hand... and it wasn't busy at all.",1
"Incompetent and rude staff in the office. They do not even acknowledge maintenance requests within a reasonable amount of time, let alone perform the repairs. People are breaking rules e.g. parking, noise, satellite dishes, chairs and garbage out on the landing, which makes it unpleasant.",1
"Their donuts might be amazing, but I'll never know. Not only is this place annoying to get to - it's inside of a car wash and there's no parking - it's NEVER open. I've tried twice now because it's so close to my house, but it's been a total waste of time both trips.",1
"Located on the top of the Statosphere, they let you pick the meat, bread and toppings. I got the turkey, not too flavorful, and dry. Put hot gravy over the sandwich and stuffing to moisten the sandwich. Good variety of toppings, added mushrooms, gravy, stuffing over this open faced sandwich. Things are sitting for a bit, so go early this get fresh toppings",3
"Was super impressed with the fish tacos. Same taste and fell as cali. Also the 3 rolled tacos were amazing as well. Service was good, friendly staff and love option of having beer. Didn't like the bar being separated from dinner room. All in all great food, and great healthy choices.",4
"What a bargain this place is, veryyy inexpensive and real indian food. The buffet is really good and the service was very personal, the owner of the restaurant came over several times to our table and gave very good advice on what to get. Everything was fantastic.",4
"Found bleach spots on 2 shirts. Went in 4 times to get it resolved because the manager wasn't there the 1st 3 times. Then she said \""we don't use bleach and we didn't do this\"". Well I sure didn't ruin my shirts for fun, nor do I like to frequently stop by a place repeatedly for giggles. The manager/owner turned her back and walked away. Me= a couple hundred dollars down the drain. Nothing I can do and nothing they are willing to do or admit. DO NOT GO HERE!!!",1
The two star is ONLY because I love hooters food...seriously the b*tchiest waitress I have ever encountered. The place was empty and she didn't even seem like she wanted a table! Will not be back to this location...ever.,2
"My wife found this nice place when she was working nearby.\n\nWe visit and have burgers or fish & chips or sandwiches every couple of months. It's reliably a good meal.\n\nWe usually go on Saturdays after a round of golf or a good hike. Frequently, we'll get their Saturday Special: 1/2 priced burgers with the purchase of a beverage paired with $3.00 San Tan Drafts.\n\nIt earns 5-stars because it's almost always considered as an option when we want to go have good food and a good time.",5
"So I usually have a good experience here. The chefs are very nice as they were today, but if you're not at the sushi bar the service is much slower when it comes to the sushi. Overall not bad, but could have been much better service.",4
"The staff here makes the place great! Every time I come here the employees are prompt, polite and really friendly. \n\nAnd the KFC bowl is heaven in a dish.",5
"Good portions and cocktails overall. The best thing I tasted was the pretzel and fondue appetizer. Stay away from the curry chicken, it was small and didn't have much chicken in it.",3
"Dr. Suykerbuyk was awesome and friendly and had gone to him for years for terrible ingrown toenails... Unfortunately they kept coming back so I went to Dr Saunders. He was so insulting and sarcastic and degraded me (being a brand new young nurse) His medical care was good, my toe healed but I will never go again because I was so insulted, and I am not a sensitive person. He needs to learn professionalism.",1
"This review will be short and sweet. The room has an intimate feel to it. You got small, round tables surrounded by 4 chairs spread all around the room. There is a bar at back for you alcoholics. The comedians they showcase are better than average. Everybody has their own brand of comedy and the audience is usually mixed. If you didnt come here to have a good time, then you're in the wrong place buddy. Go watch Criss Angel if you wanna waste your money and complain.",3
"I'm a little bit disappointed. I tried to order a smaller custom cake for a very special occasion. Even though I inquired over 3 weeks in advance, they declined because they're too busy.",1
"Well, the rolls here are pretty special. The \""Jimmy the Attorney\"" and the OMG roll are fantastic as is the price, $18.95 all you can eat. The carpet was in need of a vacuuming and some of the \""food safe\"" practices were questionable. I will try it again in a few weeks.",2
"Went to BS for their Thanksgiving dinner---but really disappointed in food. Ate on outside patio - ambience=10, service=10, wine=10, dinner=3. The turkey was extremely dry, and while the butter squash soup was fabulous, the signature ravioli that came with it seemed to have sat under the plate warmer way too long. The whipped yams were great and the saving element of the entire meal. Overall, I'd go back to BS one more time for a possible \""make good\""",3
"With all the pizza places on this particular corner, I would have expected a new place coming in to be over the top. The margarita pizza was just sad. Barely any cheese, made with sauce instead of fresh tomatoes, just an all around bust. They don't have much on the menu - especially for someone gluten free. \n\nThe wait staff was awesome.",2
Chicken fried steak and eggs rocks!!!!!!! Service was excellent. Very attentive. Portions were big and prices were fair. Location was easily accessible with plenty of parking. Restaurant was clean and coffee delicious. We loved it. Great weekend breakfast spot.,5
"WORST color & cut job ive ever had! The color was spotchy, faded into a goldish color the very next week & the cut was un-even. I ended up having to go to someone else to fix her horrible attempt at \""high lights\"" !!!! The minute you sit down she is rushing you out of the door & she didnt even blow dry my hair all the way! DO NOT GO THERE IF YOU ACTUALLY CARE ABOUT YOUR HAIR!!!",1
"Went here for dinner with some girlfriends on Saturday night. It has a nice clean and trendy atmosphere with some tasty bite. It's a little pricy, as are most decent sushi restaurants. They cocktails are yummy, I had a refreshing St. Germaine, as well as some miso soup and veggie tempura. Good place for girls night, or dates. If you're a resident of Scottsdale, they are even featuring a locals discount until Labor Day... Thumbs up to that management!",3
"We went there once and would never go back. There are too many good restaurants in Madison to waste your time here. My wife got the salmon and it was disgusting, I'm fairly certain it was frozen and simply reheated.",1
"One menu item... Bob's (Organic) Bad Breath Burger... You just HAVE to order this!! Living up to its name, you will have bad breath for the rest of the night. :) But, it's definitely well worth it!!",5
not worth going to. go to the south rim its better because u can take pictures there as well as free shuttle buses and a theatre. you have to pay to get in on the west rim as well as not bringing no phones no camera. what is the use of paying $74 a person to go on the skywalk and then not using your camera to take photos that is a rip off. everyone comes miles and miles away to come here to take photos.,1
Salad bar was really good including peel and eat shrimp but the fish and chips were AWFUL. Three tiny pieces that looked like they came out of a fish sticks box from the grocery freezer section. So disappointing. Either do it right or take it off the menu.,2
"Will definitely be coming back. Loved the service and Marianne was awesome! She made me feel comfortable and at ease considering it was my first time EVER getting something like that done. She was quick and talked to me so I wouldn't distract myself with the short spurts of pain, (not as bad as I thought!) Will definitely recommend, especially if it's your first time! (:\n\nStef",5
"Man this place can be hard to find! Look for it tucked away behind the garage structure.\n\nIf you're in the area, this is a nice breakfast spot. The monkey cakes, flannels and chimichurri were all pretty good. Not my favorite breakfast place, but a good go-to if you want a breakfast with some character.",3
Boris does it right. Was referred here by my boss and nearly a year later can still say I'm happy he did. Perfect fades and the traditional barber style hot cloth and massage are a nice touch to an already stellar hair cut.,5
"This is a great little butcher shop. I have come in several times, mainly on a whim and usually during Thanksgiving looking for a turkey, and have always been pleasantly surprised by the quality of the meats they have present.\n\nI will continue to return.",4
absolutely terrible service. waited room to be prepared for two hours after check in. key to room doesn't work. no reparations.,1
"I would not recommend this airline if you are traveling with kids. This is a no frills airline. Nothing special. There was no TV, period on our 5 hour flight from NY. All the kids in the plane were going nuts. The seats are very cramped and small. The plane seemed very old. \n\nGo Delta, if you have kids.",3
I like the pan fried dumplings and the hot and sour soup. The entree plates are huge and made to share. Staff is friendly and the drinks are good.,3
"I've been taking my dog to GVAH since he was 8 weeks old, for about 2.5 years now. I've been completely happy the whole time! Both vets are so nice and totally understand the \""pets as kids\"" thing. They are very calm and are open to questions any time. Walk-ins are welcome and there is rarely a wait more than 5-10 minutes, even on the weekends. All of their shots are $10 and the rest of their prices are very reasonable. I love these vets and won't take my dog anywhere else!",5
"Yellowtail is an exceptional restaurant with excellent food and incredible service. Some of the best sushi in the city. It has 1 of the best terrace views to watch the fountains at bellagio. The atmosphere was stellar and there were gorgeous people everywhere in the restaurant. A must try is the Kobe beef tataki, the big eye tuna pizza, and the Kumamoto oysters. The food was exceptional all around. I will def be going back sometime soon.",5
Being that I'm Colombian I was excited to find a Colombian restaurant in AZ and was pleasantly surprised with how good the food tasted. Excellent service. Loved the ambiance and the Colombian music playing in the back ground. The owner took time to talk with us and share about her and her husbands business. They've been in business for 4yrs and have seen it grow rapidly. It's a great place to experience and taste a bit of Colombia!,4
"After hearing so much about this place, we went to have breakfast there.It is way overrated!!! IHOP's pancakes are way better.",3
"There's not much to be said about the pizza here except that it is comparatively cheap, quick, and is no frills. Whether you're tired of overpaying for things on the strip or want to get late night grub without a reservation, this is your place. Free water and condiments, and you get to tease everyone at the Cosmopolitan with your cheap yet filling pizza. Can't go wrong.",3
This was the worst restaurant I have ever been to. Service was atrocious and food was bland. On my enchiladas they didn't even use real cheese. Waited over 20 minutes to get silverware and a drink refill.,1
"Whenever I'm booking a flight that requires a connection (which, let's be real, is almost always the case from RIC) and Charlotte appears as an option, I take it. It's easy to navigate, isn't overwhelming and offers standard food options as well as a few of my traveling faves. Jamba Juice, Pinkberry, TCBY? Yes, please!\n\nIt even boasts rocking chairs (welcome to the South, y'all) and free wi-fi. Doesn't get much better than that during a layover.",4
"We ate there with the family, nice, cozy environment, it was kind of dead for a Sunday. At the entrance of the buffet it smelled like sewer, we were grossed out but wanted to give it a try. We eat sushi 15 times a month... no joke! This place is NOT grade A sushi at all.. you can compare it to Grocery store sushi... it was OK. \nThe variety of the buffet was really good, it would even be better if everything tasted good for that amount of money!",3
"Great selection of Triple 7 house brewed beers and pretty good food, but a little bland. Great atmosphere with plenty of bar seats and tables. Will come back for sure for the beer. Will eat lunch or dinner elsewhere. This is in a not so desirable part of town, wouldn't venture here at night. Go during the day,enjoy some really good beers and get back to the good restaurants on the strip.",3
ruined a very expensive dress and when had to reimburse me for it...pushed back. This was in in DC Ranch. DO NOT USE IN MY OPINION.,1
"Jerry with Time Saver is a true professional. Honest, relaiable and has the experience most people only dream about. \n\nYou will not be sorry you called Time Saver for your plumbing needs.",5
"If you are serious about looking like a pimp, this is absolutely your destination. There are a mix of consignment items and new pimp-gear. I drooled over the three ties painted with Vargas girls ($100 each). Oddly, almost everything I looked at was priced at $85. The woman working there did not get off the phone or offer to help me the entire time I was there.",4
"I'm only here...still waiting for a table because I have to use a gift card I received. I've watched 6 tables stay empty for 25 minutes. I understand they take reservations, but their operations flow is slow and the front of the house staff doesn't seem terribly concerned with the starving patrons that have congregated outside. This review probably won't matter because people love Pf changs no matter what. I won't return though.",1
"Although the original work was good, I have had a great deal of difficulty getting warranty work completed by Treeline. If you want a professional, on schedule, and customer first landscape company you should look at another company. Very frustrating how much I have had to follow-up to get original job completed and my warranty work is still not completed 5 months after I contacted them.",1
"I'm sure for tourists this place would be okay, but there's better mexican/margarita joints out there. It's touristly convenient yea but i would go somewhere else. \n\nchips and salsa were good, but how can anyone mess that up..... other than that nothing really stood out.",2
"I have been to Kincaid's for business and pleasure and all the times I have gone there, its been fantastic, classy, and delicious. Thumbs up!",4
"Excellent food and atmosphere. All tapas we tried were amazing (olives, spanish tortilla, cod fish fritters, fideos,serrano and cheese). Churros were a hit. Paella was mediocre.",5
"When i first moved to vegas i could not find a decent place to get my eyebrows waxed. Desperate for some help i went here and decided to try getting them threaded for the first time. They did an amazing job! Now this is the only place i will go. They are very friendly, and do amazing work. I will say its a bit awkward that everyone waiting watches you get your brows done, but whatever. Highly recommend",5
"The Cali Benedict was out of this world. The potatoes, sausage, and the coffee were also top notch. Everything was so flavorful and fresh. The staff was also very friendly and helpful. \n\nThe only downside was that it was so busy for the Sunday brunch service, we had to wait about 20 minutes outside for a table. However, I will say that once you've eaten here, it will become clear that it's busy for a good reason - the food is great.",5
"this place was ok, live music patio bar, the inside \""where the live music was being played\"" smelled like chese/raunchy/idfk but it was not hot..\n\n\ndrink specials were ok. havent had the food yet.... too smelly to eat inside..",3
"We had dessert & coffee here on Valentine's Day. Not sure I would normally come here but we specifically came to see the lovely & talented Judy Roberts on the ivories and were delighted by her vocal accompanist, the enchanting Margot Reed. That duo rocks our socks! JUDY! JUDY!! JUDY!!!",4
"4 sales douches meet to have dinner. It is Vegas so it is to be expected that any meal you consume will come complete with a significant price mark up. The waiter, who was a very nice guy came by and offered their Japanese Kobe beef. It sounded delicious until he quoted $35 per oz. PER OUNCE. That is retarded. I lost the game of credit card roulette and had to foot the $335 bill. The food wasn't bad but it was overpriced by roughly $135.",2
"I was in town for the weekend with my son (13) and his friend. asked the front desk at my hotel if there was any good Chicago style pizza places in Madison. I was directed to rosati's. such a disappointment. very bland & the crust...just no. the teenagers even thought it was mediocre. we each tried a slice, put the rest in the hall & called a different place.",1
Best place ever! The staff are trained and educated and create a very comfortable environment. They also help with all kinds of concerns and issues.,5
The worst apartment complex tied because of the management and the people here are sketchy and now there are gangs but across the street from Panda Express and down the street from the wealthiest place in Henderson but the worst cops in the nation because they are sketchy to,1
"When I got to this place I was super stoked, the ambiance was amazing, service for sure is excellent. Food ? Outback is better not worth 100 buckaroos per plate :) hey but I heard brunch is really good here I'll try it sometime:)",3
"Dirty, filthy counter and floor. Rude cashier, probably cause we're not vietnamese, or because we interupted the conversation she was having with her friend that was hanging out at the counter. The one table inside was filled with someones trash, it was never cleared. The two tables outside also had a ton of trash on them, so we took them to go. If hard crusty week old bread, with wilted veggies and dried out meat is your thing, this is the place for you.",1
We went for Restaurant week and it was amazing! Gigantic portions great food and the server was so friendly and warm! We would not normally go to the epicenter but for this place we will be back!,5
Group of 8 and had no desire to seat us!! Did not want to let us split up I to 4 and 4. Wanted to put us all on one check!! Not toe room receptionist was pushing 50 in buttless chaps!,1
"Soooo happy we came here!!! I'm not usually a fan of eating Indian food at a restaurant but we came here for father's day and we not disappointed. Everything was so tasty and perfectly portioned too. If you like Indian food, you must try this place.",4
"Went with a friend for drinks, they close super early (830). Wha they began closing at 815 piling up tvs and electronics in the booth next to us. I won't be back.",2
I love their blueberry muffins but......... today i ordered a large coffee with cream and sugar but I received a MEDIUM . That's right my fellow yelper coffee drinkers . Off to work I had to go before I really noticed. I thought they changed cup sizes at first TGIF at least,3
Good LORD this was probably the worst hotel I have ever stayed in. All that was missing was a crackpipe and a police body outline on the ground. I was even afraid to take off my socks in my own room!! BUT you get what you pay for and I did pay a ridiculously low price to stay here.,1
"Delicious pizza by the slice or whole pie - very good all around place. I usually just get a slice of cheese, but yesterday, we got a whole pizza, and it was even good this morning. If you're there, try the Italian ices that they have. Really decent tiramisu as well. Especially for a fast-food place.",4
I like to come here as an alternative AYCE sushi place especially since the prices for AYCE is better than most places. The Sushi is great definitely don't have any complaints. The place is a little hidden in the shopping center but I definitely make it one of my top 3 in Vegas for AYCE.,5
New pita caf\u00e9 is a welcome addition to a classic bakery and some of the best hummus in Pittsburgh. A great menu with fresh and local items served quickly efficiently and kicked up condiments and extras at every turn. This is the best Mediterranean food in Pittsburgh bar none. Chef Greg keep it coming,5
"Definitely a good place to grab a quick breakfast. Also a decent meeting spot for business breakfasts and lunches. Personally, I think you can do better with the food but all around it is a bad joint.",3
"The Wings are pretty good. At least on Tuesdays on Wing Night. Lots of fried food. Everytime I go there I think that I will enjoy the food, but when I taste the food I remember that most of it tastes really boring. \n\nStick with the wings...",3
"I don't know what happened. Maybe I picked the wrong chocolate. After reading people's reviews, I feel like 5 stars is way too high. I only bought several and none of them are top notch. So, I was kind a dissapointed with the chocolate. The lady who was helping me was nice, but I won't come back for the chocolate. Godiva is just around the other corner. Not good. :(",2
"I went here many years ago and thinking that it was really impressive. My latest trip has taken a 5 star review down to 3. There really is nothing extraordinary about this buffet, other than the fact that it is in the Paris hotel. The buffet is not really long either! I remember there being a lot of fishy foods, which I could careless for. The wait line on a Sunday evening was 1 hour! It is NOT worth the wait!",3
"Though there is a fantastic selection of stores, this mall is the worst of the worst in Vegas. Almost as bad as the Boulevard Mall, the teens that come here are horrible. Food court is always messy and packed with loud youths. The restrooms are fairly gross. Parking lot is usually littered with beer bottles and trash.",2
Over the years I have dined at many cheap low end Chinese buffets. This is easily the worst. \n\nTheir sign says they have something like 150 (I don't remember exactly) items. I don't see the point of having so many items when stray dogs wouldn't even eat this food.,1
"Disappointed in their menu revisions - avoid the curd burger. The sauce has a bitter aftertaste that is too acidic; curds were just lumps, not melted or soft. Pulled pork sandwich overwhelmed with too many onion \""rings\"" reminiscent of French's in a can. It's impossible to eat unless you use a fork and knife. House salad is disappointing - limp greens, no real flavor. They've done away with the wedge salad - it's the house or Caesar. Only so-so.",2
"I got a hair cut and loved it, however, I was not crazy about the salon. A little too modern for me.\nSeems like a good place if you like trendy hair cuts and color.",3
Perfect hotel for Phoenix they are as racist as Arizona is .\nGood job Westin keeping it real for AZ .. \nYou should change your publicity only white people allow ..,1
Ordered a hot sandwich......and 28 minutes later and after asking 3x's I finally got it. Way to long to have to wait for lunch.,1
"This place has really gone downhill in the last decade compared to what else is out there. The hotel hallways and rooms are no different than your typical Holiday Inn on an interstate in the middle of nowhere in the U.S. Casino is in good shape but when you stroll through Bellagio, Wynn, Venetian, etc. it's just not the same here. Even the walkway to Paris lets you know how \""dated\"" Bally's is.\n\nOnly plus is the pool is decent and maybe the Sbarro breakfast downstairs is fast.",3
"Efficient and friendly service, excellent lunch specials, sushi was fresh and delicious. Recommend the Tarantula roll, and their California roll was best I've ever had (simple roll, excellently prepared).",4
"Next time I'm in Phoenix this is my first stop! I ordered the Lo Los with a side of green beans and corn bread. WOW, I love that southern cooking! The sweet tea was amazing and at how many places can you order Kool-Aid on tap!",5
Friendly and courteous staff! The quality of the toppings are always properly maintained and fresh.,4
"As always, awesome. A great In-N-Out location, perfect food for a great price. It's busy as you might think an In-N-Out might be in Vegas. Really busy. Did I say it was busy? But it's worth the ten minute wait inside. I think drive through might be faster, it depends.",5
Service was spotty and the kitchen was not clean. \n\nIt used to be my favorite restaurant in Arizona now I'm debating if I'll give it another chance.,3
"I really discount tire for their prices and warranties, but one thing I can't stand is how they scraped my lip on my new wheels when they installed the new tire. Of course they denied it...what to do, ugh.",3
The 3 person team arrived early but that was ok. I asked the price and after a bit of communication issues was given an hourly rate. I have a very small front & back yard. They rang the door 35 minutes later for their money and I was told I owed for a full hour ($95). When l talked to the owner nothing was said about a minimum charge. They would have bad a repeat client had They been honest.,2
"I made the mistake of hitting the buffet at 1:30 pm. I think it would have been good around noon, but I was stuck at work. Anyway, I will take some responsibility for my tardy lunch. Over all the place was clean, the staff was great and the service was very quick. The food, I assume because it was past prime lunch time, was not the greatest. I don't know how to pronounce or spell what I ate, I just know that it was sitting around for a while.",3
"No, just no. My boyfriend and I came here for a late lunch. He ordered a chicken bahn mi because of the good reviews here and I got a chicken noodle soup. The bahn mi was dry and bland. My noodle soup consisted of a tiny portions of rice noodles and rotisserie chicken. Wtf? Definitely won't return.",1
"We frequent Antonio's on a regular basis, and they are hands down the best pizza-by-the-slice in town! \n\nThey make a variety of unique and creative pizzas- that are always served fresh. Spicy Beef Taco, Chicken Florentine, and Chicken, Bacon, Ranch- just to name a few. My go-to slice is the Chicken Quesadilla! Absolutely delish!",5
"A GREAT value for your money IF you get the rennovated rooms in tower 2.\nHowever, the casino and the buffet are pretty disappointing. My advice is to get your room here and expect to party elsewhere.",2
Very slow -- even without a lot of customers -- and very disorganized. You can't pay with the Starbucks app -- they have to take your phone and key in the number by hand!,2
"I went here with a few friends and I was expecting great service, but instead I received really horrible service. Felipe was our server but he was also the bartender for the whole bar. Needless to say, we got our drinks after 20 minutes of waiting. The appetizer didn't arrive until our food did which was 30 minutes later. I will not be back here. The food was really good, but because of the service I won't be back. If you go there make sure you're not very hungry so you won't mind the long wait.",1
"For the good: beer is cold, great TV's and the food is not bad BUT for the service OMG every single time it gets worse and worse. It is TERRIBLE and every time we go there are new servers. I have been told many times the turnover of employees is because the management is awful and they treat their employees BAD!!!!! Time to STOP supporting This place especially because there are SO many great sports bars with great staff!!!!!",2
"Expensive but terrible food! The lamb pasta recommend to me tasted worse than the lamb I could get from a mediocre Indian fast food restaurant, and the noodle need to be boiled longer. The restaurant right next to it is much better",1
"Same story as everybody else. Waiting in a really long line, and only 2 attendants. They must not care too much about customer service around here.",1
I don't eat here but my girls need a little KFC fix every once and awhile. This location is close to my house so that is where I take them. could use a little fixing up inside and let's be honest it is KFC. Sometimes girls get chicken that should have been tossed but for the most part they are happy with their food.,2
"Pretty cool Sports Bar full of sports paraphernalia and several TV.s that play several sports at the same time which is cool when you want to watch more than one game at a time. \nService was decent, coffee fresh but strong(had to double creamed it) and drink I ordered mix well.\n\nAll in all if there was a game I'd want to watch and hang with friends, I'd definitely consider going to Champs",3
First they brought out bread. The bread was good however it was cold and not warm which is a minus. the second thing I ordered was the butternut squash soup which was incredible and I highly recommend. Next I had the mahi-mahi fish tacos the mango salsa on top made them very good. The only disappointment was the side slaw salad which virtually has no taste I had to finally add salt to find if there was any flavor or not,4
"Fun atmosphere, amazing chocolate, small portions.\n\nI was almost shocked by the food being so small, I understand the smaller portions are healthier, but when you are coming to a restaurant that is famous for their chocolate and desserts, you obviously aren't on a diet. Although the portions were stingy, the food was wonderful, service was great, and I plan on going back!",4
I love shopping at Costco. Great prices and the best bakery. Only down side is when I went to get something to eat there the woman behind the counter was yelling at us and rolled her eyes when we said we needed a minute. There was nobody behind us in line. No need for the attitude,3
"The BBQ is \""ok\"" I was a little disappointed after eating here. I was visiting from Georgia. Now follow me when I say, \""the people are nice, but the service was lousy!\"" I believed I asked three different waiters the same question and never got an answer. I just gave up. If they are busy, prep to wait. The friend pickles were good and so was my salad. If you love and know your bbq, this isn't the place. If you want a tourist kind of place to eat, this is for you.",3
pros:\nThey showed up on time\n\ncons:\nThey took 5.25 hours to LOAD my PODS (I did 95% of the packing before hand). It should have taken them 3 hours to do that work. And they charged me $446 in materials!! So todays damage was $1150. Buyer beware.,2
"Tourist spot only. Unless you're there for the deep fried twinkies/oreos.\n\nIf you're gunna stay overnight, I'd recommend the Golden Nugget. It looks awesome inside. & they've got a beautiful swimming pool for lounging & eating.",3
"Yeah, I eat at McDonald's. What of it? I am hooked on breakfast sandwiches, okay? Leave me alone. I don't care if it's a $20 breakfast sandwich from room service or a $3 sandwich from McDonald's. Addicted.\n\nThis particular McDonald's is in a gas station, which is pretty dope. And this is a good stop if you're headed to Lee Canyon for skiing.\n\nFish tank! There is one at this McDonald's. Say again, fish tank!",2
Over-rated in a town where you can get better buffet food at a much lower cost. Long lines are not worth the wait. Look elsewhere,3
"Nice outdoor patio but it was cold when we went so we opted for a nice cozy seat inside. Nice menu and healthy selections ..+ and + !\nHummus, ;lettuce wraps, shrimp, veggies, cheese... we ordered so much food between two ppl even the waiter asked when the last time we ate was...lol we had the munchies what can i say :)\n\nQuick service and the bill didn't hurt too much either.... check it out for apps and drinks!!",4
"The food was great and the atmosphere was fun however I took one sip of my beer and noticed an irony taste in my mouth then noticed something crunchy in my teeth. The beer had chipped shards of glass in it! When I brought it to the attention of the manager he basically called me a liar saying, \""That's so weird because the bottle doesn't look chipped to me.\"" I had the glass in my hand!He replaced the bottle but nothing else was done about my glass filled mouth.",2
"Sunday brunch at Sunset Grille is A-OK. \n\nThis was my first visit since it was converted from Las Ramblas and the decoration is pretty much the same except that they mounted a few TVs up on the walls and some random jerseys. \n\nThe complementary donut fritters that are delicious. The menu is fine - I would have liked a little more variety. When we did get our food, it was OK. The service, nice enough.",3
"This place does not have management? ! They were busy as hell,and slow,slow,slow,slow that was just killing me,I love the bread it is really good but personal it slow .I give 5 start for the bakery and 0000000 start for the SLOW SLOW Employees, and instead of helping to ring up the costumers they were doing other stuff and OWNER PUT ATTENTION TO YOUR BUSINESS!",2
This place is the best nail salon when it comes to nail art. Lilly is extremely talented and I highly recommend her. I drive from the other side of town to this place. I also had a great pedicure that came with paraffin wax.,5
Food is great. High end sushi. Josh the mgr hooked us up with a few apps on the house. Bad part: Our server was terrible. Christy or something like that. She needs to go work at Denny's with an attitude like that. Won't be going back.,2
"I thoroughly enjoyed this place. Really nice people run the place and it's relatively inexpensive. I had the pad see ew, the mint chicken and the tom yum soup. Their soup is probably the best tom yum I have had in town.",4
"I have been to this restaurant dozens of times throughout the years. I find the steaks are always good, but the seafood is really hit or miss. Was there yesterday and my lobster was totally over cooked. It was like complete rubber. It was barely edible. I should have known better to order it there, but I love surf and turf so I gave it a shot. Very disappointing.",2
"If you like the early 1960s you will love this place if not stay away! Food was average minus, walls were very dirty, service decent. Would not recommend this restaurant to anyone. I was told this restaurant was like Ruth Chris, don't believe it! Stay away.",2
"I have no real complaints about this buffet. It was decent (way better than the buffet at the Luxor, even though the food was similar). I wouldn't seek this one out, but if you are staying here, then it's worth the convenience for breakfast.",3
Decent food that you'd expect from a local restaurant that specializes in Mexican food. In short nothing to write home about...,3
My family dined here for a birthday celebration - it was superb! The restaurant ambiance is elegant and upscale. The service is phenomenal and the food was delicious! The price wasn't bad but it wasn't cheap. I will be back!\n\nA solid 5 stars!,5
"I wasn't happy with my experience. I ordered Portuguese sausage loco moco- waited about 15 minutes just to get spam loco moco. Ordered garlic shrimp plate and there was no taste to it. The macaroni salad was so bland- also no taste. I left still hungry :( I won't be eating here again, but I will come back for the poke though every once in a while cuz it's $16 per pound- wwooww, but it's onolicious. I would give it a 1 star but the poke is delicious so 2 stars it is.",2
"Food and service were wonderful, and the tomato salad and rack of lamb (which I ordered rare) magnificent. Only complaint was the steady thump-thump of the music (if you can call it that) which sounded like a grim heartbeat - the most depressing sound I've ever heard as background to a fine French dinner.",4
I think i have yelped their other location on Mill.\n\nThis one is exponentially better because there are no crazies or drunk college students here. YAY!\n\nI normally get pretty standard flavors here. Nothing fancy. I got the naranja and my wife the coconut (don't know the name of that one). They were good as we knew they would be and expected them to be.\n\nThey have stickers all over their wall that you can slap one up there. mine is the upside down one on the speaker.,4
"Surprisingly, the chocolate chip cookie was delicious!\n\nGrilled Chicken Salad - good enough\n\nSpud Max - great! I would definitely get this again. The Spud Max includes: bacon, cheddar cheese, scallions, and ham. Add sour cream, and I am in heaven!",4
"I cannot get enough of Salad N Go... \n\nIf they maintain all of their same standards as the original Gilbert location, at all of the expansion locations, their growth will be Epic!!\n\nThe Caesar Salad with \""Double order of add on Prawns\"" is amazing. Lightly tossed with Dressing.",5
Awesome! Pizza rocks! Pasta is great homemade stuff. Really different than pretty much Italian type restaurants.,5
This card is a scam. Got a bill in the mail before I even received my card. Their fees are insane. You are better off using a secured card to rebuild credit. I use a capitol one card and they are awesome,1
Ive been eating here for almost three years and I've never been disappointed. Not only do they have great hot dogs and service every time but they are also a convenience store. Best hot dogs in Tempe. Id choose Thirsty Dogs over Teds every time! Less wait and juicier dogs!,5
"I would do ZERO stars if I could. Horrible, noisy, dirty, dusty experience.\nStaff was awful, service was worse. \nBooked on LasVegas.com and they didn't stand behind their service. I'll never book with them again ... not sure I'll ever go to vegas again.",1
The owner is super nice and the environment is friendly. I got the Dylan is what it is called. Green chillies chicken bacon chipotle dressing. It came as a wrap. It is extremely delicious. I just feel the serving size was a little small. The potato salad was good. The cost was about 8 bucks for everything. From this one sandwich I wouldn't label it as the end all sandwich shop.,4
"Super Fancy! Dress up & make sure you are really hungry or have someone with you to share!! This place isn't for the kids... It's for Grown Folks!! The waiters are super awesome. I liked the chicken Christopher! The Steak was like 57 bucks!!! (but tasty). I do wish I read reviews before coming bc I wouldn't of brought my kids here. They were well behaved and quiet. ( we were NOT \""those\"" people!!).",3
"The hot dogs are pre-made and available for a \""hot dog buffet\""\n\nThey also sell cheesesteaks which are actually very good.\n\nNot fancy but good food.",4
"We came here with a discount coupon from tickets 4tonight, which we paid $4 for and told the waiter about it. He said fine and he told us about the prefixe menu they had there that night. We ordered it and were half way through when we were told that the manager wouldn't allow us to use the coupon for that meal. Ruined the meal.",1
"I've been here twice in the past month, around 7ish. The drive thru takes at least 10 minutes! Horrible drive thru!!!!",1
"Well, this is truly a yawner. The show does have some great acrobats, but the story is hard to follow. The moving stage gets old quickly. Totally not worth the high ticket price. I was disappointed.",1
"Awesome place! Lauren is the best! Great service! Love the drinks, most definitely will go for seconds!",5
It's a bit on the cheesy side and could use some major remodeling but my 2 year old enjoyed it enough.,3
"Never having has gellato before, this was definitely a lot easier on the wallet and feet than going over to the ice creamery on The Strip. Close to my house and filled with several unique flavors (avocado, parmesan cheese, roasted red peppers, etc.), I would definitely recommend this place to anyone that cares to ask.\n\nAlso, if you follow her on one of her social media websites, she posts a Flavor of the Day.",4
"Hit and miss with this store. Sometimes I find everything I'm looking for and sometimes I find absolutely nothing. What's interesting is that the cashier people are always so friendly, but you can't find a customer service person anywhere in the store. If you do happen to find one, they won't know how to help you.",3
It was entertaining only because you see boobies and it got some good funny parts with interaction with the crowds. Other than that no WOW factor on stage design or arial moves. Just topless girls tumbling and dancing and the girls were ok nothing HOT. If you want to see a sexual show with some hot girls i recommend crazy horse at mgm.,3
"I used to eat here regularly, but a poor customer service experience left me with a bad taste in my mouth. So congratulations Napoli, a long time, regular customer is gone.",1
They announced today they are closing. As you can see due to my previous review I am not surprised. Sad but not suprised.,1
"Went on a Saturday and was excited to see what it offered as I just moved back to Pittsburgh from New York, which had great juice bars. The juice selection was very small, I hope it will be inspired by http://liquiteria.com/cold-pressed-juices.php and http://www.juicegeneration.com/menu/smoothies to offer a wider variety. Also I hope they will blend juices and or smoothies on-site. If they stick to their 5-6 flavors during the summer months, I doubt we'll return...that said, best of luck!",2
Went for lunch and the service was great. We got the lunch specials and the food was delicious! Food came out fast. I will definitely go back.,4
Ghetto! No wi-fi and room service stops at 2pm!! Seriously disappointed. Jacuzzi didn't work right. Furniture was falling apart. Very sad hotel.,1
"For french food, it was a regular food.. not bad and nothing out of the ordinary.",3
"Simply Sweets is AWESOME!!! A very simple, clean bakery, Dana the owner makes everything look amazing!!! She did a very simple chocolate covered pretzel stick that we used as a \""thank you\"" for our customers and each one was hand tied with a sweet note of thanks! Dana is beyond creative and \""simply sweet\"" just at the name of her bakery implies!!!",5
"I've been here 3 times with the in-laws and it really is not very good, not bad mind you but not what i want from mexican food. I would call this more mexicali food with a lot more Cali than Mexi. Good for those that don't like much spice or real Mexican food. There is always a wait on weekends.",2
"Island sushi is the best , great customer service , best place for eat all you can sushi",5
Cute store but so tiny plus they seem so overpriced for what they sell. I enjoy the display but after going in Charming Charlie its hard to be willing to overpay for similar items and purses etc.,2
"Beautiful place but terrible service. Terrible food!!!! Atmosphere was middle age white couples. We were a group of people from different ethnicities and were pretty much out of place. Not good for big groups. They are not accommodating at all! For such a pricey place you would think the food would be good. It was so bad and does not even taste fresh! \n\nVery disappointed, would not come back!",1
"I had the buta-burger as it was all the flavors that i love...the burger was surprising good! i didnt expect it to be as bomb as it was....i was like 2nd in line and they were crazy fast too, which is always appreciated...my only gripe is that its kinda expensive..other than that, awesome!",4
"We took the kids for dinner... My husband and I both had the ribs and the kids had chicken tenders and a hot dog. Everything was delicious, the service was excellent and a family member of the owner came by to ask us how we were doing. This place is a great find... local business with a warm, friendly atmosphere.. Highly recommend!!!",5
I really want my daughter to be seen by a doctor and not by a pa. I have taken my daughter to them about 5-6 times this year and every time my daughter has been seen by a PA. I can't wait to change insurance so I don't have to have dr lamott as my child's doctor whom I have not met yet since January.,1
"I love coming here because of the staff. The food isn't amazing I seem to always have a problem with mine. However, the owners have told me they are switching things up and to check them out again. I like sitting out on the patio they have TVs out there which is nice. Ian always hooks up the best drinks.",3
This is not Olive Garden........I don't mean that in a bad way. Here it is a little more classy. More relaxing and great food! Nice place to take a date or the wife to enjoy a quiet meal and just relax. Servers are very good and nice here.,5
"I was looking for a new nail place, since I was getting bored with the colors at my regular nail shop. I checked Yelp, of course, and I found this awesome place. I made an appointment with Dawn and she was able to squeeze me in the same day I called. Yay! \n\nI was very pleased with Dawn's work! There were so many colors to choose from and that was exactly what I was looking for. I definitely plan on going back to see her very soon.",5
"sleek, looking place, pleasant enough. hit it tonite for dinner with my sis and her two daughters ... i went with the combo ribs/rotisserre chicken w/ roasted carrots, sis had salmon w/ cous-cous, chicken sammie for one niece, grilled cheese for the other, 3 of us had lemonades...no dessert - total cost $71\n\nthe food - kinda dull ...not bad...just ho-hum ...a cut above chili's, applebee's etc ...kinda pricey for what you get....",2
"I judge a Vietnamese place by its pho and pork combination rice plate. The pho was not overly seasoned and the noodles were tender and didn't stick into clumps. The grilled pork didn't have enough seasoning and garlic, but wasn't bad. Would definitely consider this as an go to place for some good Vietnamese comfort food.",4
"food was good, not great but the service probably could've been a little better, I understand service will not be great at a casual dining restaurant but the food took really long and I felt like they were trying to rush us to get out afterwards...one or the other, either be slow on service and expect us to stay a while or be a quick service restaurant where we are expected to go in and get the hell out. *I will come back though when craving filipino food though!",3
"Took my girlfriend here sometime in 07' when we went and was referred by the concierge at the hotel. We made a reservations so we were sat down immediately when we arrived. The service was good and the food was even better, we greatly enjoyed it and for seafood I would say this is one of the better places to go in Vegas. It was a little pricey (w/ tip $150) but when in Vegas, $ should never be an issue...",4
"I'm not sure why they call themselves barcelona, not very authetic spanish cooking. but the tapas are good. they could have a bigger selection of tapas. service was excelant. check them out on half price night!!! And try the Sangrias, free samples are available...",3
We came here for m bachelorette party and all 15 of us girls thought it was the best restaurant and fish we had ever eaten! I highly recommend this place. Order the spicy tuna pizza! enjoy!,5
"Has the potential to be awesome, but unfortunately extremely disappointing. Bartenders were awful, not nice, and had no idea what they were doing. Medium rare burger came out well done, with cold fries. It wasn't even busy in there and the whole staff looked flustered. Will not be returning.",1
"i'm not one for the heavy tourist spots so i'm prejudice against hofbrauhaus. that being said, the sausage is ok. the beer is good. it's just too kitchy and overblown for me. theres much better german food in vegas if you're looking.",2
I would love to say something nice about the food here but I've been waiting for my noodles for over an hour now. The expectations are so high now and can't possibly be fulfilled. Don't come here if you are already hungry. You'll pass out waiting. Will post again if I ever get to eat.,1
"This place is my \""old stand by,\"" and somehow I end up here 1-2 times a week. I have tried maybe half of the menu by now, and I always gravitate to the Hummus Plate Salad. It is so delicious. Vegetarian friendly, though I am a meat lover, and full of roasted veggies, hummus, perfect balsamic vinagrette and nine grain bread. Heaven on a plate :) And for under $10!!",5
"Tao was so lame. It was way too crowded, no room to dance or simply walk past. I saw very few hot guys, mostly a bunch of corny ass dudes. If you go, get extremely faded beforehand so you don't notice how lame it is when you walk in. On the bright side, if you're a hot girl you'll get in free.",2
"I called ahead and made a 3:30 appointment for a haircut so I wouldn't have to wait. I arrived on time and told the receptionist that I had an appointment with Kelli. Rather than tell Kelli I was there waiting, this arrogant woman ignored me and continued to talk on the phone for maybe 10 minutes before I got angry and left. No way would I go back to this business. They are obviously unable to hire front-desk employees with a minimum level of competence.",1
This place is disgusting. It tastes like they soak everything in margarine. Avoid at all costs.,1
The bacon and eggs were great and the coffee was also.. The sandwiches not my favorite. But breakfast is a YES,3
"This is a fantastic little (and it IS little) restaurant. It's French, so of course the wine will be good. \n\nWe had escargots (12 of them!) & the anti-pasta plate for starters. Followed by the beef bourguignon and trout, then a cheese plate for dessert. All very civilized and delicious.\n\nI highly recommend this place. Give it a try should you happen to be in the area, or make a special trip - I think it's worth it.",4
"I was there last week having them check my car battery. Corry was there helping me to check the battery. He was very helpful and honest. He helped me changed the battery and declined to accept a tip saying that he was glad that he could help me, and that was part of his job.",5
The red velvet pancakes were spongy and had a sour taste. The breakfast calzpne was mostly dough that was still raw. TERRIBLE!,1
"The room and the pool was just average (altough the \""lazy river\"" was really long), nothing special here. Concierge service was not very helpful. A better bet for the \""south strip\"" would be Mandalay Bay (or THE hotel, if your wallet can take it)",3
"Cheap and yummy. Their crust is on the thinner side (not a bad thing) and I personally love their all-veggie option. The garlic knots are flavorful and chewy. For the price, it's definitely good. Not particularly fast so I wouldn't recommend showing up with the intention of grab and go.\n\nThey actually have a challenge where you and a buddy has 28 minutes to eat a 28 inch pizza. Good luck to whoever wants to try lol",4
"As a regular at The Keg next to Chandler Mall, it pains me to say that my last two visits were less than stellar. When setting up nearby tables, the busboy sent the utensils crashing across the tabletops. Twice in a row, there were families who could not control their children: screaming, doing somersaults in the aisles, etc. And then to order the recommended fish that turned out to be too dry to swallow...I am really disappointed! Where is the management presence?",2
"Food is average, especially for the price. Small quantity too. Service not terrible, I wasn't done with my soup and the girl just took it away without saying anything!!! Go somewhere else if you want to have nice Asian food. You won't find it at Sato & Chan.",2
"Not quite as good as the Squirrel Hill location, but quick service. Would recommend the Sicilian Pizza over the usual style.",3
"As a former Alltel employee, I understand how things work. Stores don't control pricing of plans or phones. So its about customer service. We came in to buy ourselves some new phones. Every staff member we interacted with was kind and professional. They did try to upsell some accessories, which I guess I don't blame them. Overall it was fairly a pleasant experience.",4
It's 3 months after my initial review and the prosecco is still not chilled enough. What up????,3
It was good........we were all hungry after hanging at the pool all day so we wanted a quick bite to eat.....\n\nthe nachos came out fast but the rest took a little while.\n\nI had the chicken tenders salad which made me wonder why didn't i just order the chicken tenders ha!\n\nAt least the boys had a good view of the TV :),3
"I love sephora, but my experience in this store makes me want to only shop online. I walked through the whole store and not one employee greeted me or asked if I needed assistance. And when I did have a question no one was around to help. I saw one employee not assisting anyone, but she avoided eye contact and appeared busy fixing products on the shelf. I left the store after that and I probably will not return.",2
"I hope you're not here for anything other than nostalgia.\n\n\""One Orange Julius, please.\"" Bam...that does the trick!\n\nWhat's not to love about an Orange Julius? What's to love about hot dogs from a roller grill?",3
"Had lunch with a colleague on a Thursday. Look over the Bento selections and against my better judgement went with the Salmon Teriyaki. Not good, not bad just very average. \nI like the happy hour, it is always a lively time and drink and food specials are great and deserve 4 stars. Just was not impressed with lunch there.",3
"One should never expect much from fast food, and I don't. Is it really common practice to not have what you sell available? There really aren't many fast food choices in this area - or I wouldn't have subjected myself to the standard 20 minute wait time again. I'm sitting in the lot waiting it out for the Colonel. You know what really grinds my gears? This specific KFC. The worst. Ever. Unreal.\n\nOk I feel like the kind gesture from the team made it right. There's that :)",1
"Northwest Yoga is the best studio I have been to. The atmosphere is warm, the energy is sweet and the variety of classes and instructors allow many choices. The owner has really expanded the studio, the offerings and the schedule, and has set a beautiful tone. I especially enjoy Karen and Patrice as instructors. I have learned so much, made many friends and feel better than I have in years. This studio is my home and where my heart is.",5
I really like this place. The service is really good. The food is awesome. The price is right. I will be back for sure.,5
This place wasn't bad...worked to get our group inside without paying for cover...music was decent...a lil too much britney at times but when your drunk you dance to whatever crap the dj plays\ndrinks were pricey like anywhere else on the strip\nMinus one star because the bouncers can kiss my ass..how do you kick out someone for looking at somebody else 'wrong' and say we were trying to start something when we PAID to sit down at a table and not let me close my tab at the bar?,2
The broth is weak and there's a funny taste in the meatballs. The one on rainbow used to be one of my favorites. The food quality and flavor have really slipped with the expansion. Much better Pho one block either way.,1
Food was terrible. Completely flavorless. Sauce was watery. The free wine is not drinkable.,1
"Slimy noodles and lots of dim sum. Crowded, noisy, mediocre service. Very forgettable. It was so bad we went to the chocolate place at Bellagio afterward to recover.",2
If you want more of an upscale feel of a casino then look no further! Make sure you bring plenty cash because the winnings over here are a lot less likely. I mean it's vegas and once you find your favorite place to gamble stick to it. It's one of those to each is own kind of situations but I rather not gamble here. Never had much luck but have friends who have!,5
"For an airport eatery this is above par, hense the 4 stars. Decent medium well cooked burger with slaw. \n\nWould be a 3 star outside of an airport though.",4
"Good, solid pizza place with lots of charm and great service. Really good salads too.\n\nGreat place to go for a birthday -- the warm chocolate chip cookie w/ ice cream is sinful. Loved it!",3
"I like this place because it's cheap.\n\nThe food isn't outstanding, but it's tasty enough.\n\nWe go fairly regularly because it's easy.\n\nI'd recommend it.",3
"All in all, its just another place to grocery shop. I will admit their bulk stuff is pretty decent and good prices. \n\nI won't go out of my way to drive to 59th and bell for this place but if im in the area, I will stop in to see whats on sale. It definitely has a cheap feel and look to it with lots of the stuff sitting on palates. Plus it brings an interesting crowd, especially at night. A mix between Walmart, Food City and K-MoMo...",3
"I called in an order forty minutes before closing when I went I pick up he ask \"" why such a late dinner?\"" And seemed mad I ordered food even though they were still open another half hour. When I got home I saw that my chicken was clearly reheated and pulled chicken not the fried battered chicken that normal sweet n sour chicken is made with ( and how it is described in menu) . The food was really horrible and I would not recommend anyone going there",1
"Convenient and easier to find items then big box stores, although you do pay for that convenience. Most staff are extremely knowledgeable and helpful, others in dire need of customer service training (mocking and eye rolling at customers is not cool). Returns can be a hassle including items sold that are defective or missing parts.",3
"I would give zero stars if it was possible. The service wasn't bad except for the fact that they gave me water that had things floating in it, and when I asked for another glass there was no difference. IT LOOKED LIKE TOILET PAPER IN MY WATER. There were also eggs that had spilled onto the floor and 45 minutes later the manager sat a table while stepping over the eggs stating it had just happened. The most disgusting establishment.",1
"Pricey for unremarkable, generic chain pizza-but they have beer and the outdoor area abuts a pretty nice greenbelt. Lunch here is pretty much the same price as every place else. seemed really slow at lunchtime, which is usually a bad sign.\n\nWasn't horrible-but I wouldn't go back. \nThat's my two cents-Which won't matter, cause they'll filter this review like the filter all my others.",2
Drinks come in a large jar. Baked beans are sweet and delicious. We split a full rack of baby back ribs. My side was tough but my husbands was soft. The ribs have a dry rub with some sauce on top. The coleslaw is vinegar based not mayonnaise based it tasted okay. The potato salad is okay too.,3
"I really like the convenience of drive thru Starbucks, but this one has a traditional vibe that makes me want to get out of my car. They are friendly and always get my drink right.",4
"mm.. it's okay here!? \njust moving from one state to another and getting situated at home calls for a lot of take-out, so i figured... now's the time to really see what's up with these places that are generally new to the area too... (sort of.)\n\nso, i say....\ntheir are better places for chinese take-out.",2
Good healthy eats where everything is organic. But if eating organic food is not totally up your alley then it may seem a bit more expensive. I got the tuna sashimi salad which was really to die for. It was a nice size for me because Im not a heavy eater. Boyfriend got some steak tacos which were really good but you pay about $15 for only 2 small tacos.,2
I got Sam's French Toast with a side of eggs and the eggs were fine but the french toast mostly tasted of everything else that was on the grill. I think if there were separate grills for meat vs other items it would've been better. Friendly service though.,2
"Stopped in here for a few drinks on a Friday night at about 11:30, it was pretty dead considering it was a weekend. Cover charge was outrageous. I don't think we'll be going back.",2
"Super nice. If you're really looking to do Vegas in a big way, then you need to check this place out. There's a drink on the menu that will cost you over 1k, and I think that's what sort of sets the tone for this sort of establishment. Draping curtains AND waterfalls? It almost doesn't sound real. So just go and check it out for yourself.",4
Omg horrible service never coming back here again! I've given this place plenty of shots to prove me wrong but it just keeps getting worse and worse this time they took 20 minutes to sit us than another hour for me to get my food. The place was not even that busy. I'm done here!,1
"Got a week? That's about how long it would take to visit all the stores in this Mall. I went on a Friday night and the place was packed with happy shoppers. They have every store that you could ever dream of, plus some that you never thought of. I was weighted down with packages in no time and my feet were so tired by the time made it from Nordstroms to Dillards, I gave up and went back to my hotel!",5
"Must always make a detour here every time!!\n\nThis location is open 24 hours so got two 20\"" Capastrami cut in half to take home as souvenirs for friends waiting at home. That's how we roll.\n\nA day later, heated up, still great!",5
"A favorite restaurant of ours. Has a very good wine list and also very good Italian food. Yes, the prices are high, but where in Vegas can you get the $1.99 deal anymore? The food is clean and straightforward, not frilly and overdone. I'd recommend it to anyone who likes good Italian.",4
"Consistent, eclectic fare at reasonable prices. Large portions. I eat mostly breakfast at ZJ's, have tried most of the menu over the years, and keep going back. I've even figured out when to arrive so I can park!",5
"Both fortunately and unfortunately, this location makes a great and consistent coffee. However, time is money and these folks are chatty and sloooow!\n\nI sat in the drive thru last week (after ordering one Vento coffee ) for 17 minutes. There were only 2 cars in front of me... Seriously?",2
"Had a great time tonight, our server Mandy was fantastic, very sharp and on point with our order!! I am sitting in her section from now on.",4
"I never met a discount store I didn't like....until now.\n\nI'm a big Ross/Marshall's/TJ Maxx shopper but I have to say -- there is never anything good in here. It's always dirty, messy, unkempt, and the line always has 50 people in it -- NO EXAGGERATION!!!\n\nThe jewelry display cases are smaller than other stores and are sparsely stocked and the homeware, clothing, beauty and shoe departments are small. \n\nI don't think I'll bother going back to this store again.",2
"Honestly don't know why everyone loves this place? The Yelpers below me must be drunk when they went here... Food sucks, prices are too high for quality of service and the people cooking the food look like convicts recently released from Tent City.",1
"i don't get it - other Tesco's seem to have much better stock than this one. It takes an age to find anything with a slightly off kilter layout from Tesco's that has me all confused. The number of times on the way home from work, I've stopped in only to find that the item I am looking for isn't available here... but is at my local store. I guess my question really is, Tesco Superstore, Hermiston Gait, what is your point?",2
"$4 steak and eggs special during midnight graveyard hours. Its not on the menu but you can ask the waitress about it and they will tell you about it. NOT bad for the portion they give you, it comes with hash browns and toast as well. What a deal! I only go here for their steak and eggs specials after a long night of clubbing and partying. Inside of the Tuscany suite at Marilyn cafe.",4
"OK - I have always liked Harris Teeter but as others have mentioned, this one is cramped, but hey, it is right in the middle of PlazaMidwood and you can't beat the location. The fruit/veggie selection seemed above average to me but the protein section was missing some things. Overall this place is A-OK with me. I'll go back.",3
I am so happy to see Ben in his new office. He is so knowledgable and can read the body like no other chiropractor I've been to. He's amazing! My husband and I highly recommend Ben!,5
Great little cafe with electric blue walls--quite a refreshing ambiance. There's something about that color that gives you an extra surge to finish up your paper or win at a game of Scrabble. Would recommend it as a study haunt if you live in the area. Friendly and fast service. Nice murmur of conversation to keep you company in solitude activities such as writing or reading.,3
"Was a good show, funny guy, he only did about four stunts to prove his skill, talked the rest of the time. The things he did made you wonder how he knew that. At the end of the show he told the whole audience winning lottery numbers. Well lets see who plays them in what state and wins. Lol. Don't think I would go back, but that's the kind of person I am, once something is done I do not repeat. Time to move on.",3
"It's like a tiny part of my years in Japan, or a stolen Post Street Japantown shopping area from San Francisco! A nice selection of fresh food, Japanese sweets and cooking reagents, as well as various home products. Did I mention the fresh buns and breads and sushi? Good!",4
"we had our valentines dinner here at Indian paradise, were so excited that there's Indian restaurant here in Scottsdale since we just recently moved from San Francisco. I only gave 2 stars because the food are way to expensive for what you get and thee food isn't that great either. I wouldn't recommend this restaurant at dinner time.",2
THEY'RE FOR REAL\n\nThe best feature of this nail salon is that their pedicure tubs are covered with a disposable plastic liner. This is the only nail salon I have found that offers this health care feature. I compare this to owning your bowling shoes versus renting. Which is more hygienic?\n\nOur most recent experience wasn't as enticing especially for my Yu-go Chauffeur. Manicurist Jenny performance was as underwhelming as one could imagine. Fortunately I had Tara as my manicurist.,4
"Great iced coffee! The chai iced Vanilla tea is also to die for. The place is not very big, but its its nice and they make good use of the space. I also enjoy all the local art work, it gives the space character... I will be back for sure! I wish the place was open late though... Oh well!",5
"This is a restaurant I go to because I am hungry, want good, healthy food, pleasant service and I try something new almost every time. May, the nice young lady who always has a smile and great suggestion is a 5 Star server. It's also a good idea to order some fried chicken to go once you finish your meal.",5
I will spare you the details and just say that I have had three bad experiences in a row at Outback Steakhouse. (three different locations too) I give up!,1
"Terrible customer service. I wouldn't mind the prices so much if the service wasn't so horrible! I've been in a few times.. And every time is the same. Ignored, until finally someone comes to help and I'm treated like I'm wasting their time. I guess the 1500$ specialized bike my mom bought just wasn't pricy enough to get some attention. Won't buy anything again..",1
"good service during a late lunch. Food was good, and heat level was spot on. good portions. the meat is clearly cooked on the side, then mixed into whatever dish you order, so the meat can be blad or had an odd flavor. Still good, and would put it on my short list of thai spots...there are TONS of thai places here",4
"I am from Seattle. I always support the local coffeehouse. Bergies is the best coffee in the Phoenix metro area. Ive been to all the other coffee houses in the area. The quality of their coffee is very high. I know that i do not need to go home to enjoy great coffee. I hope everyone supports Bergies and does not go to the worst coffee ever, Starbucks. They not only sold my Sonics (yes i take it personally), they also serve bitter, bad coffee. Go to Bergies, and you will be satisfied.",5
"Went there 6 in the morning. It's just like any McDonald's, you should know what they serve. The staff is very friendly and helpful.",4
"i have never really had filipino food, unless jolibee counts. so i still don't know the names of the food but oh man it was really delicious! the service was also really cool felt welcomed and it wasn't busy",4
"The first time I had food from this place it was brought to me at home. I tasted the lasgna and almost puked, it was a very bad reaction to the sauce. We have been back several times since. I enjoy the pizza and on occasion spaghetti as well as the salads. Not having had a bad reaction to any of these other foods we continue to patronize Sabatinos.",3
The food was really good. The service was terrible. The waitress was acting like she didn't want to be there. The least a server can do is refill your glass once you have drank all the water and have eaten all the ice. She still got her 20% tip because of gratuity.,3
"My favorite pizza in Madison, WI.\n\nhttp://www.yelp.com/biz_photos/aVBFKYoF0AHuusNssaQpJA?select=jRGZL2b1hdZcoZszIcBQRw\n\nI could care less if the pizza is pre baked and that the crust is meh. Did you see what was on my pizza?! And yes, that is all it takes to wow me sometimes. \n\nSo glad I got to have that pizza again after a 5 year hiatus.",4
"Round and short! It is not that complicated. I was unfortunately very disappointed. They tried to get me in and out in 10 minutes, like really ? They tried to just and file my nails and not cut them. After she was done and asked if I liked. I asked if she was going to shorten my nails and she started clipping them with a cuticle cutter. Basically I would never come back and would not recommend anyone to go here.",1
Very bad customer service. Too many kids work there and goof off! No management what so ever. Never got my lunch meat on time once. Go to the store off Combs.,1
"Give me another SinCity burger, please! How delectable it is! A burger topped with an egg, bacon, and cheese.....drool! Their signature Smash Fries are good, but not consistent in quality based on the many times we have been there. The salads are not bad either. Just make sure you tell them to put the dressing on the side otherwise your lettuce will be swimming in dressing. Would have been a 5 star, but the inconsistency of the quality of fries and drowning of salad dressing makes it a 4.",4
"Arcade for adults! If you have nothing to do, Dave and Busters is the place to go, they have games, you can grab a drink or something to eat. This location is really great on service. One bartender was doing tricks, pretty awesome.",5
"Smokey room. Relatively dark casino. Old people. Haggard people and few youngin's hangin' round.\n\nI had 2 eggs, bacon, potatoes and 2 pieces of toast for $3.99. Not only was it cheap but you get 4 pieces of big bacon!! Soooooo much of deal it's hard to imagine!\n\nIf you're an outdoor lover... or if you're aching to see something besides the inside of a casino, don't come here.\n\nOtherwise, this is great cheap breakfast that will fill you up and put you back to bed.",3
Price update. Sandwiches are now $3.25 they went up .25\nVery peculiar experience today at Dakao. Ordered a veggie sandwich and was told not available but all other sandwiches have the same veggies. Place is still dirty and has a peculiar smell. not from baking bread either,3
"Tried it a few times but last time I had the soup , it was stale and made me sick. Waste of money.",1
"Sorry... not as good at Fairmount! The all-dressed bagel was as good as naked, with no salt to be found.",3
"This is the place you wanted to find the last time you did a road trip theouh Iowa or Kansas. Just plain good home cooking. A simple decor, friendly waitresses, and a good cup of joe when you need it. Prices are reasonable and the parking is plentiful. By the way they offer some cute gift item; yeah, very reminiscent of the Midwest.",4
"If you like Asian fusion, you can easily find better place to go then Fugu. Food is way expensive and ok at best. But the biggest let down is the service. WOW! The server almost dropped the plate in our table and didn't crack a smile. We had to ask twice for a fork and no one even came back after delivering the food. Not worth the money neither it's a friendly place.",2
"I used to go here all the time but then they dropped a bomb an discontinued one of my favorite plates..... The International Club. I thought all restaurants like these had at least one version of a club on their menu but that doesn't seem to be the case here anymore. Aren't club sandwiches a staple food for diners? Oh well :(\nThey did remodel the whole restaurant awhile back but I haven't been back since the so called \""Improvements.\""",2
"I like coming in here for a look and see, that's were I just browse the isles and pick up whatever I find I need. Sometimes I find it and sometimes I don't. I did have an agenda today, I am looking for a clothes hamper. \n\nThis place has all kinds of things for the bath and home, including a hamper, but not want I was wanting. With three cats at home, it has to be sturdy enough to withstand their claws!\n\nThis is a great store for home furnishings, prices can be reasonable.",4
"Came here with friends for a birthday dessert. Quaint atmosphere with very attentive staff. Tried the Strawberry Kiss, Chocolate Brownie, and profiteroles. Hella good.",5
BEST Carpet cleaning company I've ever used. Luiz is the owner and operator and he's amazing! He's friendly and FAIR/HONEST on price. The machines they use actually work unlike other companies. They actually scrub the carpets clean! Great work Eco Fresh!! HIGHLY RECOMMENDED!!,5
I stay here once a year because of a work conference. The rooms are fine and you know things are going to be expensive since its Vegas. But I'm giving the poor rating because they've changed their room service to 'deli' service where your food arrives in plastic and paper. But they didn't drop the prices. They charged me $46 for a cold burger that arrived in plastic containers and for a packaged bag of chips. Not cool!!!,1
"The crispy rice salad with chinese sausage, mint and lime is by far the best thing I have ever tasted. I always order 2 portions. If you HAVE to go to Vegas, (God forbid) you should check it out.",4
"This place has the coldest beer in town period and the hottest bar dancing women after 9:00pm in the planet! at midnight the real fun starts, but that's a different story best experienced and not told. this is a biker super hot spot during Arizona Bike Week.",4
this place is awesome lobster roll is great just wish itwas bigger the shrimp n chips amazzzzing,5
"Good little neighborhood joint. The food is good, the pours are reasonable, and the bar top is one awesome hunk of wood. The decor is that of a golf nut, as the owner a Scots expat. They've got a loyalty card of sorts and offer specials regularly.",4
"When I visit Madison, Swagat is always on my list of restaurants. Always fantastic! Always friendly!\n\n/",5
"Slick, lounge style dining in the middle of the bellagio. It's dark, the music is loud, the food is outrageously expensive, Vegas baby! A pretty creative menu all things considered. U gotta try the hot wing lollipops and scallops. Everything we had illicited rave reviews. Definitely a place for a group on the town...",4
"Was wondering Chinatown in Las Vegas and stumbled upon this place. The place was packed with both locals and tourist. \n\nThe wait to be seated wasn't very long and the staff quickly took our orders. Me and my wife tried the clams with black bean sauce and the seafood claypot. Both were pretty decent, but most of the meat in the claypot was fake seafood (ie fake crab meat, fish paste). \n\nOverall the service was friendly and the food OK.",3
Food wasn't that good. gyro had meat that was flat and lacked flavor. seemed over priced too.,2
The hotel is a complete dump but don't let that fool you. The food & service is as good as any 5-star place in Vegas. The portions are huge & yes - it's a little over the top. But that's what they do.\n\nWord to the wise who are waiting - there's a bar inside the restaurant & we sat right down & skipped the 30 minute wait.\n\nAlso - if you're coming & going via cab...you can get there via Koval Street so you don't have to mess with the traffic on the strip.,5
Do not come here. A million hidden fees. I had to pay to RECIEVE a package that was sent to me. Ridiculous.,1
"Great night was had with 20+ guests. Have had Indian food in parts of AZ, as well as New York and Australia, this was one of the better places that's for sure. Staff were friendly and attentive and the meals were served quickly. Well worth a return visit.",5
"Excellent service, fabulous food, great bar. Don't miss the Welsh rarebit--heaven!",5
Slow servers.\n\nSoda was only refilled when I yelled out to the server.\n\nNothing too special.,1
LV Yelpers... stay away!\n\nCame here the other night for dinner since I was craving fish.\n\nI waited over 30 minutes to be seated.\nCrab soup was horrible... no taste.\nFish wasn't cooked throughly. (I had the trio and rainbow trout)\nlomi salmon wasn't done right.\n\nManagement and customer service was horrible with compensation for bad service.\n\nI won't be back.\n\nNEXT!,1
"My wife and I come here every week, get the same waitress (Vicki, who is awesome!) And the same gyro omelet every time. This is the type of cafe that knows your name and you can count on the same great experience every time! Absolutely recommend! Ask for Vicki, she is wonderful!",5
Perhaps this place was having an off night because the sushi I ordered was nothing spectacular. Rice was incredibly dry and it really just didn't taste that great. Good cocktails though and the edamame is always sure to please (regardless of where you are). \n\nCan't say I would ever go back.,2
"I'm maybe I'm missing something here because I found the place to be really underwhelming. The service was excellent friendly and fast but the food was . . . eh. I kept getting a 'chemical taste' off of the food and I'm not normally someone who is sensitive to that kind of thing, I got the brisket tacos and they ended up being 1) kind of chemical artificial tasting and 2) watery from the salsa. Not really a good combination. Maybe I chose poorly but I wasn't impressed at all.",2
"This is my home away from home take out tasty meal. The Chinese Chicken Salad is where it's at. Fresh, tasty, quick. OK, so sometimes I\""m too lazy to make something healthy... so they do it for me. Eat half now and save the rest for later - 2 meals in one! And they're nice too.",5
Carmen did a great job and was very flexible with times to come in. Nice to find someone that also does men's haircuts in Old Town.,4
"After 10 PM they stop serving mashed potatoes. Service is usually slow. The cooks don't really know how to cook properly. Not impressed at all. If you want a sit down late night, go to Arizona Charlie's.",1
"I guess I was expecting more. The idea of taking food grown locally on farms to prepare dishes was good. But I guess growing local and being \""fresh\"" come at a cost. Food was ok, just didn't believe it should be so expensive. It was also very smokey inside due to the kitchen being in the middle of the room.",2
"One of my favorites. The food and service are always excellent. Whatever you have, ending with the bread pudding (not listed on the menu) and the tiramisu are a must!!!!",4
Thanks to Yelp reviews I found these guys. I live alone and was nervous about hiring a moving company. The first thing they did was send me a picture and biography of the estimator who would be contacting me which made me feel secure. They arrived exactly on time and worked quickly. I would have given them 5 stars except they re-assembled my trundle bed incorrectly and I am still trying to get it fixed. Otherwise the move was perfect and I would totally recommend these guys.,4
"Best in Phoenix, no doubt! Family friendly to the maximum and the food is incredible. A little pricey, but we are talking great service with friendly staff. Relaxing environment with amazing selection. Did not see a gluten free bun for that special request, but all in, excellent!",5
"The food was lacking flavor and taste, we were there for the ACF Convention. The service was lacking and non existing bussers.",3
"MmMm! Hot and Juicy Crawfish is so delicious! Just recently I tried their lemon pepper seasoning for the crab, their garlic and butter for the shrimp and of course their Cajun seasoning for the crawfish and will do exactly that the next time! Everything had so much flavor, the corn on the cob and potatoes work perfectly and are great for soaking up all the juices! \nJust be warned... You wont smell that great for awhile! We learned the first time and now take it to go :)",5
Probably the driest and most tasteless chicken salad I've had in a long time. Our other sandwiches were just as disappointing. Just another chain food restaurant. I long for a real deli in Charlotte!,1
i feel like this one is so much different from others i have been to. i am always confused about where to find things and it is hard to maneuver around because of disorganization and the long lines that run in to the aisles. i do not really like this location but it is convenient for when i am on my lunch break. i just have to allow myself plenty of line to wait in line...,2
"This iHop was ok. The food was alright, has small quantities and very expensive on breakfast items even though its dinner time. The staff was alright but slow.",3
"i love how late this place opens, as most places are in Vegas. Lots of taiwanese food, but unfortunately, the food tastes so-so. the only reason i went back multiple times is because they serve stinky tofu, a dish very hard to find in the Southeast.",3
"I like SF Supermarket almost as much as I like Diho. It's smaller, a bit more chaotic and a little bit grubbier, but not as chaotic or grubby as 99 Ranch. Not that chaotic and grubby are huge minuses in my opinion. SF Supermarket has more Vietnamese items than Diho or 99 Ranch. I have a feeling I'll end up shopping at whichever market is closest to where I plan to eat any time I'm headed to that side of town.",4
"I was first attracted by the sign - a huge longhorn skull. Sitting at the end of a complex crammed full of chain restaurants I had to get closer just to see what kind of place would have such a cool sign. Hey, look! It's a bar! A bar with cow-spotted seating! Had to go in and grab a quick drink just for that. The staff was friendly and they have Blue Moon on tap. I will definitely go back the next time I find myself that far West...",4
"Decent Chinese for the money, its not spectacular, but it is good, especially the Sesame Chicken and the Shrimp Lo Mien. The food is a little greasy, but the portions are big and the rice is good. There are definitely better quality Chinese restaurants in Charlotte, but if you're in the University area and needing some Chinese, this place will scratch the itch.",2
"As an Italian, I eat way too much pasta. I was a bit skeptical trying out a place that makes \""fresh pasta\"" since we do it fresh at home but this place is definitely worth your time and money. The pasta is very fresh, the sauces are quite tasty and the people working there are super helpful. I would suggest this place if you're having guests over and want to make something super quick and good!",4
"No fax machine. No electronic records. No emails or computers. I have to keep track of my pet's vaccination records? What's up with that? The doctors are very nice and seem competent. Front desk support is generally ok, but had a phone conversation with someone who must have gotten up on the wrong side of the bed... Options are limited for those of us who live downtown.",3
"FInally found good Chinese in Las Vegas. Prices are excellent, too. Go out of their way to please...I wanted a particular item...they made it special for me. Of course, language skills are always a problem with most ethnic restaurants...but for everything that matters, it is great food at a great price.",4
"My family has used Gibson's for many years. I have always been happy with the service I received, and their prices were much lower than dealership quotes. \n\nThe guys there have always taken the time to explain any repairs and give different options with NO PRESSURE! As a female who has no understanding of car repairs, I really appreciate having trustworthy folks to leave my ride with! They do not have Saturday hours, but that isn't enough for me to take off a star from my review in this case.",5
"the toddy was good, the food not so much. it was pricey and there were a few too many flies buzzing around for my liking.",1
You can never go wrong with Maggiano's. Rigitoni D is the best! I was surprised however this one wasn't crowded on a Sunday evening. The food was wonderful. The waiter did make us feel a bit rushed when ordering but accommodated our children very well.,4
I visit this place about once a week. I love the food and the healthy choices. The lentil fatoosh salad is my new favorite. You can't go wrong with the hummus. The service is friendly and usually pretty fast. I do wish there was some sort of dress code for the staff. All that skin makes me lose my appetite.,4
"How does MetroPark inventory work?\n\nWhen we came in, we saw a sign that announced that the store was closing for good in two days. Is it then reasonable for one to expect really, really cheap prices? Perhaps if this was a \""normal\"" store.\n\nI saw a cute dress that I really wanted up until I saw the $70 tag. Pass!",2
"The service was good and timely. The food, however, was all over cooked and very bland. All the fried food tasted like it was cooked in month old grease. And we apparently came at the worse possible time, because they were out of my first two beer selections and my wife's first drink selection. I will not be returning to this place, but maybe others have had better luck.",1
"Friendly Service. Fresh Veggies! At only 1 dollar a person for BYOB and no corkage this place is a steal! The price is right too! \n\nIf you are a veggie, curry, wine lover who loves family style friendly service, then this place is for you!",5
"The food is wonderful, the inside is nice, and the service was just okay. Asked for a to go cup for my daughter's thai tea and ended up having to ask another server.",4
Expensive and not that good ..the food is kind of bland. Being Jamaican myself they could do so much better. Will not be going back unless it's for something they don't cook. I was not impressed at all.,2
"Bready bagels, not real bagels. Egg sandwich is terrible! The egg tasted like dishwater!\n\nThis place make's Einstien's Bagels seem like geniuses! And I'm no fan of chain-store bagels.\n\nStick with Chompies or Back East Bagels in Tempe for something more bagel-like, and a good breakfast sandwich.",1
"I thought this place was easy on the wallet and I found out NO it's not. This place is too LOUD. I have to say that the service we received was good. The overall bill for 3 burgers 1 kids meal and 3 sodas was $45, that's a lot dough for me. Then I got to thinking damn I should have taken my kids to In and Out and still had 20 bucks left over. For me the value to what I ate wasn't there. But I have to say the server we got was great. Just not for me.",2
"The room was comfortable, the wait staff was friendly and attentive. However for the price the food was just ok. It was our anniversary so we expected some little treat with a candle at the end but what they brought was a plate of pink cotton candy. Holly tooth decay Batman!",3
"We came here around 3pm and there were no other customers. They had a total of 3 employees. After taking our orders, 2 employees were chatting nonstop and standing around doing nothing while the only employee making our drink and food. The service really sucked and it took a very very long time to get our food. The crepe is gross since they put artificial strawberries on it. The flat bread is very overpriced for what u are getting. Horrible service and food!! Never coming back!",1
"This restaurant has never fail on my Dinner every time I go with my family the food is always delicious and a great experience \nI'm very happy with Yesterday Dinner was Delicious \nThe restaurant was very clean \nThe host,waitress ,and the rest of the staff was very nice specially a Spanish speaker man he took care of Us and made sure we had everything we needed",5
"Sticky tables, loud, mediocre food for the price, decent saki selection bumped it to 2 stars. Look for better.",2
Good place to go and eat gyros if your up in North Scottsdale. The staff is friendly and the food gets to you real fast. The price is somewhere between 7-10 per meal but that's usual for N. Scottsdale.,3
"My 8 year old daughter started taking voice lessons with Ree a couple of months ago and she loves it. Ree is great with children, she has such a warm, sweet personality. I would highly recommend Ree, she is a pleasure to work with, professional yet very personable and encouraging.",5
The food was good.\n\nFood delivery was extreamly slow.\n\nOur server was good. But between our order and the delivery of our food we could have lost a grand inside the casino.\n\nThe food was good. But it is not worth the wait.\n\nPS: The restaurant was not busy at all.,2
I live a block away from the park...I won't take my daughter here since the playground is always torn up,1
"Mmmm... Chicken teriyaki bowl...\n\nThe chicken: white, fully cooked, doesn't taste rancid\n\nThe rice: also white\n\nThe veggies: death by grill\n\nThe flavor: meh",3
You get what you pay for then a little more here I just hate that they advertise hot and ready pizza but I order and it's 6 min for them to make it how is that hot and ready,2
I can't believe this place is open. First we walk in and it's empty except for a lady who seems to work there but we're not quite sure because she didn't acknowledge us until we randomly chose a table and sat after a minute of standing around. Then we sat for a few minutes and then she got on the phone and continued to ignore us. I wish I could say the food is amazing but we left because the whole experience was just awkward.,1
"First, their clothing is arranged by color, not by size. While thrift stores may think this looks great, it's not great for people shopping for one size.\n\nAlso, their prices were outrageous. Many of the items I liked I could have bought new for a little bit more. The upscale prices did not match the dingy and dirty store. We won't be back to this one.",2
Everything was great! i couldn't believe they had roasted bone marrow you can't find that in any buffet. I would of given it five stars if they had oysters and crab legs. Overall i will definitely be returning back to the wicked spoon.,4
"You can see instruments from all over the world, and actually hear the music played on them via headphones. The teens were especially interested in the instruments owned by Elvis, John Lennon and Eric Clapton. We were there for 2+ hours. It was $36 for all of us and well worth it.",5
"The food was decent at best, service was awful. Lazy host, slow service, mediocre food. I would not go back to this location. Management needs to work on the customer service for this restaurant!!!",2
Meat Heaven. This place is phenomenal. A good spot for special occasions. This is definitely a restaurant to be enjoyed in moderation. Quarterly is my limit. I always need about three months to recover from the meat coma. \n\nThe salad bar is perfect for anyone in your party that doesn't want meat. The service is always fantastic and you never have to wait for one individual to get back to you. Servers and Gauchos are always attentive.,5
By far the slowest Jiffy Lube I have ever stopped at. Thought I would be in and out in a few minutes because no one was in front if me but it took over an hour.,1
Not very good the atmosphere was ok. The food was ok. We had a lot of kids with us and they were not that impressed also. There are better choices in Vegas.,2
"I love this place!! I always get the best massages from Roxanne! Roxanne is the best!! I travel back and forth from California to Vegas and if i could, I would always go to Roxanne. It would be awesome is she was here in Cali! I can't find anyone close to her. I highly highly recommend her. She is that good Trust me!",5
"Very good. Nice staff, good bar food selection and nice space. I am reluctant to eat at a restaurant in a strip mall BUTTT this place was very good.\n\nThe food was good. Loved the homemade mushroom soup. The waitress was VERY friendly. The clientele was relaxed and subtle. \n\nAs I wind down my year in Wisconsin I can definitely say this place is very Wisconsin and for that I appreciate it even more.",4
"The Pizza is phenomenal. I am all about the Funky Q Chicken and the Buffalo Chicken pizzas.\n\nIt's strange to be here because in VA, Mellow Mushroom is part of the college scene. This one is a more cut-and-dry, well-maintained, family-friendly version.\n\nIt is really loud in the evenings (as they blast music at the bar), so try to be far away or if it's not too hot try to get outside, otherwise you're shouting to be heard.",4
"Superb! My husband and I LOVE Glenway Premium Pub! We rate all the following excellent: Big Fish Sandwich, Orchard Salad, Buffalo Chicken Sandwich, Chicken Salad Sandwich, Meatloaf Sandwich, and the BlackBean Cake Salad with Steak. All of these are 5 Star. The Chicken Wings we give 3 Stars, they just weren't our style. Not everything in any restaurant is going to be a favorite. Great, Great Food! \nWelcome to Belmont!",5
"It's a terrible tragedy that there are no locations in the San Diego area! 3 days later & I still crave another \""Big A$$ Bacon Cheeseburger\"". A super huge, super greasy, heap of heavenly goodness with 12 pieces of bacon added....need I say more?\n\n4th best thing in the world after oxygen, money, then sex! The only bad thing is that they don't give out bibs....LOL",5
"Want a pint in a good bar on Leith Walk without any hassle? Look no further than The Brass Monkey.\n\nThis pub has the feel that you're still in your own living room with comfy sofas that you'll have to peel yourself off but obviously it is a bar which means no washing up or cleaning the next day:)\n\nFriendly locals, comfy atmosphere and fairly cheap drinks - it'd be rude not to!",4
"I died and went to heaven the first day I ate there! Please, be adventurous and try something different! This place should be in every city in every state- in my opinion! The menu is diverse as heck in regards to everything you can do with peanut butter! I like how they specialize meals for kids and how they serve animal crackers as a side (whereas another place would give you fries or potato chips). My heart seriously skips a beat when I see this place on the horizon!",5
"I don't go here often and with good reason -- there doesn't seem to be anything this bar offers that another place doesn't do better. If I wanted to dance or act crazy - there is Brothers. If I want to sit outside - I'd goto Vintage or Johnny O's. If I wanted a quieter place to sit down and talk - there is Red Shed, Segredo's(cause its usually dead) or Blue Velvet. The drinks are OK, the bartenders are OK and its ok to stop on a bar crawl but not somewhere I stay for long.",2
"Been there many times and have not been disappointed by the BBQ. Only been open for a short time but has won many awards and \""best of\"" contests. Travel Channel has already spotlighted them! Be prepared to wait in line. The quickest I have made it through getting my food is about 40 minutes. Despite the wait, it is still a 5 star join.",4
"I thought about giving this place 3 stars until we ate at Tony Romas and realized that their BBQ just wasn't that good. Not that I wouldn't return but I'd much rather go someplace else.\nMy pork ribs were meaty but dry and not very tender. The fried okra was very old and soggy, with the coating all destroyed.\nThe honey butter was good and so was the service.",2
Equipment is not well maintained. Pads are wearing out and not replaced on a fair amount of the machines.. No attention to oiling machines. Place is not especially clean. Not enough lockers. Cardio cinema is a complete waste of space.,1
"We were staying on the Las Vegas strip and were looking for a good sushi place tha t was a good value. Yelp reviews led us to Sushi House Goyemon that is a few miles away. We went for the AYCE and it was excellent. Everything we tried was excellent. A few of the YELP reviews suggested the pig bellies or something like that, and that was the only item we chose that was one I'd pass up next time. Nice people and great service.",5
"This location provided great customer experience for my 6yr old sons haircut. I appreciate the web checkin, and the friendliness of the staff. My only suggestion is that they be more attentive to customers coming in. Possible having a receptionist since it is so busy. I saw a couple of customers come and go without greeting.",4
"Food was ok. Really cool concept, but menu is all over the place. It's bbq meets seafood meets sandwiches. I opted for the burger and fries.. My burger was burnt, if we weren't in a hurry to get back home, I would have sent it back. Fries were good. My hubs had the pulled pork sandwich sans slaw and he said it was good, but didn't finish it. Food is a little on the pricey side. It set us back 40$ for 2 sandwiches and two side salads.",3
New instructor Meg is also amazing!! This place keeps getting better and better!,5
"Our server was pretty cranky. We have a large group (8 adults and 5 kids under 4 years of age), which I know can be stressful. But the service was terrible and the food mediocre. There weren't enough table settings (and they never got us any more, so none of the kids had silverware). The only upside is thy the food came out of the kitchen fairly quickly.",2
I've lived in 7 different apartments in Madison with 6 different landlords and everyone pales in comparison to McBride. Need a repair? They've fixed it by the time you get home from work. Easy to communicate with and they keep the pressure off their customers.,5
"The club was interesting but very cramped. Packed full of people, it was hard to get a drink, dance, or go to the bathroom. There was nearly no way to get to some open space to have a minute to breathe. It is very similar to other nightclubs on the strip. Nothing particularly special about it.",2
"Opinions are a changing. Went to Pedros over the weekend. Tamales were not good. The sauce had formed a skin on the top because it sat under the heat lamps too long. I took three bites before I found any pork. I ate half of one and the waiter asked if I wanted to take the rest home. When I said no, my satisfaction was not questioned. I'll stick with Laredos.",2
Best collard greens I've ever had with BBQ to match. $3 pints of ANY BEER on Mondays. Super friendly wait staff. I'm definitely coming back here next time I'm in the area.,5
"this really isn't the best pita jungle out there. the food is great, but i rarely get my food the way i order it. servers are kind, but seem overwhelmed during lunch - often we get our food and don't see a server again until we're ready for our check. i can't give them less than 3 stars because i really, really like the food, but i wish it would come to me the way i order it more often.",3
"So this place was packed when we got here, so we opted just to get a pastry to go. We had the chaussons aux pommes, mmmm good. The apple was a little tart and not too sweet. The pastry shell itself was delicious, sprinkled with cinnamon and sugar. We wish we were able to fully enjoy what this place had to offer after having the pastry we wanted more! Definitely worth checking out!",4
"It was okay. Can't compare to Ike's sandwich. I had the pastrami rueben, very disappointed... Not even two layers of meat. My sandwich was sad, which made this visit and experience sad. Line was long and wait after ordering was long, you would think that the long wait meant good food, but it was completely opposite.\n\nA second visit would require me to be completely wasted.",2
"Cafe has new owners that are very nice as well as the staff. We ordered burgers, fries, salads, and grilled ham and cheese sandwich. All were delicious!",3
LOVE THIS PLACE! I have not had a single thing that I did not enjoy and the portions are big enough for sharing. Leftovers are great the next day.,4
"Not too bad for brunch.\nIt was good, but not AMAZING good.\nInteresting interior decoration.",3
"Just getting back on a bike after many, many years. Great to have a bike shop that takes the time to answer questions and give advice because they want you to do it right. Did not buy my bike from them but they treated me as if I had. Great service and rider support.",5
"After seeing all the other Cirque shows in Vegas first, I was a little let down by Mystere. Don't get me wrong, it's still a good show. It just can't compare side by side to \""O\"" or \""Ka\"" with their higher tech stages. The performers were great but halfway through the show I got tired of seeing the same thing over and over. See this first...then see the other shows.",3
"Great service, great decor and ambiance, but food was weak. Wedge salad had undercooked, fatty bacon on top. Roast duck was over-done, not juicy, but skin was rubbery. Lots of folks do it better than Delmonico, keep looking.",2
Food was average but waitress was terrible! Asked what was on cajun salad...she didn't know and didn't offer to ask! She tantrumed when we asked for separate checks. She rolled her eyes when my friend asked to add a salad.,3
"The atmosphere is crowded. And the food is simply fair to good. I had heard quite a bit about this venue prior to going, and have to say, I was slightly disappointed. They seem to be understaffed, as the service was a bit slow. I've been here 3 times, and the best time I had was sitting at the bar, but I think that was due more to the beautiful blonde I was sitting next to, than the restaurant. Parking is attrocious, as well.",3
"Fresh & Easy is a great little grocery store. It has all kinds of fresh foods. It also has alcohol for all you drunks out there. :P\n\nBut seriously, this place came highly recommended from my cousin and now I know why. Good foods, great prices. The staff is also pretty friendly. Keep it up F&E!",5
I am not usually fond of buffets. This is worth it - the atmosphere beautiful surrounded by live flowers and a light airy atmosphere. The food is all very good. I had the lunch selection which is a good value with brunch served. The cheese omelette was delicious at the station and the desserts yummy! Try it,4
Food does not taste good. The food is boring and bland. I regretted eating there the moment I tasted the food. I will stick with the other Mexican food place down the street which is cheaper and the food tastes better!,1
"It was a good night club, great music, and pretty good vibe but all that was overshadowed by how crowded it was!! There were people arguing with eachother, on two different occasions, after people pushed eachother! I don't think I would go back because of that and even though there were two dance floors it still didn't allow space for everyone ....",2
"Okay so this non KFC fan has been converted due to their hot wings. I just love the fact that they are crispy and juicy.\n\nI have found they key to ensuring fresh, hot delicious ones is ordering a 20 piece. I will always have to wait but it is well worth it in in my book.\n \nEven left over, these wings are still crunchy and crispy. I have got to figure out what they put in the batter.",3
"I've been here a few times, it's ok in a pinch. The calzone was soggy on the bottom, so was the pizza crust. Usually I'll drive past it on my way to Spinato's, even Gus' down the street has better food.",2
"Seems a litle overpriced for chicken, fresh or not. I think if you skip the value meals and just get singles pieces of chicken, it may be a little more worth it. This place doesn't hold a candle to Buffalo Wild Wings. BW3's has more sauces, more selection and better prices. I'd say hang on to your $$ and go get a snickers bar.",2
Ummm just ok by food and setup but service was fabulous and there was no waite and yes the karaoke was fun to watch ... Not sure if I'll be back but I won't say never,3
"Ok sports bar, good happy Hour values. Wings and the usual sports bar food. Food quality is good but salad and vegetarian choices are limited, but available. Beer by the pitcher. Some customers get to loud and use loud foul language which the staff seems to tolerate so be aware if you take the kids.",3
My mom was visiting and wanted a haircut. She went to Eva and got the best cut I have ever seen on her. She has been getting tons of compliments on her new style. I guess now she'll have to come down and visit more often.,5
"Every time I go to Whataburger, I get chicken strips. It is the only place I can think of that gives you a piece of toast with your meal.",4
"Am I ever going to find a great nail spot in South Phoenix? Ugh.. There were no magazines while waiting in front, and my nails chipped the second day after having them filled. \n\nI type, I do not hammer in nails all day.. There is no reason for gel nails to chip this fast. I will give them another chance in hopes it was a fluke, because the guy that did my fill was really nice. Update to follow.",3
"Over priced for portion size. Good luck actually tasting the guacamole in their food. Also look out for cold food, half way through my carne asada burro was cold. I will say that they did replace it. Otherwise the taste of the food is great.",2
Kind of a long drive from the heart of town but the casino is nice and clean. You won't smell like smoke when you leave. Decent machines and dining options. The spa is nice. I am a local so I have never stayed in their rooms. The lattes from Baby Cakes are super. Great sports book too.,5
"Brunch update-\nPatio seating is still great...but please don't order the french toast if you are hungry. Two small pieces of baguette bread don't cut it. If you must, order the french toast from the kids menu...it's not made with the baguette but you might not need to eat again when you leave.\nEveryone said the classic on central was decent choice, though.",3
I am not a picky eater but everything here is so bland and boring. The spinach dip was watery and tasted weird. My pasta needed tons of salt and pepper because it tasted like a Michelina's frozen dinner. The prices are pretty cheap but you can go elsewhere for food that tastes much better for the same price.,1
I give it 2 stars.....ONLY because the staff and service were good. You may rate it higher if you are fond of those frozen Healthy Choice bowls.,2
if you need hearing aids in any kind of reasonable time frame avoid like the plague. I am still trying to clean up the mess they made of my insurance.,1
"Came here for dinner while visiting family.\n\n- Food: Well, it IS a buffet. Sushi selection was terrible and everything was obviously not fresh. Hibachi steak was dry. My ice cream had freezer burn.\n+ Price: Cheap for a buffet\n+ Atmosphere: Typical Chinese buffet layout. Good for groups.\n- Service: Unprofessional. Waiters yelling across the room is not very pleasant.\n- Recommendation: Nope.",2
I needed a drink so I came here. Service was ok nothing great. Hell the guy was not even happy to be there. Seemed lost really. Drinks are always high priced at the airport but what can you do. food was just ok not even good. \n\nOver all food was not good and service not at all what it could be. I wont come here again.,2
Today I went to eat lunch and I liked the food but what I liked most was the service I received. The chimichanga was delicious.,4
"Veggie Sandwich (Something like that) \n\nThe cooked mushroom portabella, red and green peppers, with onion and cheese was well worth it. The bread was super soft and the sandwich was perfectly sized. \n\nThis place is located on the first floor of the city center alllll the way at the end of the mall away from the main entrance.",3
"This pertains to the golf course. Played here last week and thoroughly enjoyed it course. This is a beautiful golf course. Great shape, tremendous scenery with Camelback mountain in many of the backdrops for tee shots, lots of variety. You never feel like you are seeing the same hole. I have played about a dozen different courses in the Scottsdale area and for me this was the nicest I have played.",5
"I don't know if this is more than an American airport staple. For airport fare, above average but 3 stars is above average for Airport fare. Great service, typical selection of beer, wine, cocktails. Food is mediocre but typical for most airports that I travel thru(most Vegas and Calgary). This rating is for the new Terminal 3 location.",3
This place blows. Food had no taste and shake was below average for a higher than deserved price. Johnny Rockets blows this place away and I even prefer a Denny's burger and shake for half the price,1
Really good. My girls and I went here and had a Blast...no pun intended. Will go again for sure.,5
"Wow. DO NOT BUY THE SERVICE warranty. They will sell it to you and not honor it. Had them tell me i only had a warranty on one tire (after buying tires from them for years) and then when I showed them the paperwork, they found another way to get out of the warranty. The WORST.\n\nWent to a different Tire Works in Henderson and they repaired a tire they should not have. Mind you this is a mini-van filled with my wife and children.\n\nThere is NO customer service.",1
Really cool place! Order each donut customized and fresh from the fryer! Best if eaten right away! Only $1 per donut!,5
"terrible service, food wasn't even decent, prices were average. I think the only type of ethnic food was the Mexican food. and pretty cool that they have their own name beer. was alright.\n\n\nI wish I knew this place sucked so badly before even thinking of coming here.",1
"Walked in and the SeaHawkers club had just left. The place was a wreck and they were scrambling to get the tables cleaned and the restaurant back in order.\n\nGood service, good food and cold drinks. Use the 4Square app and unlock an additional dollar off your drinks, even during happy hour.",3
"Everything I've ordered from here has been pretty good. I will often stop here when I don't feel like cooking and the food comes out fast. The atmosphere isn't the greatest, but I'd you're doing take out that shouldn't be an issue.",4
"This office is good for very basic stuff - very basic. I brought my pet in because something was not right and the doctor said it was just a reaction to something (and basically didn't know anything else to do). I don't know why I didn't get a second opinion. Two months later my pet died. I really liked this office at first, but after the lack of action and knowledge (or even suggesting they didn't know what to do to see someone else) I won't be returning.",1
"In my opinion this hotel/casino is over-rated. We stayed at the Cosmopolitan for about the same price and were on the 65th floor overlooking the Bellagio's fountains. At the Bellagio we overlooked the pool.\n\nThe pool is nice and huge.\n\nThe carpet, decor and furnishings are all old and dated.",2
"Nice pool. Good Music. Nice beds. Really crowded.\nNot much to say since I didn't really have an AMAZING time, but it was pretty fun. Until everyone got kicked out cause someone yacked in the pool, and you could actually see the pieces of throw up floating around the pool. yuck. \n\nnote: $50 cover for guys, $10 cover for girls. 21+, bathing suit tops optional (for ladies).",4
"If you think Filiberto's is good food, then you will like this place.\nFish tacos were dry and as tasteless as the lukewarm beans and that fluffy rice thing. I love Gilbert and want to support the mom and pop's but this is not good.\nHow has this place been around so long is beyond me. I've driven by it for years and figured it must be great so finally gave it a try. Bummer.",1
Are meal took along time and when it finally came they got are order wrong and acted like it was are fault. And the cheeses burgers we ordered were bland and nothing special. I dont think I would have a reason to go back.,2
I had a reaction to the Pancar Salatasi; no doubt to the canned or tinned beets. You would think for $6 for 2 bites of beets they could use a fresh one?,1
"*Food Allergy Review*\n\nThey had a great selection of Gluten Free items. All GF items had an asterisk next to the name. Pizza, desserts, Italian, India, Latin, etc. all had GF options, and they were all very tasty. It's good to know that there's a reliable place I can go to when I'm in Vegas.",5
"This place gets my vote for the worst KBBQ experience ever. The meats were awful and poor quality. Also worth mentioning is their horrible banchan. It was not fresh nor did it taste good. I usually ask for seconds or thirds when it comes to banchan too. It made me really miss the L.A. KBBQ joints. The soon tofu was extremely, uncomfortable spicy! It gave me really bad heartburn. I can handle spicy food too.",1
"I ordered a chicken salad from this place last night and it was below average. The chicken was warm, but definitely not hot. And the french fries on the salad were cold. \n\nWhile the portion size was quite large, it was a very poor product. The only reason I ordered from this place is because it is pretty cheap (even cheaper with a coupon code on Grubhub), but it definitely wasn't worth the $7 I paid.",2
"I'm not sure that's it's fair that I review this place, because we didn't actually eat here. Heck, we didn't even sit down. We walked in on a Friday night around 7 for dinner. Inside smelled like a hospital and when we found our way down the hallway, there were probably 6 tables out of 30 filled, and everyone there was eligible for a Medicare card. \n\nWe didn't stay.",1
"If you are looking for a wonderful way to \""board\"" your pet while you are away, I highly recommend Doolittle's Doghouse! Your pet will stay in the home of a carefully selected \""nannie\"" who will provide loving care while you are gone. (No more cages and dog runs!) As a veterinarian, I make recommendations very carefully and I highly recommend this service to my friends, family and clients!",5
Awesome food love the sandwiches just had spring rolls they ere great too. Everyone is really nice and it is family run.,5
"Wow, based on the pictures and description on their website I expected their gardens to be A LOT bigger. Yes it was pretty, but everything was so squished and there were so many tourists (even on a Monday and Tuesday!) that it was hard to appreciate and enjoy. They were also in the middle of switching over from their Thanksgiving theme to their holiday theme so some displays were only half completed. Bummer...",2
I want to like this place because it is near the house but the incredibly poor service makes that impossible. With so many people out of work you would think they would be able to hire someone mildly competent.,1
"Their food is awesome but I stopped eating here after I found a long black hair baked into my pizza. I took a picture of it, showed it to the manager my last visit there, and he apologized by giving me a 3$ off coupon. I will never eat here again. Fatburger is a lot cleaner.",1
"Breakfast was decidedly underwhelming. My husband's bfast sandwich was average at best and my egg burrito was the worst I have ever had. The eggs were burned, almost black, and tough. How do u make eggs tough??? Service also horrible. The guy serving us was not familiar with the menu, we had to flag him down for more coffee, and would someone please buy him a personality?!",1
"Doughnuts were hot, fresh and good. The reasoning behind the 3 stars is due to 1) the manager/ shift supervisor/ the person who rang us up came across as arrogant and unfriendly 2) the seating/eating area was dirty and we were 2 of 3 customers in the place 3) the place where they assemble the doughnuts was dirty as well. It was unappetizing. I will try it again. Hopefully I will go back to a clean & friendly environment.",3
Extremely poor customer service - the owner lied to me when I came to pick up my clothing and it wasn't ready. That was after calling the night before and getting attitude for inquiring before he originally said it would be ready. There's nothing special about this place.,1
Insanely expensive. Average like any good sushi bar and the palazzo in my opinion is pretty plain. \n\nIf it's sushi you seek the OSAKA sushi restaurant on Sahara will blow you away. \n\nThere's a lot better places than this one. Pass.,3
Interesting place to say the least. Crowd was good and lively and the beer was priced fairly. They have a foozball table and a good selection of music.,3
Posh is one of the coolest restaurants I have experienced. The menu consists of all the protein they have available that day and you get to mark off what you do not like. The number of courses depends on how much you would like to spend. This place is so fun because you really have no idea what you are going to get. I had the most amazing scallop app and short rib entree. I would highly recommend this place.,5
"Attended a Wedding at this Chapel and was beyond impressed. The Chapel is located in THEhotel at Mandalay Bay which is incredibly classy and beautiful. The Chapel is gorgeously decorated and the perfect size for an intimate Vegas getaway Wedding. The rooms to get ready are nice and cozy with big mirrors, a bathroom and couch in each one. The Chapel itself is very nice and the picture taking area is cute. For a Vegas Wedding, I would suggest this Chapel to anyone planning their nuptials.",5
"Fancy place. Not great food. \n\nThis place is a fancy, expensive Mexican restaurant for people what to spend more money than they should and get far less than good Mexican food. I guess if you're from Minnesota, Wisconsin or BC this is passible, but it is far from good Mexican food.",2
We ate here 12-25-2012. Just now catching up with all my reviews! This place is fantastic. My daughter son in law and I flew into vegas for xmas and met my dad and step mom here for dinner and it was great. I had the beef wellington which was perfect. Everyone else had some kind of cut of steak and they all loved it. Sorry cant get more specific too much time passing! Service was great too.,5
"We live nearby and thought it would be great to try a local dental office. Both times my husband and I went in the dental hygienist talked, and talked, and talked to the point of annoyance. Also, the dentist informed my husband that he needed a considerable amount of work done. We waited a year (finances!) and went back to our prior dentist - listed in the Phoenix Magazine's \""Top Docs\"" - only to find that NO WORK was necessary or even recommended.",1
Wow... I wish they had a place like this in NYC. I'd set up a tent outside and never leave. This is an incredible market. The variety and quality of the food available is amazing... and the prices seem quite reasonable considering. I was there for hours and felt like I didn't have enough time to explore. I sampled a lot of produce and ate at a few of the restaurants around the market. Well done Montreal!!,5
"Oh gosh... The wife had a cesar salad and can we get some romaine hearts that aren't ready for the trash? The place smelled like vomit and there is a reason we haven't been back in almost a year since before this visit. I'm done, time to clean up the place!",2
I don't go to Dish for the culinary experience. I do love the laid-back vibe with some good southern hangover/late night grub. I like to order a half grilled cheese sandwish with a cup of tomato bisque. I love that you get a deviled egg as a side to many dishes. Nice touch. My favorite is the black bean and rice burrito. Cool tunes in the juke box. Just a good local spot w/o the frills.,4
Really great concept. Food is good and the coffee is super tasty. My little one loved it. We will definitely be back. Nice job.,5
"the most disgusting, repulsive, filthy, dishonest, poorly run hotel on the face of the earth. I would not stay here again if I were paid $10000.",1
"Just heard about yelp and looked up restaurants while in the Phoenix area. This place was amazing was there last Thursday, you gotta try their hummas combo. been to many middle eastern places, this was a treat. Great discovery!",4
"Slight mishap with being given salmon when swordfish was ordered but quickly fixed, very pleasant server, everything was fresh, food delivered timely and at a non rushed pace. Overall another very good experience.",4
This use to be one of my all time favorite stores! But it has changed soo much. The quality for some shirts or dress and pants is not worth the price. Everything is now like vail material. They use to have quality what happened?,2
"It's K Mart, not bad just nothing special. Nothing really sets K Mart apart from any of the other conglomerates. Gotta shop here from time to time for MH exclusives so you'll see me busting out my Maverick patch & showing it off with pride",3
Wasted my time going there at 658pm Friday night when their website said they closed at 8pm.,1
"Cheesefest, USA. \nFood was okay, but definitely nothin to write home about. Kitchy, touristy, cross between joe's crab shack and freecreditreport.com commercial. The namesake \""show\"" was lame, complete with stilt walkers and bikini clad chick, but if you're wasted, it might be funny. Long waits also dampen the fun. Mango margs are tops, bahama mama is yum and the nachos were tasty, everything else is typical overpriced fare.",2
Good strong fresh coffee. Cool but still friendly staff. Unhurried vibe. Super cute decor. Love it here,4
"It was one of those times when you walk in, look around, then walk right on back out.",1
Bought my R6 in march of 2010. Best service and still receiving discounts on gear. Manager is awesome and made my life a little happier by selling me my Yamaha.,5
"One of the best Dairy Queens I've been to. Very clean, friendly staff. ... We had Pumpkin pie blizzards. Yum!",5
"Flew into Vegas on a Thursday and was starving when we got here. We decided to give Diablos a shot. It was relatively cheap for Vegas standards and the food was ok. The service though was below par. Really long waits, pretty much no attention from our server. Someone from the kitchen delivered our food and sort of slammed the food down and left in hurry. \n\nI had the jalapino chicken tacos which were decent, and 1 beer. I was never asked if I wanted another...which I did.",2
Awful customer service. They swear they are a high end store. All I did was ask for a military discount and they swore I was robbing them or taking it out of their paychecks...come on!\nGEEZ...,2
"Bottom line: Nino's is nothing special. We have been here twice, trying various dishes and have yet to find anything exciting. The salsa is served in old fashion carafes, and just doesn't have any kick. I expect more from a neighborhood taco shop. Lastly, the service is slow and not nearly friendly enough. I would go so far as to say that the server was annoyed that they were busy, an odd attitude for a restaurant!",2
"Once upon a time this was a good place to get decent Indian food...alas they have changed chef/management and now it very poor quality.. I ordered Tikka Masala; it was, I am sure a sauce from Sharwoods that I can buy, plus the meat was huge chunks of chook...and the veggie rice I ordered was nothing more that boiled rice with some microwaved veggies thrown in,,,,will never go back...",1
"Pros: Consistent quality. I like the pepperoni pizzone and my sister likes the Hershey chocolate sticks. \n\nCons: Why would I bother to place my order online hours in advance, if its not going to be ready when I arrive? They didn't even start making it till I got here. Additionally, they got my order wrong! Scary neighborhood and parking lot full. I had to park in the shopping complex next to this one.",1
"Wish I could give 3.5 but I'll round up just bc the lady taking our order at the bar was nice and patient with us ordering. Came in here just looking for something to eat on the way back to the hotel and ordered the Royale with cheese, and it was cheesy goodness! The caramelized onions made it that much better. I would order this burger again although if I had to choose I'd go to Gordon Ramsay's BURGR at PH. The burger there was slightly better there to me.",4
"The restaurant is kind of dirty, the service is ridiculously slow, and the food is not good. You're better off going to McDonald's.",2
"went here with a group of friends and we were able to catch the open bar, so the girl's in our group was pretty happy with that. This place isn't the best and it's not the worst!\n\nif you're looking for a small & chill clubs, this is probably your best bet.",3
This review is for the MAC makeup area in Nordstroms. Everyone needs to go see the lovely Whitney at MAC. She is a fabulous and friendly young lady who makes shoppinh for the right color so easy. She matched my skin color and tried out several different colors to find the right one. She was getting ready to leave for the night but still spent a ton of time with me showing me everything I asked for. I will be back here just for Whitney and for all my mac makeup :) Thanks Whitney!!,5
Very nice staff. I really enjoyed my experience here and will definitely bring my dog back for her routine care.,4
"Bit of a first date kinda place. Inoffensive, decent drinks menu, plenty of seats, central location. The refurb has certainly improved the look of the place and it feels much more trendy than it used to. But there's something about this place that I just find lacking. \n\nIt's fine, but I don't feel it's got a lot on many of the city's other drinking establishments. It probably fares well due to the proximity to the station, which is really handily close.",3
Place was not good. Food taste bland and it is way over priced for what you get. Orange chicken was nasty and so was the fried rice. Won't be coming back here.,1
"Fantastic buffet! The atmosphere is a little like Alice in Wonderland with fake colorful flowers and bright lights. The employees have unusual costumes that are a bit hard to explain. But the food is spectacular. I really appreciated all of the salad, vegan and vegetarian options. The day I went, they had two different quinoa dishes! I was very impressed. The buffet is a bit pricy for dinner, but I would highly recommend it.",5
Lobster Pot-Pie was not great. The lobster was over cooked and chewy. It really had no flavor. I've had much better lobster at Red Lobster. It really was disappointing especially for $85.,2
"Basically the totally opposite of Newark Liberty Airport.\n\nClean and well-lit. Friendly and courteous TSA members, and fast and efficient layout and service.",4
Great quick lunch. Never had anything bad here. Side note the fries look burnt but are great.,4
Ordered 2 of the new loaded chicken bowls. Got the regular chicken bowls with out corn. Ordered 4 chicken littles no mayo. They didn't put mayo on them but they forgot the pickles. I guess that's what you get when you have kids working and don't care about customer service. Great job management.,1
I went here tonight after hearing good things about the place. I was very disappointed. The food servings were large but the food itself was not very good. The Chicken Fried Steak had no real taste at all. It was just bland. The pork chops were good but not great. Salad just a salad and the bread was cold. I do not think I will be going back after spending $46 dollars for so-so food. Very disappointing.,2
"Its a must do once....................tighten your pants, bring a second pair for the oppps when doing there rides(Check photos out) .........Buffet is good and I win there in the casino, 3 card, slots.",4
"I stayed here for a weekend to attend a wedding, and let me tell you this place has everything for everyone. The kids loved the Tournament of Kings, the wife loved Thunder from Down Under.What more can u ask for, as for me I just wanted to gamble. It's pretty cheap too if your bringing the whole family. Couldn't have asked for a better time. Cool hotel!",4
"I loved this Meet the Maker event! It was such a pleasure meeting Bill, Karen & Robin. Their passion for chocolate was clear from the moment we walked in to the event. The chocolate samples were decadent and the cookie decorating was a fun touch. This little Charlotte gem is here to stay! Can't wait to head back for another piece of the cardamom bark... YUM!",5
My husband recieved an mildewed potato. We told the staff. The manager was no where to be found! be CAREFUL!!!!! EEEKKKKK!!!! :-(,1
I like this place alot. They have very good prosciutto di parma. It is very expensive but worth it. I also tried their lunch menu. I got the italian beef sandwich which was really good. the only complaint is after a while the bread makes your jaw tired. Overall i will try it again,4
A Charlotte staple in need of a makeover. Generally solid food but sometimes inconsistent - biggest challenge is the atmosphere which is stale and hasn't kept up with the rest of the Charlotte restaurant scene. You can't go wrong by a visit to PC - especially if the weather is nice and you get to sit on the excellent patio. Salads are great here.,3
Was REALLY hoping that this place would be amazing...\n\nIt wasn't\n\n\nTotally over-rated\n\nCarne Asada is very bland\n\n$1 tacos from taco trucks in LA BLOW this place away\n\nClose by...such a shame,2
"Great price (duh) and they are super fast. I've never waited longer than 5 minutes to get in and grab some food. Nice folks behind the counter, too.",5
"Easy to make appointments on line or calling in, no long waits for an appointment. Appointments begin on time. Dr Steed and staff - knowledgeable with great customer service. Contacts and glasses come in within days of order.",5
Pretty good for 3AM pizza. Knocked off a star because the slices were sweating off oils... (probably because we ordered all of the meats). Crust is on the thin side. Would come back when craving pizza in Vegas!,4
"what happened to the mediterranean food... when i go there now its all italian! I know italy is on the mediterranean (i hope ;) ) but what little mediterranean food they have on their menu is now just bad... this used to be a great restaurant that all my friends and i would go eat at, but now the food is just bad... Service was great though, dont get me wrong! I just didnt like their new menu... I havent done their hookah lounge and that may be good, but im not into hookahs...",2
"I love coming to this store to buy cheap kitchen utensils that I use for cooking.....sure grip, teflon utensils are my weapons of choice in the kitchen. They have them here for decent prices. \n\nSometimes I buy stuff I use once because it's cool.....like an electric Deli Slicer.....that got used maybe 5 times and is sitting in a box in one of our kitchen cabinets. Whatever, it's still a fun place to shop.\n\nWill I return? You bet.",4
Horrible service. Burger cooked wrong and it took 20 minutes to get it replaced. Definately not a place to visit if you have less than 2 hours for lunch. Entree prices good but $3 for regular ice tea :(,1
"Dated, but nice. Good Chicago hot dogs and they sell Old Style beer! Can't beat that!",3
"i don't know how many times i've been to vegas, but my most recent trip there was the first time I actually watched the fountains of bellagio and LOVED IT!!! It just seems to put that smile on your face, no matter how tired or hungover you may be :)",5
Good bar. Good location. The service was quick and the beer was cold. They have a great happy hour including weekends. Had the brat; it was pretty good but fell apart. The fries witht he bacon dipping sauce are great. Next time I am in tempa I will return.,4
"This is a great place for a cuppa joe and working on your laptop. What I like about this place is that there are power outlets everywhere. The staff are friendly, and the drinks are tasty. The only gripe I have is that they are expensive (even moreso than Lux Coffee which is also a \""tax-included\"" place), but not so expensive that I avoid the place.",4
"This is for Deb:\nI drove to the box that talks back. I ordered a Quarter Pounder with cheese meal. With a Diet Coke. Yeah, I drink Diet. Not because I think it will even out the bad of the meal, simply because that's what I drink.\nI got my food quickly. I barely remember eating it and gave the last few bites of my burger to the dog, along with a few fries. The fries were good.\nThe ice in my cup was really, really cold.",2
I love Fatburger but Be carefull at the Las vegas Strip Fat Burger keep you reciept the employees are scamming customers. I was charged an extra $2.00 to my credit card without my authurization. My friend was charged $9.00 more to her credit card. At the the end of the day I bet the make some serious cash by all the people they rip off. Again keep your recipt. I hope they do something about this but I doubt it....,1
Pizza is good...we've ordered lasagna for take out too before and its good. Friendly service.,5
"Having for some reason been here twice now, I've come to the conclusion that Cabo makes it's fried seafood tacos well and everything else is decidedly meh. I've tried two of their specials, which though well seasoned, were just hopelessly overcooked.\n\nStill my fried shrimp tacos were solid and the tecate tall boys are like 3 bucks so it's not too bad.",3
"Went here on two nights where it was pretty empty on BOTH nights, but walked by Sat night and saw so many people out on the patio. Wonder if it was Carrie Underwood fans or something since she had just performed nearby?!",2
"Best.Gelato.In.Vegas. It's a must stop whenever i'm in Vegas. Creamy, smooth consistency, delicious - AMAZING! I've never been disappointed when I've gone, except when it's closed.\n\nI always get the same: stracciatella and hazelnut and it's consistently good. And reasonably priced with plenty of seating on a normal day.",5
"I was surprised to find that had a TON of brand new irrigation supplies. As a gardener, I am always fiddling with the irrigation, and am in constant need of emitters, hose, and connectors to support my filthy habit. They have it all (at least when I went), and at a fraction of what the hardware store charges.",3
"First time visit. Interior is plain and old, but clean. Service is mediocre at best and it does take quite a while to get your food after ordering. I had the catfish and shrimp basket with mac n cheese. Food was fresh and hot. Not bad overall, but a little pricey for what you get. Doubt I will return.",3
"Awful. Simply awful. The bread was stale, the meat was old.. The service wasn't great and the place was empty. What a horrible experience - Emeril should be ashamed to have his name on this place. Three of us were there and we had the pastrami sandwich and it was very disappointing. I will not return.",1
Excellent customer service and the guys there are nice to talk to and take time with you. The manager did get the apparel sizes I needed. They also installed new sights on my friends Glock at the same time. Same service at the Mesa store. One gentleman even showed me how to replace the slide plate with the special ones they sell. Not a big deal to do for him (and now not me--I've done 3). I'll definitely visit next time I'm in Phoenix.,5
"Typical bar-type food, good beers on draft, lots of TVs......good place to watch a game. I highly recommend the Buffalo Chicken Sandwich, or the Blackened Tuna sandwich.",3
Love the ice cream and the mix-ins are fantastic but hate the hours of operation.,4
Order the Taste of Italy Special pizza. It is awesome! We love this place and it is close to us. I was expecting to drive for miles for a decent pizza. This place rocks!!! Great employees and a happy place for dinner or take out!,5
"I believe that Streets of New York is a chain, and I've certainly enjoyed my experience at other locations, but this one in particular was a bit of a disaster. The food was all right, but the service was slow and unfriendly. The waiters were borderline anti-social and another guy who seemed to be the owner or at least the manager wasn't much better. \n\nIf you're yearning for Streets of New York Pizza, try another location.",2
"I have eaten there about 5 times. The food was good, service was good also. The atmosphere is a family type, a little bit of noise, but not annoying. So all in all it was good for me and my family. It seems to be a good place to have a large group go for dinner and not have a 2 hr. wait.",3
Dr. Noggle is the best!! She's the only one I allow to touch my back. Great customer service and very personalized. I would recommend this going here to anyone!!,5
I have been to Hugo's four times. This is one of the best secrets in Las Vegas just wish it was on the main strip. If you ever wanted 5 star service this is the place. I have only had a couple issues with food but for the most part they are aces in my book. I love the table side salad preparation but be sure to stay away from the pine nuts. Love the roses and chocolates. Be sure to make a reservation and always come here on a winning night.,4
Tried to order from claim jumper tonight and wow am I disappointed. Usually I really enjoy eating here at least once a week. Tonight I placed my order and 3 min later I get a call that they are out of steaks and out of sweet potatoes. I know this is not a major issue but to me if you are a landrys affiliated establishment this is unacceptable. \nI WILL not be ordering from claim jumpers for a long time now.,1
"great eats, even if you don't get the all you can eat spaghetti. Had the arugula and white bean salad plus two penne pasta dishes. Both very good. Good Italian food in a nice atmosphere at decent prices with good waitstaff.",3
"This is a rough looking little strip mall place. The kind of place you see all over the Valley. If you want atmosphere look elsewhere. \n\nWe tried a few different things--tacos, torta and assorted other things. The food was all pretty good--not the best in the world, but good. Tacos are a $1 each. \n\nPrices were awesome and the service was pretty good also. There's not too much else to say about it.",3
I specified no sauce on stir fry vegetables they were sopping. I specified with a call back after order extra hot mustard no mustard in delivery the soggy vegetables were swimming in the plastic take out bag I called the owner he couldn't have cared less hate this place!!!,1
"Swung by one morning on my way to work. Only had about 15 minutes to browse around. Definitely not enough time to see fully what this place had. From what I could see, they had mostly small wares, although they do have some big equipment as well. The prices were high on some things, low on others. They have rows and rows of small items, that I could not explore this trip, so next time I'll make sure I go when I'm not rushed.",4
"I'd love to stretch to 4 stars on this one but I just can't. For Mesa, it's about as good as it gets. Great location off Val Vista, food is above average, drinks well made. Staff is very friendly and attentive.\n\nNot sure what it is, it's just missing something? The bar is usually the happening place. Great for small/medium groups as you can score a seat almost any night of the week.",3
"Nothing to get excited about. The food is OK but don't go out of your way to visit this place....the prices are a little expensive for what you get and the food isnt any better than what you get at Filbertos. At least the dinning room is nice, clean, and comfortable. (unlike many other places in AJ).",2
This is my second time here. I like the way they team up on my car if they have extra hands available and get it done fast. And they do a good job. I just got my car painted so I don't want the high pressure hoses used on it. They gladly accommodate by using the regular hose. They offered to bundle and save me money when I asked for a detail on the inside.,4
The Kona coffee is a personal favorite for my coffee for my hubby. We love the banana crepes and Monte Cristo. I also love the Chicken strip salad!,4
"This is the best pizza I've had in Phoenix. I don't say that lightly, I've eaten at pizzeria bianco, cibo, spinatos, pizza a metro, and the like. At Federal they use fresh ingredients and it was tasty. Hipsters have infiltrated this establishment though. So if you have a fear of hipsters this isn't the spot for you. The house-made wine coolers are nice as well.",5
"Ehhhhhhh.\nOverhyped in my opinion. I've tried it a couple of times at a couple of different locations but came away with the same impression: burgers - nothing special, good but not great; shakes - same; fries - meh.\nI'll give it another shot the next time I'm in Scottsdale and try to remember to order off the \""secret\"" menu. Maybe that's where the really good stuff is.",2
"Every time I go to Scottsdale, I have to come here for dinner. Since it is only about once a year, I HAVE to have the BBQ Salmon! It is consistantly awesome, I promise. We start with the queso dip and the iron skillet corn bread but honestly that salmon is a star and believe me I usually choose steak over fish. This is a winner. Where I live we have Houstons and I have pleaded with them to have the corn bread, cheese dip and BBQ salmon put on the menu. They have declined...pity.",5
"We had one of the best meals at Cleo last night. The staff and service were excellent. The lamb chap and all the tapas dishes we tried were tasty, creative and all a little different. I highly suggest people watching in the sls lobby as it's like a red carpet for the sexy youngsters heading out for a big night. See a much different Vegas crowd here like the palms when it opened.",5
"The burger was good, the fries were ok, but once you mentally process that they were deep fried in lard, then what was tasting really good turned into a really guilt-loaded dinner. But it is what it says it is. A truly American restaurant, proud of its decadence.",3
Was disappointed with this place. Thought pad thai was pretty standard but it lacked flavor here. It was pretty spicy but not that enjoyable. However the spring rolls were pretty good and I enjoyed the Thai iced tea. \n\nThe service was alright and the environment was nice and friendly but I don't think I will make it my staple thai place.,2
"The fianc\u00e9e and I stopped in for a little late night eating and we both walked out way happier then we thought we would.\nI got the carrot cheesecake and it was top notch. She ordered the hot fudge sundae and loved every bite.\nEven with the place packed, the server we had was fast and always on top of things. \nThis is going to be a place I go back to on the next Vegas trip",5
This is a really trendy hotel. The decor reminds me of Scandanavian Designs furniture. The room was awesome and I like the fact that all the rooms there are really suites. It was huge and the view was amazing since it was positioned at the south end of the strip -- make sure you get a floor close to the top. It was also cheap considering its amenities and size. I had a great time there and would definitely stay at this hotel again.,5
Place was disgusting! Room was dirty and the maid forgot to clean it before I got in. This made me so uncomfortable!!! Not recommended,1
"Vegetarian or not, your will love this place!\nThey serve reinvented classics as well as unique vegetarian et vegan dishes. \nI could pick randomnly anything on the menu and be happy!\n\nThe service is not always impeccable, but always very friendly!\n\nI highly recommend this place to anyone!",4
"Then you guys call me liars. Great way to handle yourselves professionally, I bought 2 drinks and some cheese sticks which I PAID FOR. the inexperienced \""emoloyees\"" are your real problem. You OFFER me a hit of your ice bowl gimmick then try and make me pay for it. What a joke.",1
"Home of the $1.50 burger!!! But their wings are really good, grilled or regular. Always a local crowd at the bar watching games on theor millions of screens. Bartenders are all very attentive, beer is cold. They have specials Tues and Wed. LIke half price wings and tacos. No complaints. Nice, homey joint. Oh and they have a $3 breakfast!! For the morning after.",3
UGH!! A Wolfgang Puck Chinese restaurant. Need I say more? I hate PF Chang's and any restaurant(s) resembling it. \n\nTake a good look at the clientele and you'll get an idea what sort of food you're about to eat.\n\nExpensive and not good. Why would anyone even consider eating here?,1
Great place for a quick bite. Not a place to linger after finishing your meal with another beer. \n\nService was not overly friendly but attentive. Sandwiches were perfect size for me. Did have the cheesesteak which was more like faux-meat pressed into a burger patty which would've been fine except it tasted about as good as it looked- meh. Will have to check out again next trip into town and make sure I get something besides the cheesesteak.,3
"Got my hair cut, styled & colored. Was ok but wasn't wowed or anything. Stylist didn't seem like she wanted to color my hair how I wanted it so had to do it something else. Came out ok but not totally I love with it..... Then she had to dye my hair twice because first time it didn't come out right. Service is great just didn't love my hair how it came out & definitely over priced.",3
Great salon tucked next to Fuego Bistro. I have been seeing Mara for years and I leave a happy customer every time. I love that she knows how I like my hair cut and make sure that I don't chop it all off. Mara offers fantastic hair cuts for a great price! She offers hair coloring services and she does amazing work. She's the best secret in Phoenix!,4
"I do enjoy the italian bread here, but there isn't enough meat, cheese or topping to enjoy it! I definitely hate to say it but subway is just on the NW corner off the 101 and Shea. Its pretty expensive and not very loaded with toppings.",2
"Meh.\n\nDon't get me wrong... Jimmy Buffet can be my friend. But Jimmy, let me tell you I won't be wasting away... or my money... again at Margaritaville.\n\nService was iffy... the food was even more questionable. A worse-than-cheezy cover band tried to \""entertain\"" from the stage.\n\nThe only good thing? I snagged a postcard out of our bill folder and sent it to my mom. She was thrilled to get a postcard from me in Vegas, so I scored some points in that area at least!",2
Went down there for compost and came home with compost AND delicious delicious bread! I can't wait to go back again.,5
"I really enjoy coming here! They have great lunch time specials, but try their vino bambino salad (ITS AMAZING). Their pizzas are really good too! For Dessert make sure to have their pizookie!",4
Loved it! I'm a little late trying Smashburger but it was worth the wait. I had the Mushroom Swiss burger and it was delicious! I would say it rivaled my favorite burger from Bachi Burger. The other burger we had was the Avacado club and that wasn't as good but still tasty. The meat was juicy and everything was very fresh. \n\nThe smash fries were good just wish they gave us a little bit more. I am very pleased and want to go back and try their milkshakes!,4
"The Pros: Inexpensive menu, fresh food, great malts, clean restaurant, friendly smiling employees, pepper bar. \n\nCons: Stale and not creative dining area, awkward layout in the dining room, seen before menu options, pre-made salad dressings.\n\nGood for a quick burger. In my opinion there are other burger options in town that I prefer.",3
"Went here because they had a sign that there was a brunch, turns out it's only Saturday and Sunday. The food was cafeteria like for $18 each. Good service from our waiter. You're killing me LVH with your restaurants, Benihanas was the only awesome restaurant. We are going elsewhere right now for dinner.",2
Chile Relleno is really good. It comes with the standard side of rice and beans which is nothing special. I have been there 4 times and have the same thing each time. Don't blink or you'll drive right past this place.,4
"Went to eat there for \""Brazilian Wednesday\"" and I was very disappointed. The only thing Brazilian was this gigantic piece of meat which did not look very appetizing. The ambience of the buffet is that of a hospital cafeteria, very depressing. The service was very good, but for 45$ for 2 people you're much better going somewhere else.",2
"Best Thai food I've ever had. Try the Northern Thai menu...it's very different from typical Thai fare. \n\nGreat Service. Convenient Location, even if you need to take a cab. \n\nDefinitely worth going.",5
"I agree with an earlier post the staff was extremely friendly and helpful and the restaurant is clean. Not fancy, but very clean. The food was too dry for me.",2
"Always has been a favorite! The management and staff have always been great and do whatever to keep you happy! There is not one bad food item on the menu and everything tastes so good it makes it hard to decide. Their Buffalo Mac and cheese is great, also a fan of their pretzel too. Also all the beer options will keep anyone satisfied.",5
"Cute shop with an old-timey feel to it. The popcorn is housed in these really nice wood and glass cases.\n\nUnfortunatley, it is not worth going out of your way for. I had better popcorn at PNC Park.\n\nIt would be great if they offered more choices in flavors and sampler gift tins or boxes.",3
got in free before 12am one wkend - the club is smaller than i expected like the dancefloor which is weird & crowded at times and hot lol theres other VIP rooms but the decor is nice,3
"I felt that this place was overpriced for what they served. We ordered a egg, cheese and sausage bagel and shared a blue berry scone. The bagel was huge and pre-made (it was wrapped in foil, straight out of a heat thingy). That made me sad, because it tasted pre-made and had no taste. The scone had no blue berries in it and also tasted bland. Needless to say we never went back there for breakfast or any type of meal.",2
"Went with my wife and 1 yr old. Odd that there was no hostess table. Perhaps they were under staffed today, but it took a while to be greeted and order taken.\n\nLarge coffee cups were very nice. Enjoyed the fresh coffee. I also liked the decor. \n\nTook forever for food to arrived. It was very good, but portions are small.\n\nI don't plan on going back again.",2
"Tuesday night is service industry night. I was in Vegas for my sister's 21st birthday. We met a guy who got us in at 11pm and wristbands for an hour of free drinks, Well drinks but my sis is 21 and was not complaining. Lavo is a tad on the smaller side but we had a BLAST! Great music to dance to. All of the bartenders were nice. I am sure some of the fun stuff came when we met some awesome Australian guys and sat in VIP with them most of the night too! :)",5
Holy Tequila! Luv the margaritas here! House margaritas are the best. I highly recommend the Cucumber margarita! Its cool and refreshing with the perfect amount of tequila. Great drink for the hot AZ summer! Tinga tacos are my absolutely favorite. Great crunchy chicken taco! Great place in OT for some awesome food and drinks. This is one of the best happy hour locations in town!,4
"Five stars because it's a place were comfort food meets a classy and friendly atmosphere, meets a perfect and very attentive service. The duck breast was spectacular, I'd totally recommend having the duck. It took them longer than expected to bring us the starters and they came separately, and they took them off the bill. We were definitely delighted by great food and a great service.",5
Best pizza in America? It was good but definitely not the best. Worth trying if there is no wait.,4
Mediocre at best. Overpriced grill chicken over rice. There's not even an option for brown rice. Was really excited was the reviews. This will be our first and last time here. Family of 4 cost about $30. Better off going to Braddah's Hawaiian food by Rainbow and Sahara. You won't be disappointed.,1
"Obnoxious place. Being from Wyoming, we have lots of authentic place like this. This was too much, disgusting and over the top. It was across from hotel so we thought we'd try it but i'd suggest you don't. Not fun, not authentic and crude. Don't waste your time or $. Bartenders were nice, that's it! Would have given 0 stars if possible.",1
"This is a good Gap outlet at times. Normally, we come out of this store empty-handed because the prices were too high. The last couple of times, though, we have found some good bargains in there clearance section.\n\nThe store is clean and organized. The employees are okay.",3
"I dunno, I was drunk when I got there. It's amateur night there every night! They have a mechanical bull. You might find yourself looking up at the sky wondering if it was 8 seconds. Trust me it wasnt.",2
"Can't go wrong with Brothers. Large airy bar that seems to be a great place to catch a game. Not as good as the Iowa location, but worth checking out.",3
"Use to be good, looks like the old guy who worked there before got shitty is no longer there. Disappointed.... Don't order from here",1
Friendly and helpful staff. Clean and well kept spaces for the pets. Ive been a pet owner/ foster parent my entire life and this is one of the overall best shelters i have been too. Highly recommend finding the new addition to your family here :),5
Yay for local babies! We got a smoking deal on a set of Dwell studio baby bedding here and stocked up on clothes and a few books. Awesome prices and the owner was friendly and helpful. We'll be back once the little one comes!,4
Really enjoyed this place! Had the raw veg salad with Tri-Tip...excellent! The person I was with had the chicken protein bowl with forbidden rice and sweet potato hash...also quite good. I will definitely be back on a regular basis...really nice to have a healthy food option for a lunch/dinner out!,5
After reading reviews I thought this would be a good place to drink at night but was I wrong! My boyfriend and I came in from so cal for spring training and the people who go to this bar look pretty trashy. There were these white trash older women dancing so ridiculously especially for their age. The bar both inside and out looked unfortunate; not as visually appealing as I was expecting.,2
Came with friends and had a great time. Food was amazing. Service was good. Will be back.,4
"we ate here for our last day in vegas. everyone was hung over and we needed some soup to make us feel better. i ordered the fire chicken wings which weren't spicy at all. but it wasn't bad. the dim sum was yummy because they had a good amount of shrimp inside. the duck noodle soup thing was ok. the duck was good. hot and sour soup- a bit spicy, too much pepper. and the chrysanthemum iced tea was delish.",3
Not even worth a review.. will not spend any energy on corporate scum that steals from the poor.. Spirit Airlines of the bus industry mixed with soul plane. WASTE OF $39 BUCKS! If theres ever a class action lawsuit I'm in.,1
"I had only been to the poolside before, but went to the club for the first time! The bouncers were actually friendly, making sure there was enough space to walk around. The sound system here is amazing! Fun to see some great DJs! \n\nTwo floors to the nightclub - the one upstairs is a lot larger!",4
OMG this guy is absolutely amazing I called him to make sure that he could fix my phone and I drove down and he was done within 10 minutes. My phone screen is crystal clear everything works just the same I would recommend this guy and this company to anyone hands-down.,5
*Bad service.\n*Food is awful.\n\nWings are overgrown thunder hormone injected wings. Wing flavors are not good. \nMini tacos were worst than Taco Bell. Not only they were awful but we found a blonde hair in our food and manager apologize to offer something on the menu. But at this point we didn't want to eat anything at this restaurant even if its free. My bill came out to 60.00. I love wings but it was so awful I didn't even want to take it home.,1
"Overpriced and underwhelming, I understand when green beans are called haricot verts they are going to be pricey but when you order a dish and they ask you what side you want and one of your options is haricot vert, please don't charge me $8. Let just seems wrong. It's located next to the ritz so I guess you can charge what ever you want but locals this is not the place for you. \n The server was more concerned with the employee meal she was sampling than our needs. Thanks but no thanks",1
I really like this place.\n\nAnywhere that serves fresh juices and great big bowls of soup is always great satisfaction and hits the spot every time :)\n\nA great place to stop by for lunch with friends or just a quick juice :),5
Yelp deal is a big sham. I did a togo of food on a Tuesday night and the guy at the counter says the manager wont accept it. He agrees after I read him the conditions and fine print from Yelp. An item in my order was also missing. Food is so-so. There are far better places for Indian food around.,1
standard typical hotel cafe fare. nothing to write home about really. caution: the juice is $5.50/glass. you've been warned.,3
"I really like the food here - it's well prepared with quality ingredients. Not much on atmosphere (unless you like dining on picnic benches under the glow of florescent lighting), so it's best to call ahead and take it home with you.",4
"Seemed like a good place to eat a first but as a first timer it's so confusing which side to order from. Just wanted a Caesar wrap and had to wait longer to order it from the \""hot\"" side. I'll just go to subway thanks.",1
I didn't even want to give this place a star. The bartenders were drunk. Clearly drunk. Doing shots with patrons. The old hag that did end up greeting us didn't even ask for our drink order just kind of stared at us in a drunken stupor. Luckily the other bartender grabbed our order and gave it to the clearly drunk bartender who rolled her eyes right in front of us. Rude as hell. Sorry I don't care how good the food is the service is shit.,1
"We came here one morning to grab a coffee before setting out to stuff our faces and then we came here another morning to grab some pastries before sitting beside the pool. The coffees were good both times. The key lime pie was so yummy. The dome of key lime was filled with raspberry puree/jelly and surrounded by fresh raspberries. The crust was like a crisp, shortbread cookie. I wish I tried more of the pastries.",3
Very healthy meals. The meal was cooked so well making me clean the plate easily. Thai iced tea is really good! We got summer sorting rolls for appetizer and it was so fresh and mouthful. Gorgeous setup as well. I had #17 and my partner had the pad Thai. It was delicious and the vegetables were completely fresh! Highly recommended,5
Good food. Great location. Good atmosphere (especially in the atrium) and great sangria. We will go back!,3
Yo! I got a burger and peanut butter milkshake here! How fuckin rad is that! Peanut butter milkshake son! Burger was rad too!,5
I give this Tommy's 3 stars only because it was clean and the employees are nice. We didn't care for the food at all. Maybe when back when we were kids or teens this food would have been better.,3
"Love this place!!\nWhen you go in wether it is to look or order they give you a slice of homemade bread with butter as your there!! I have had sandwiches, rolls and bread from here and they all are fantastic..\nThe service is always great and this time we were welcomed by the store owner in which he told us how they make the breads. They do the whole wheat there where in back they have an area where they grind the wheat etc by hand!!\nAwesome place and will always go back",5
"Best pool party in Vegas hands down. Back in the day Rehab was the spot now this is the go to. Great crowd, great Dj's.",5
"Very good buffet,allot of great fancy selection of food and salad and desserts,buetiful design and decor,good service and friendly...",4
Great service. The first reliable and honest mechanic I have encountered to date. Remember a mechanic u can trust is worth his weight in gold. Calfo's is one,5
Two stars just for the fun of it... but might be the dirtiest place I've seen...,2
"Friendly and excellent service, large polish selection! \n\nI called and made an appointment for the same day. I got their basic pedicure service, which was only $20 but they have $30 and $40 packages as well. \n\nWhat made a good impression on me is that they don't have the overpowering chemical smell as most nail places. Maybe it's because they are a full-service salon (mani/pedi, massage, hair salon, make-up, eyelash extensions)",5
"Three stars for the food, and an extra for the great margaritas;\n\nFood-wise, I left full but don't remember being too impressed based on the number on the receipt, but the service I had was good.\n\nThey've got a wide selection of tequilas to fit you budget or tastes, and the mix was pretty good, too.",4
"Dim Sum is not good at all. This restaurant is better than Dim Sum on Central. That is not really saying much. The dishes seem frozen and not fresh. The dim sum was bland and not much variety. I do not expect Charlotte to have the quality dim sum of large cities. However, I do expect the staple dim sums such as chicken feet, shrimp rice noodles and other to be at least good. However, they are not. Recommendations for dim sum is to drive to Atlanta.",2
"We are in Vegas on vacation and we always enjoy finding the local places to eat that you just can't find anywhere else. Yayo Taco was excellent!!! I'm pretty sure we ordered one of everything from the menu; the Pollo, the Camarones, the Texano and the Shanghi tacos were incredible!!! You gotta go...",5
"This is the first time I have ordered from them and I must admit I want too happy. They delivered in a timely manner, but the pizza wasn't very good. Hardly any cheese and my pizza was burnt :(. I also ordered wings and the sauce wasn't too flavorful. I will stick to my Rosatis. Sorry Barros you were not very good, at all.",2
"Be careful when you eat in this restaurant I was order ong choy it has grass in side the food they gave me an other plate the second plate it has more grass then the first plate .and the price so expensive , never again and i recommend don't go to this place .",1
The atmosphere is great. I went in on a Wednesday night and while everything else in Old Town was shutting down it was open and pretty busy. You can sit outside and even inside is pretty open which I liked. Servers are really nice too.\nThe reason I gave it two stars is because I ordered the Bruschetta. It was disgusting. Not only did it taste bad and the cheese taste old but it was oily. Made me sick for the next 12 hours. Burgers looked good though but I didn't have a chance to try it.,2
"This outlet location is okay. I liked that they had mens, womens, and kids clothes. I went during winter and they had a good amount of sweaters and jackets. The prices were reasonable but the store was pretty disorganized. Not a bad place to shop if you already know what you're looking for.",3
"As good as it gets. My family and I have been coming here for over 20 years, and will still be coming here for years to come. This restaurant sets itself off from the \""chain\"". Thank god it's not owned by the chain. The food here is true to hispanic culture, and very delicious. The service is fantastic, and friendly. However, the servers need to step it up a notch and get the food out faster. Will always be a fan.",4
"There are, in my opinion, several types of Mexican food.\nOne of them is the type that you stop by at 3 in the morning once you are done partying as another bad decision you are going to make that night. This is one of those places.\nThe food here was very disappointing and I couldn't even finish half of my huarache.\n\nThe redeeming point was their horchata, that was pretty good but then again I seem to like the horchata at am/pm so maybe I'm not the best judge of that.",3
Came here about a month ago and the frozen yogurt was good but I won't be coming back. There was a foul smell upon entering the shop and a bunch of gnats flying around the fresh fruit they had for toppings. It was a shame because my prior experiences were good but this was very off putting. I'll probably wait a long time before going back or find somewhere else...,2
This is the 2nd time we've come early enough but the hostess didn't want to seat us so we are going elsewhere ... $300 tab .... Your loads mutha fuckas !!!!,1
Having the Chicken Parmesan tonight. Very good as far as coffee shops go. Service was pretty good. Very busy tonight.,4
The wait was really long for dinner. I got the falafel plate and the hummus was overly salty and more of an applesauce consistency than a hummus spread. The flavor wasn't great. they were out of the spinach pie. The falafel was really dark and super spiced. Too strong of a favor for me. The salad was the highlight of the meal but not enough to keep me coming back.,2
"Wow, band start and our server left twenty minutes later. If you want quality food and any service, AVOID. You want a bar that is under staffed and has holes in the restroom walls, this is your spot. Band was great",1
"Staff is knowledgable and friendly. They have a big space, and hold lots of comic related event, but also gaming events for RPG's and CCG's. I visited all the comic shops when I moved here from NYC looking for a new on to feed my comic addiction, and Samurai is the one that I choose as the most real.",5
This place is your basic sports bar. Lots of TVs all tuned to sports. \n\nThe outdoor seating is on the sidewalk and facing East so you'll never get any direct sun.\n\nMy hamburger was TERRIBLE but the shoestring fries were great. \n\nMy girl Jacqui liked her entree.,2
"Unlike the previous review, I've ate here. 4-5 times, and each time I've had EXCELLENT food and service. Never had anything bad, free kids meal on the weekends with a paid adult, and the owners are extremely nice. Can't say anything bad about this place! If you're looking for a good place to eat that won't break the bank, this is the go to place.",5
"Fun B.B.Q. to visit in Kitchener-Waterloo.\n\nMy partner and I visited for lunch and enjoyed their \""family\"" pit platter, with sides of fresh cut fries, beer battered onion rings, cornbread, collard greens, coleslaw, et cetera, all washed down with Ontario craft brews. Wine list features very affordable Ontario wines.\n\nFriendly service, live music at nights, atmospheric decor. One can't go wrong dining/drinking here.",4
Friendly vibe and comfortable coaches. I had a tangerine or something iced tea that was delicious and thirst-busting. The staff was friendly and open. I went for the comedy open mic and had a lot of fun. There were some music open mic participants as well. Seems like a good place to go to either be alone or chat people up.,4
"It was just \""OK\"". In a strip mall. I think it caters to the younger, movie-going crowd. The food was bland. I had to wait over 10 minutes for salmon teryaki. I did not like the fact everything was served in styrofoam everything. I will not go back.",2
Tried it for the first time tonight and the service was fast and portion size generous.\n\nOrdered the steak and broccoli with brown rice. The steak was tasty but a bit grizzly and fatty. My wife had the chicken which was much better.\n\nBroccoli was good but the rice was mushy. W,2
"It's nice to see a shop exclusively for men on the high street that doesn't only sell suits!\nBurton fills a gap in the market for those too proud to go to Topman or too poor to go to Cruise. It's bang on!\n\nthe prices are pretty decent for what they sell, and the stuff is always on trend and pretty fashionable really. The staff are always really happy to help and really grounded, refreshigly so!\n\nPlus if you're a student, it's 10% off! woohoo",4
"made an apointment for a wellcheck for my daughter, was never told anything was wrong with her, no special treatment seemed to be given but when i got the bill from my insurance company they had billed my insurance company for a sick visit instead. \n\nhas this happened to anyone else ? \n\nno problem with the actual care at the facility.",2
"No longer my favorite as they limit their wifi on weekends! The two stars are for the wifi, not for the coffee. While everything else stays the same, their service for providing a cozy study spot is no longer excellent! Two stars for the wifi, as they still provides wifi started at 2 PM.",2
"This place is amazing and our favorite waiter, Tommy, makes it even better! We have been here many times and every time Tommy has a smile on his face. I request him every time. Food is great, love everything on the menu.",5
For the price and location not a bad value. But I wouldn't stay here again. I saw check-in lines go well over an hour during my stay. It looked like the airport TSA line on a bad day. Just wouldn't be worth it to start a weekend with that experience.,2
The only factor that made this place ever worth mentioning in a posiitive manner it's the Mgr. Alex. He treats people with nothing but respect. He does what he has to yet leaves me with more dignity than any type of subcontracted company that is yet anotehr tool of the system. I was there when he prevented a guy from physically attacking one of the other employees without any force. He knows how to handle himself professionally while respecting the community.,1
"This is coming from someone with a Lebanese background, this is hands down one of my favourite Lebanese restaurants (outside of Lebanon lol)! A bit pricey but definitely worth it! Staff are super nice, food is super amazing!\nI HIGHLY recommend this place",5
"Things to get at Kona Grill.\nMacadamia Nut Crusted Chicken.\n\nThings not to get at Kona Grill.\nEverything else. \n\nPros: Watching people who think they're at the coolest spot in town, but don't know they're not. \n\nCons: Watching people who think they're at the coolest spot in town, but don't know they're not. \n\nMisc.: Basement like atmosphere. Car fumes. Families (ugh, i.e., CHILDREN). You're still in a mall. \n\nAloha Kona. Aloha. Mele Kelikimaka. Mahalo. Magnum P.I.",2
"Great experience!!! I hadn't tried the Mesa location yet and I went in for a yummy bowl of pasta and left not only satisfied, but incredibly grateful for my wonderful bartender/server! If you make it into this location make sure you ask for Ashley! She is fun and spunky and fast on her feet. She knew all the regulars and her smile was contagious! Best experience at Oregano's by far. I will be back for the Big Rig and Ashley.",4
"I've eaten at Hubbard Ave Diner many times. Great pie, good service, average food, really inconsistent execution by the kitchen. If they aren't busy, you've got a good chance to have your order arrive correct (as in get what you ordered as you ordered it) and hot. If they are busy, forget it. They really need to have an expediter in the kitchen.",2
"Jim Barker, Debbie Wilson and Ashley Ford. Avoid! My loan went pass the date and the sellers are pissed and put in a 3 day cure notice. Now they are asking for items that they should of asked for weeks ago. I don't think they even open the Email that I sent them, unprofessional and I will probably lose this house and money because of there mistakes. Process was the worst, thank God we got the house",1
"This place could be excellent but they fail in the small details. First off the staff is not very friendly and we had a bad waitress, very impatient. The food is good but it is hard to lay out good money for an attitude when there is three more great places to eat in Belmont .",2
"booked a spray tan here after a visit to the highlands and before my train back to London. greeted by a cheerless young lady who made no attempt to chat, rushed the treatment, told me i could only dry off for half the time i requested (despite no evidence of other customers waiting for the room). having taken payment she didnt even say goodbye or help me struggle through the doors with all my luggage. a miserable even hostile attitude to a new customer (who certainly wont be returning).",1
"Very poor service at the jewelry counter...I stood there 5 minutes before the clerk \""Sammy\"" even acknowledged my presents. He was walking around the store talking to co-workers. A simple \""I'll be with you in a moment\"" would be a big plus! When he finally did come over to help me he wasn't very knowledgeable about his own merchandise. But he did have very fresh minty breath though...just saying.",2
"Mac n Cheese was damn good. Homemade bleu cheese was even better. Service was a little weak, but overall the dive bar/ lounge atmosphere and great beer selections are solid.\n\nWish they would expand the menu",4
"Devoured is an event we'll do every year. Some of the greatest restaurants show off their skills here in an effort to woo those in the PHX area to their establishments. Rarely do you see a sub par restaurant showcasing their skills.\n\nWhen you have an opportunity to sample from the likes of Kai, Citizen Public House, etc... take it and run for dear life.",4
Great atmosphere. Hilarious menu text. This place has real character and fantastic food to match. The back patio is fabulous.,5
"No! Absolutely not! Never, ever again! I live in town and wanted to spend an evening downtown - walk around Fremont, get polluted, etc... and decided to get a room here. This is NOT the place to stay! The casino floor is nice, the bars are decent, but unfortunately the rooms include FREE BED BUGS! Took a cab home at 3am, and no... they would not refund the room cost.",1
"You can't go wrong with a salad from Wendy's! I also love their Value Meal Chicken sandwiches. I really like their \""pick 2\"" menu....allows for a healthy salad and a little treat like fries or a shake on the side! When I want to grab something quick...Wendy's is always at the top of my list of considerations!",3
"Nice place for a drink, with good views for people watching. Had the lobster mac and cheese, which was very tasty, with four cheeses and a decent amount of lobster. Beers were a bit overpriced. Live piano music was nice, but it was extremely to loud. Service was good. Would go back again.",3
I used to love this store but it has really gone down hill the last 3 years. My last three visits to the archery counter keep getting worse and after Saturdays poor service I have had enough and won't be back.,1
"I ate at Harley's for the first time last night. The staff was wonderful, but the food was a complete dissapointment. I ordered the special it was a pasta/chicken dish drowned in a gorgonzola mushroom sauce. The sauce was far too rich and overpowered any other flavor in the dish. I expected a lot from Harley's because it had been highly recommended by several people that I know. I'm not giving up because the waiter was excellent so maybe it was just an off night.",2
"This place really sucks. Wish it would get out of Lawrenceville. No character, terrible food, and rude servers. Belongs in Station Square with the drunk suckers.",1
New ownership is awful. The comfy chairs are gone and the nail stations are so small and very outdated and used. Miss Patrick and Sandy and all of the crew. The prices are higher and the new owner does not have a personality. I heard it is the same owners of the nail salon next to Starbucks that we all hated. I think the new stations also went there. The nail tech did not even use sterilized tools on my nails. This is an awful change!!! I have been going here for 3 years.,1
"Was there Saturday night and was able to walk in with no reservations. Appetizers were great. Ordered the filet but was under cooked. The waiter took it back but came back stil undercooked. Other than that, all the rest of food was awesome. Staff was friendly. Manager took of the filet of the bill and then offered us coffee and desert on the house. Went the extra mile to make sure we were happy. Nice place away from heavy traffic of the strip. Will be back.",4
"The first time I ate at Nourish I was unimpressed. I wanted to like it so much that I went back, but I left feeling the same way. I have food allergies and believe that healthy, vegan, gluten free food can and should taste good. Aside from the sweet potato and avocado salad everything my husband or I tried was very bland and unsatisfying. I left wanting more..",2
"Their fried rice sucks and is flavorless.\nTheir beans suck and are flavorless.\nTheir meats are hit and miss... the Jade Chicken is very good, but some of their meats are a bit flavorless.\nI guess if you got the meats in a quesadilla, or burrito or whatever, it might be better. Some people love this place, some people HATE IT. Your mileage may vary. It's worth trying, even if just for the uniqueness of the place.",3
"We were scheduled with a 4hr layover and then delayed ON TOP of that by and hour and a half. They decided to change to a bigger plane and then did not have qualified Crew to fly it!!!\n\nNot impressed, not happy and a crappy start to vacation.",1
I tried this place after seeing it in the loafer so many times with rave reviews. I enjoyed my burger and fries although my guest didn't so much. I will note that they DO NOT have air conditioning. I was melting...,3
"By far one of the best hotels I have ever stayed at! The service was amazing, the food was delicious and the staff go above and beyond. We booked 15 rooms with them for a conference. They assisted in early check ins, moved people around and even had two real, no pack and play, cribs! They were amazing! Even little baskets with organic shampoo, diapers and lotion. I can't say enough good things. Worth every dollar!!!",5
I freaking love this place! Their Arizona Burrito with chicken is amazing! My favorite little hole in the wall Mexican restaurant!,5
"My golly I had such a good time here. The entertainment is top-notch, hysterical and definitely worth the $5 cover. The drinks are cheap and never ending. There is plenty of seating (but it's still super packed). Houses a diverse crowd of people, and everyone seems to have a great time. They only play well-known jams, so don't drop any money if you wanna hear something eclectic like my buddy did. Otherwise sip a few and sing something reminiscent with your pals.",5
Made a reservation for 7:15pm. Got there at 7:20. Was super loud!!!! Was told I could be seated and then given a pager and told it would be a 5 minute wait. 30 minutes later I still wasn't seated and I gave back the pager and left. WTF? Why make a reservation if it is meaningless???\nI'm over overrated noisey overpriced Fox restaurants. Bye bye,1
Beste Qualit\u00e4t und die Preis Leistung stimmt einfach. Besser geht es nicht.,5
"One star is very generous for this place. I paid for a executive room with fridge and microwave but that did not happen. The front desk was rude, the room smelt awful, and the bed was very uncomfortable. Also the free breakfast was a joke, it was super cold and gross! Never stay here!!!",1
"Stale bread, water glass unrefilled. Stuffed mushrooms undistinguished. Bolognese spagetti sauce with no depth. Portions large. No reason to go back.",2
"Horrible burger. Pale color, no flavor, pretty bun but very greasy. Fries were delicious, fresh and hot. Service was ok. For a place called burger anything you'd expect good burgers. This isn't it.",2
"The food is great however when picking up to go, it's kind of a pain. You have to go to the bar which is usually busy and wait until you can get someone's attention. When I came I finally got someone's attention after 5 min only to be told someone else does the to go orders and she will go find him. Took over 5 more min for him to come however he served the people sitting at the bar before me. Not sure we will order to go again.",3
All you can eat prime rib for $15.99 Yeah cheap but do not expect to get the 2nd plate. You will hardly find the waitress when you need them to get your 2nd serve. They will give you attitude so you will feel bad to order your second one. Food serve in cold. They will embarrass you if you order your 3rd plate. (I saw it happen to customer next to my table). DO NOT get Trap by their cheap price!!!! Not worth of the money at all.,1
Its Chilis and you know what you are getting before you walk thru the door. I like the chicken enchilada soup and ceasar salad. I had to wait for my soup because they were making more and when I did get it...well it was so watery that I didnt eat it. My salald was good. Sat in the bar and the batender was friendly.,2
Great place! Everyone was so nice!! My 2 yr old is usually a nightmare in the chair. But after a rough few minutes (and a different movie) he was great. It was like a miracle. And his haircut is adorable. They did a great job. Would definitely recommend it.,4
This place is really gross. The boba tastes too chalky and it's definitely not wort more than $5. Over priced. Save yourself the woe and just drive to Chinatown.,1
"Love this place...love the vibe,warm colors,cold beer and friendly staff...we like to sit at bar to get a lot of inside scoop of what's hot and what's not on the strip...beleive me,bartenders know all...pub spots are killer as well as the fish and chips,oh and don't forget the truffle fries that absoutly one my favorite dishes ever.\nOverall-Good Pull",4
We went for Happy Hour last week so I can only comment on the drinks. I rarely drink liquor but the Spa caught my eye so I gave it a shot. Order it! So delicious!\n\nNeed to come back for breakfast - the menu looks awesome.,4
I am sorry to say but it's the worst indian food I have ever had. The food is not fresh and tasted as if it was from previous day's buffet. I am from india and can tell easily by eating indian food if it's fresh or not. Waste of money at this place.,1
"If you can't decide on a lunch spot come to Pizza Brutta. Don't think about it. Just do it. \n\nWhen you get here order at the counter. It doesn't really matter what you order because it's all delicious but I suggest a Rossoverde pie and the caprese salad. Wash it down with a Dale's Pale Ale.\n \n Service is always fast and courteous so don't forget to drop a few bucks in the tip jar. After all, you're eating delicious food for a really low price point. Don't be stingy.",5
"I recently went there for lunch. I was seated promptly, then forgotten about for a solid five minutes while other around me where taken care of by their servers. They were seated after me. When my server arrived I informed her that I felt forgotten. Instead of apologizing, she blamed a large group as the cause of my delay. Wrong. It shows a systematic problem with their service training. I will not be going back to this Chilis.",1
This place is super. It's has great big windows and plenty smiles to go around. The staff is very helpful and the food was great. I had the sweet potato pancakes which rocked and tasted the biscuits gravy which were also way above par. The place is clean. Well staffed. Good food and near my house which makes it a 5 star place for me !,5
"good selction of beer, but the service was blah. food was not great, but sort of expect if from a more bar setting. someone put a lot of money into the place, but they should care a bit more about what they put out now...",2
Excellent food and service. Love this place! We had the enchiladas with steak The guacamole was yummy too. This is now my favorite Mexican resturant!!!,5
"Three words: $5 RESORT FEE. What is a $5 resort fee you ask? Some made-up, #$%^&* charge they tack onto your bill because they realized that they didn't REALLY want to charge you what they advertised on their website.",1
everytime I come this weekend and its clean and I love the bathroom it smells like candy and the water is warm great customer service quick,5
Service was good. Clam chowders are delicious but oysters were a let down. They were different sizes and flavors. I also wouldn't order the crab legs. They were pretty average. There is a dish (called roasted crab with sauce?) that is very good. I would recommend that and the chowders.,3
"Yummy Mexican food, but the atmosphere feels like a chain. Still worth it for the chips and salsa. This one is really close to Scottsdale Fashion Square mall.",4
"There aren't that many places open for lunch at Mandalay, so I was surprised that this place wasn't more crowded. There is nothing special about this place, but just a quick place to drop in and get something to eat. The orange chicken was decent, but nothing worth coming back for.",3
Had hungry howies twice and this is really really good pizza for the price. Out of all the places that deliver in Tempe I think this Is the best. Love their crust- we get the butter cheese and its delicious! The price is really good and they deliver quickly.,4
"Very friendly, warm atmosphere at this location.. The skill level of the therapists is A One. the laser hair removal is PAIN free. Massage and facials could,t get better. It is a must to try.",5
There is always good stuff to find at the Maxx. This store is a great way to kill an hour looking for something and end up spending 10 bucks.,4
This place is awesome! Great for vegetarians. HUGE selection! Staff was very friendly. Super fast. And if you are not a vegetarian don't trip. They got your back too! They have hot meals too. Try the shitake mushroom roll. Its amazing.,5
"Prix \u00e9lev\u00e9 pour le type de nourriture. Par contre, la qualit\u00e9 des produits ainsi que le go\u00fbt sont au rendez-vous!",3
Reasonable price for the engine swap but the guy who's in the front desk don't know how to do customer service. Owner is known to be good for swaps but the front desk guy don't know how to do customer service and pretends to know shit,3
"Stopped in to this joint for lunch one day and ordered brisket. They had pulled it for sandwiches, instead of slicing it. Was stringy and tough. May try again later, may not. \n\nMy quest for good brisket in the valley continues. So far Famous Dave's is my top choice.",2
"There are maybe a handful of restaurants I pretty much only go to with my grandmother ... this is one of them. How can you hate on a place that your grandmother loves? \n\nPersonally, I think she loves it because it's easy, reliable and never so crowded that you can't have a conversation. You can be casual and show up without a reservation, yet the wait staff is always on their game. \n\nAs for the food, the Bourbon Street Pasta is crave-able.",4
Heard about this place opening on yahoo and had to go check it out. I saw the owner compete on food network years ago and have always wanted try his pizza. The pizza defiantly didn't disappoint. Plus it was free on top of that cause they were running trials at that time. I love how they are revamping the down town area and this place if defiantly is a must if you coming to vegas or you're from Vegas.,5
Pretty new yet to area.... But this mall is ok for what you need. There's plenty of options and it's always pretty clean:),5
"I've tried this place 3 times now, and well, it just doesn't live up to its hype. It is trendy, clean, decorated nicely, located strategically, and the service is good. But for me, the food is just \""eh ok\"", the special martinis are just \""eh ok\"", and its pricey.",2
"omg. sitting in the bar because they had no seating in main diningroom. menus flung onto the table, no greeting from server. when i mentioned it to the server. she gets an attitude. food comes out, cold and unappetizing.... having to listen to a guy at the next table scream, use the f bomb every other sentence.\nmanager did bring our hot food out personally so we got to talk. this is not the place i remember to come and dine and enjoy........",1
"If for whatever reason you are in Mt. Horeb and you aren't there to visit the Mustard Museum, you need to go to it.\nIt is insane how much mustard there is... over 4,400! I had a hard time not walking away with a basket full of mustards. If you are looking for that hard to find mustard you love or a great gift you someone it is a must visit.",4
"The custard is good. We are always satisfied with the selection. I enjoy the root beer floats, french fries and onion rings there.",3
"Seriously - more than one entrance would be nice.....y'know, like one that didn't require me parking in the middle of the parking lot and then walking around 10+ stores and restaurants in the 100+ degree sun simply to get to the entrance.\n\nThat said, overall a very nice theater once you get inside, and with an IMAX to boot I'm sure I'll be back regardless of how assinine the process of getting inside is.",4
It's very hard to find decent Chinese food in Phoenix and this place is your standard fare. The house chicken and vegetable chow mein were very good as well as the vegetable spring roll. They're set up in what looks like a banquet hall which is a little weird at first but I do like how open it is. Definitely come with a group and order a few plates to share. We couldn't finish the two dishes between us - tons of left overs!,4
"Qdoba is ok. Same idea as Chipotle Grill, but, in my opinion, the food just doesn't taste as good. The burritos don't have that magic ingredient that makes me want to return. And I did not dig the decorating scheme - especially the concrete floors and metal tables. It feels cold and dark, even in the summer.",3
"Love this little place! Really friendly and cozy environment, lovely home-made food, and milkshakes! I split a panini and wrap with my friend (can't remember which ones) and they were both delicious and came with nice side-salads. Service was quick and easy and they have yummy home-made desserts.",4
It was disaster. Bread was hard and burnt. One dish was served and three others waited more than five minutes for their meal. Manager gave a free desert for the service. We thought that was anice gesture until we got our check. Al items were marked up $8.00.can you believe it could be this bad?,1
"The food is good which is the best part, I had the endless shrimp (shrimp alfredo x 2, breaded shrimp and shrimp scampi). The worst part is the wait to be seated and served. You have to wait 30 minutes to get seated and then another 15 minutes to be served. They need better service to get a higher rating from me. The food as I said above is very good and hot and once we were served, the service was decent. The cheddar biscuits that you receive after you are seated are excellent.",3
"Been here before food is ok not the best sushi rolls in town for sure . This time I sat at the bar And sushi chefs were totally out of touch and I practically had to yell at them to get my rolls, but the retarded thing is me and my friend were the only guys at the freaking bar.",1
"I can't even think to give this place a one star let alone half. The most gross food I have ate in Vegas!!they say angus meat and fresh patted daily, big ass lie! Seem the lady pull it out of a plastic bag. And it tasted awful. The service is rude dirty looking people. The table was sticky, floors looked dirty.\nSave yourself the energy, gas money, and time go somewhere else I think health department would shut this place down!",1
"Tried this place a couple of times too many. It's just not that great. Pizza, salads, garlic knots... none of it stands out. Wouldn't try it again even for free. Much better places out there.",2
"This place is cute! I've come here a few times on the weekends, and have never had a bad experience. I will say, it's nothing out of the ordinary. No magic coffee or special food that puts it above and beyond the competition...but no complaints either! I DID try their BLTA (bacon, lettuce, tomato, avocado) sandwich, and it was heavenly. Would definitely order it again. They have a nice patio are where you can bring your dogs and sit and read the paper, or chat with friends. Pretty cool place!",3
"Not four seasons worthy! Food was salty and amateurish, as was the staff. the transition from the bar to the restaurant was awkward. Our sides came after the main dish had been eaten and they were the wrong side dishes, which might have been ok if the entire salt shaker had not been dumped into it! The only saving grace was the manager who realized how awful the service and food were. Don't bother driving that far north, stop when you get to Mastro's.",2
I was in the area so I tried out royal cleaners. A bit pricey I think.....the 2 out of 3 pairs of shorts I had them repair (buttons) have came off again. Being that they weren't cheap I expected a much better job,2
Ewwww! I drive by this place everyday. Thought I would give it a shot today. I took 2 bites and had to throw the rest away. I will never come here again. The owners should be embarrassed to serve this slop. I wish I could get my $7 back.,1
I enjoyed my experience very much. If I lived closer I would be there often. Great happy hour. Should consider opening a seperate location in Summerlin that does tapas. I would be there.,4
Beer was okay.... Couldn't find anything on the menu that wasn't fried or full of bread. My friend ordered a pizza and it came out wrong three times.,2
"Terrible first experience. We were so fired up for this place, but dinner was a total letdown.\n\n1) One person's dinner showed up a half hour after everyone else's. Inexcusable.\n2) No Pho. \""We ran out.\"" Whaaaaaaat?\n3) Overpriced. Significantly.\n4) Out of way too many items on the food/drink menu.\n\nPositives: really cute place, great menu with lots of variety. Some fine-tuning might be able to fix the problems. Good luck, Rice Paper.",1
"OMFG!!!!!\n\nKinda glad I don't live anywhere near this place! I'd be as big as a house. THe donuts are AMAZING!!!!! The Elvis and the Banana Cream Pie are every bit as delicious as they are beautiful. Just wish the one with the dates and blu cheese had more of a blu cheese punch. \n\nWhile the donuts are amazing, give their coffee a try! The chocolate macadamia coffee has developed into a new addiction!",5
we are huge fans of their reverse happy hour on sundays. we get great service and are out of there before the uppity crowd arrives for some fool-snobbery. ra is a great sushi staple in the valley.,4
"Pros: Clean basic rooms (the adjacent door was convenient), free WIFI, good location on the strip - especially good since it was right where the finish line for the Rock N Roll Half Marathon! Woot. \n\nCons: Wasn't the biggest fan of the lobby...found it a bit dimly lit, not lively, and didn't put me in the best mood.",3
"Good vegan junk food. Honestly, stay away from the healthier-sounding items - most of it that I've had tastes nowhere near as good as the sauce-drenched fried seitan sandwiches.",4
"Two stars at best! If your going for Frozen Hot Chocolate you'll be fine. Service good, food mediocre... They messed up seared Ahi, and it took 10 minutes to remake, it came back out on an app plate...incorrect and then took another 5 minutes to re-plate. I have had best food and managerial attention (had non here) from Denny's. Thanks Serendipity! Don't try to make a mint from a name...try some customer service please.",1
"Great ice cream, great prices! Quaint little ice cream shop. Our family of six each had a yummy dessert for under $20!",5
"Last two visits, very poor, rude service. Very disappointing. I will not be back for a long time, need to get the bad taste out of my mouth.",2
"What a disappointment. Saw on facebook that their fall produce stand was now open. Arrived to a few buckets of greens, one box of potatoes, pumpkins and jars of salsa, butters and a few other things. No one so much as greeted us or tried to assist us. We could not have purchased anything even if we had wanted to.",1
"This is one of our favorite places to go. Good food, love the omelets and of course the bacon. Good coffee. Service can depend on who's area you are seated in, but over all we haven't had a bad experience. Make sure if you go at lunch that you order before any big groups, it can take a while.",4
"I've been here twice and the food is great! But what makes this place even better is the service. They go above and beyond and just make the overall environment and experience delightful! Very clean restaurant, friendly staff and great food. This one is great to revisit.",4
"Heuuu... Que dire? Le resto est tr\u00e8s vieillot, aucun style \u00e0 l'int\u00e9rieur. Le service est moyen. La nourriture est assez ordinaire. Le seul point positif selon moi c'est qu'il est ouvert toute la nuit, les d\u00e9jeuner sont 24h et la livraison se fait jusqu'\u00e0 6h am! Quand m\u00eame...",2
"this place is not scary, as some yelp reviews stated. my one year old daughter had a blast running around and dancing in the booth. the waitresses we had were all very nice. i loved the wings, crispy goodness, and the original boli was tasty. it must be the dough they make daily. very good. my daughter loved the fried mac n cheese wedges :) i would def. go back, next time i want to try the pizza, it looked awesome!",3
These rooms are clean and dead on the strip. There is plenty to do and a good number of restraunts to choose from. We ate at the Rain Forest cafe and L'Atelier de Jo\u00ebl Robuchon. Plenty of tables and slot machines and Studio 54 and the west wing Bar were fun and entertaining. I think it is cute to have the Lion display and I love how this was the last stop on the monorail. The structure is easy to navigate thru as well.,4
"Loved it!\nVery nice place for a Sunday afternoon lunch.\nSweet and sour chicken was very tasty.\nEverything was fresh and HOT!\nGreat value,lots of food for the money. Has lunch menu every day.\nWill return for sure.",4
It's a decently good sized store with lots of cheap stuff that is almost fashionable. There were lots of people in the store and people buying quite a bit of clothes. Not certain why I ended up dropping dough but somehow I felt like I just needed to have something new to carry around and bring home I guess.,3
"If I have a Thai food craving and don't feel like driving to Lotus of Siam, Archi's satisfies the craving. You're not gonna find out of this world dishes, but the kind of dishes that have become staples of Thai food found in America. Service is always prompt and attentive and it's speedy when you're ordering takeout.",4
Great addition to the neighborhood. Good food & coffee. I wish they had longer hours because I like to eat lunch at 3:30. Or a mid afternoon tea & pastry.,4
"I love this place too, I also want to support them. Best service and delicious food",5
sehr lecker. Quzo und Knoblauch Pita zur Begr\u00fcssung. Lik\u00f6r nach dem essen. griechische Musik. grosser getrennter Raucherbereich. Und noch ein Quzo zur Rechnung. hicks,5
"Went there for a birthday party - the service was pretty ok. But the food serving was just unsatisfactory for the price. For the same price, I could have gotten a similar order but twice as much food. Nice location - but the kitchen needs to get on top of things.",3
Not sure what all of the fuss is about. Overpriced foods that I can make at home. The only thing I would actually pay for again is the green smoothie. Oh and the jicama fries are terrible.,3
"Denny's with more parking than the one on the strip. Service is still horrible, a standard Denny's signature service marker. Nothing else really different, other than the fact that you're in Las Vegas and probably need to sober up before your long drive home. It gets the job done as you would expect.",2
"this is easily my favourite place to eat in montreal, let alone the best thai i've ever had. everytime i order a veggie pad thai elsewhere, i constantly compare it to bangkok and how i'd just rather be sitting in that depressing foodcourt.",5
"Not that great, very busy and it seemed every store I entered was out of what I was looking for. Parking is horrible as well. I don't plan on ever going back to this place. I gave it two stars instead of one since the misters are nice in the summer.",2
"No words can describe how much I love this place!! Went here on a recent trip to the area, I was only in town for 4 days and had to go back twice! Growing up in a small town I always miss the breakfast place where everyone knows everyone and the servers know your order as soon as you walk in. This is that place!! The food is simple and classic.... except for the POT O BREAD!! Such a simple idea, and yet so good!!",5
"The store near Bell and 7th St. was filthy.\nThe employee making the pizza obviously had a cold or sniffles or something. Repeatedly touched his face and handled the food.\n\nMy slice of pizza was very good.\nBut the utensils were all soiled, the tables were dirty, windows dirty, etc.\n\nBeen to this and other Ray's pizza locations many times.",2
"AHHHH - I LOVE THIS PLACE.\nWhenever someone goes to Phoenix, I always tell them to hit up Culinary Dropout.\n\nFood - \nBest Prime Rib Dip Sandwich in the US. Love it, can't order anything else.\n\nDrinks - \nMarg on the rocks with a shot of Guinness Beer. Can't even thinking about having margs any other way any more.",5
"It was ok...Nothing special. I ordered an italian sub, and it was served on a bun/roll...not the Italian bread that I'm used to. I should have just gone to Jimmy Johns.",2
"We got in for free from Social House upstairs, but left pretty quickly. The club is rather small, and when we were there, it was pretty empty. I certainly wouldn't pay to come in here.",2
"This place is the best! They have a great selection of flavors that they change daily, I think.\n\nPlus it's locally owned, so that's good.",4
"Just had a GREaT experience here... I was yelled at, cursed at, watched ppl get punched, and had a very good cheeseburger at the same time. It was a lot of fun. The burger was really good for a grill & the homemade chips were off the charts! The grill was filled with men who enjoyed being yelled at by the female owner! Good times & good food! Don't take young kids",4
Huge club full of beautiful-looking girls and the creepers who like to pray on them. \n\nGot here early around 11pm and was able to get in under 30 minutes! \n\nA little on the pricey side. Guys are 75 bucks and girls 35 on the Saturday night we went.,3
"Pizza was good, a little pricy for pizza. Hubby was disappointed they don't serve beer, or coffee. Decent service just wasn`t expecting to spend $100+ on wings and 2 pizzas.",3
"It's a PITA to get in if you're with all guys as they allow only 1:1 male:female ratio. This is great because women outnumber the guys, and there is nothing worse than going into a club and being surrounded by guys (unless that's your thing). It get extremely crowded even though there are 3 different areas of the club. Tao Beach has a great view. Overall a decent Vegas club.",3
Fun pool atmosphere! Good music & wonderful staff. The property in general needs to be unkept better though!,3
"Uncle bears is pretty standard as far as breweries go. The food was what you would expect, filling and somewhat greasy. The service was great, she was very patient with me wanting to try multiple beers before picking one that I liked. It's also pretty cool that they allow dogs on the patio! San tan and four peaks are better, but overall it wasn't a bad place.",4
"Nice rooftop deck. They don't have many beers, but some different mix drinks made up for it.",3
"Trashy dive bar,.gross skanky waitresses who think they are hot,mediocre food, terrible service, only good thing is cheap drinks during happy hour.Also rude doorman.Not worth it.",1
"My family and I have been going to Balkan Bakery for two years now and its a great place for fresh baked bread. Jay is always so helpful and nice. They do run out of bread early, so get there fast.",5
"Had to wait 25 minutes to eat, which isn't a big deal, but my girlfriend and I were forgot about and skipped multiple times. Also the hostess had an attitude about it... We were sat with no silver wear. How am I supposed to eat my food, man? Good pizza, but a D- for the customer service. I'm sure there's a BJs somewhere else in town that can do you better.",2
"Very comfortable spot with a great drink selection, especially the beers on tap. I love the dungeon vibe in here, even though the brick is a facade. In fact, that's the only reason I'm taking a star off. I can pretend it's real, but would it kill this city to invest in authentic building materials? First styrofoam covered in marble and now this. When I review Grimaldi's in Summerlin, I'll be sure to deduct a star for their fake brick too. But I digress...",4
"So I've been looking for a great smoothie spot in Downtown Pittsburgh and finally found this place!!! A great selection of smoothies and the best bunch of add-ins I've seen in the city! Great for when you need a boost of any kind, and more natural than the bulk of what you'll get at any other spot nearby. Plus: the one dood with glasses is as nice as could be:) Definitely stop by!",5
"Same Kyoto bowl, in fact it was a time warp going in. I had not been to one in years, looks the same, but well worn. Food is still good, but a bit pricey for what you get.",3
So so food. Had to send back a sandwich twice. But they were very nice about it. I agree with who ever posted the comment a few weeks ago about them putting up stickers blighting the neighborhood on street signs and light poles.,2
"Great subs, but the place is filthy. Horrible service. Check out another location instead of this one. I've never seen food service staff move so quickly as when you walk in here at 20 mins. till closing time. They want you to inhale your food and get out. The have horrible Sunday hours too (close at 6 pm)",2
"We agree with all those who say Sasha is wonderful. We travel frequently on business and we try to find juice bars wherever we go. In Phoenix they are very limited and this is a good one. Sasha went out of her way to make sure we had our juices the way we wanted them and having just finished a trade show, we were very grateful. They were tasty, too! Drinking green juices and smoothies really makes a difference in our health so again, very grateful.",5
"Five of us had an A-OK lunch. I would go back. I would recommend it to friends and non-friends. They've done an excellent job with the design. The waitress was right on top of her game and friendly without being our best friend (which I almost never can stand). Did it knock my flip-flops off? No, but I was still a happy diner.",3
"not a big fan of chain sushi restaurants, this place falls into that category. This a cookie cutter sushi place. I went here only because someone else was paying. If I'm paying I usually spring for more quality where the chef puts a little more soul into his craft. If you want better sushi try a real sushi bar.",2
"Disappointment comes in small portions: I understand what they are trying to achieve. I understand they would like me to order 5-6 items, but I have no desire to spend anything over $50 for lunch. The sangria was the only morsel of hope for me to ever return. Having all the potential in the world, they could make this place fantastic. Considering my guest and I were the only ones eating in the middle of lunch hour I am positive that we are not the only ones who feel this way.",1
The ramen and the fried rise are amazing the only bad thing is the service was rude,4
"If this is your first Cirque Du Soleil show you'll probably enjoy it, it's a nice mix of their previous shows. But if you've been to previous shows like I have since Nouvelle Experience, you won't be as impressed. Their soundtrack is just ok. Prefer others. But I do think it's better than Dralion, which I felt was an overpriced for a Chinese acrobats show. \n\nUsually pretty easy to get tickets.",3
Great place with great seats. However they have a kinda scam going with the VIP seating thing. They charge a premium for these seats yet don't enforce the seating policy. So why pay extra when everyone just sits where they want anyway?\n\nIt's a mistake to park below the Epicentre complex as the traffic flow is terrible. Took us forever to get out. Next time we'll walk from a nicer parking area.,4
"This place is as bad to be expected! \n\nEssentially a warehouse stuffed with random fabric scraps, ribbon and assorted accessories. \n\nTo be honest, you better come here on a scavenger hunt, or else you will be disappointed!",3
If you're at the Vegas airport for more than a few hours to kill... this place is worth it. Food and great drinks (not just wine and beers!) are all included. Pretty relaxing environment... people are actually sleeping in these little cubby-hole sofas all around (staying pretty late at this airport). \n\nThere is definitely more cooked food than I've seen at other airport lounges. \n\nStaff is friendly and accommodating. I definitely recommend!,4
"It didn't used to be so bad, if the lines are long they go slow. There are always these hoodlum kids that loiter around outside, making the place seem unsafe and sketchy. And they hang out with their friends that work there during the night shift. Although the men employees seem to hand out free drinks alot..",2
Went to Sushi Kaya yesterday and took a few friends from out of town. I had been here before a while back and don't eat sushi too often. My friends loved it! They are frequent sushi eaters and said it was some of the best they ever had! I couldn't complain I had the sexy roll and I thought it was awesome.. the cilantro sauce was pretty good too. Great service the bussers helped out as much as our own waitress!,4
"Great burgers, waffle fries, and quick service. Much better then I expected and they have a good dinner menu and late nite burger menu also. \n\nPlus you can play keno at your table!!!",4
"Finally! A dollar store that fits the bill! This shop is nice and clean. Tidy. No mess. Great product assortment and variety of goods too. Had everything in stock that I was looking for. I really like the wide aisles to maneuver your shopping cart. Clerks were available and ready to help too. Oh, and my wait in line was just a few seconds. High five to this Dollar Tree store.. Keep it up!!",4
"This place is horrible. The food is raunchy, it comes out cold and the Restaurant was so cold inside I wore a winter jacket in the summer. Avoid this place unless you are almost starving.",1
"Loud and chaotic. Very attentive manager. But seemed to be understaffed. Everything was done at a very fast pace. Not a very relaxing atmosphere. The gnoochi were fine and the pizzas were big enough for two people but not all that tasteful. If you were looking for a sit down Italian meal and didnt want to get dressed up and get reservations, this place will do fine.",3
"Good pizza, I also like that they use the \""level up\"" app. I saved $10 on my order.",3
I'll leave one star just bc the waitress was nice. But seriously it has to be hard to make food taste that bland and unflavorful. It was horrible,1
Don't come here. They are out of everything by 6pm. Staff seemed angry the place was full. Pork chop was cooked enough for a whole pig.,1
"My opinion of this Best Western completely depends on your expectations and what you're looking for. Very reasonable price considering the free breakfast, free wi-fi, social hour, and a decent pool. We arrived with a young child however and they need a little open space which is something these rooms don't afford. Overall....pretty good, if it was just the wife and I we would return when looking more for a decent place for a great rate. If we we're back with the kid we'd pass.",4
"Always wanted to try. Not impressed. Their signature drink frozen hot drinks were somewhat a little disappointing. Too sweet, tasted like a slushy melted ice cream. We had the chicken and waffles for breakfast... Ummmm no!!! Chicken too dry, potato too dry and waffles just lack that umpf! Pricing was a little over priced for the food that you ca",2
"This place is probably a love it or hate it. It's kind of a cross between Zombie and Goth. It's pretty much a bar with a them and a small place to dance. Not my scene but I'm sure others would like it and for a local watering hole, it adds a little variety.",2
"The worst part of this airport is their designated recharge zones are cramped, awkward, and there's never any power outlets available. There are scattered power outlets in very strange places throughout the airport so if you see a bunch of unrelated travelers stand around a wall of open space, they have struck gold. Wi Fi is free!\n\nThere's a lot of cute little shops to look at including an oxygen bar, a chocolate shop, and random souvenir items.",3
Really good fried catfish! I was not really fond of catfish until I tried Jamburrito's way of serving it. The jambalaya rice makes the perfect accompaniment for the crunchy delight. The people serving the food are very friendly and the total experience definitely makes Food Truck Fridays a weekly event to look forward to.,5
"Salesman was persistent on trying to update my $19 wash to a $99 detail. He was borderline argumentative and aggressive, I would not recommend this place at all. The entire establishment is ran by shady looking people, it's not a good sign when you look at other customers and they all look nervous. The lady waiting next me mentioned how she would just be happy if all her belongings are still in the car when they were done. :(",2
This place is great for large groups & their happy hour! The separate room for teppanyaki is nice & the food tastes great. It's a bit pricey but definitely worth it!,4
"The food is terrible, the drinks are good and cheap yet I'm a chef and it's sad to see the shit they put out here",2
"What a disappointment! I have lived in the \""bubble\"" aka Ahwatukee for 21 plus years...I was hoping for a GREAT breakfast, lunch...community feel restaurant....it is corporate ALL the way...yuck. Pricey, lousy coffee, and here we go...sandwiches. Are there not enough sandwich joints yet? I went during breakfast and instead of muffins and pastries...it was cake..cookies...heavy desserts...sorry guys...you missed the mark with me.",2
"On the south side of town, this place is my favorite for seafood stews for years. Yesterday, I had gumbo that the seafood is already shell free so i could enjoy it without the hassle of a mess. It was delicious. Janet was my server: very nice as always. Nellie is my other favorite server. I also had the Pan Roast to go since it is my favorite dish. I always buy the FULL portions. The consistency here is great.",5
"What's there to say? It's a dry cleaner. It happens to be my dry cleaner of choice because it's a mere 3-minute walk from my house. I don't usually have things dry cleaned, so I cannot compare pricing. Overall... A-OK!",3
Disappointed in this sandwich bar. I had a salad which was ok - nothing to brag about. I was disappointed that the menu only had hot subs - no cold sandwiches.,2
Very fresh and Fast service.The Pho broth is perfect.The food is clean and the place is clean.What best you can expect from all Pho or Vietnamese restaurant.The only thing that did not get 5 star from me is the ambiance.Yes for restaurant is count.,4
"Man muss schon ein wenig warten, bis man seinen D\u00f6ner in der Hand h\u00e4lt, aber das Warten lohnt sich. Es gibt hier einen halben D\u00f6ner, der mit viel Liebe zubereitet wird, zu einem unschlagbaren Preis.\n\n\n Essen!",4
"Good food. They sell kids meal that is just right for me. It includes a slider (which is pretty much a full sized burger) , French fries (fresh and generous portion) and drink, for like 6 bucks. This is my favorite airport food actually. The bar next to it is a good place to hangout for a beer when waiting for your next flight.",4
"One of my favorite lounges in Vegas for the generally upscale crowd, ample seating, and elevated vantage point from the 1.5 and 3rd floors.",5
Use to use this car wash all the time a few years back now there service is slow and ridiculous because the people that work here don't hurry anymore they take there sweet a$$ time I waited almost 2 1/2 hours to get my truck washed not waxed just washed now today there's 8 cars on the lot and the wipers all at once went to take a break that's terrible customer service do it like professionals give break intervals and hurry up nobody wants sit at the car wash all day !!!!!!!,2
"I was excited that a new casino the SLS had opened in Vegas. And a new club. LIfe. I was so unimpressed and disappointed by the club. Life is a total waste of time and money. Horrible service, rude staff overpriced beyond rheir north strip ghetto local. Do not waste your time. Lame",1
"Used to love this place til their white woman employee was rude to me when I came in 30 minutes before closing. Came back a week later, told the owner, and he defended her. Nothing special about this place, so I will go to one of the other gazillion nail places in this town.",1
Can't say much more that what has already been said. Good service great food well executed.,4
"Came across this on my facebook feed and we thought we would try it today during our tour of the east side of Madison. So glad we did! The tuscan bean and kale soup was mouthwateringly yummy, the quiche was light and fluffy, and the grand finale of a slice of flourless chocolate cake was divine... we will be back!",5
"Here is another casino that we play at when we're in town. Casino part is ok. It's a little bit cheaper sometimes than the strip but not always the stations casions (this is if you're playing tables). They don't have that many 1 cent slots as the stations casinos. Food here is good. I like the shops that they have outside. Even the movie theater is nice, which is a change of pace if you want to take a break from eating/gambling.",4
"Slow as molasses in an igloo. A line of ten deep took 25 minutes to go through. Also severely overpriced. $25 for a pre-made panini, two croissants and a bottle of water ($5!) yikes.",2
It's 11:30 at night went to check into the hotel after a long 6 hour drive an was denied a hotel room because I dot have a credit card. I explained to to him I had more than enough cash an he questioned me as to why I had so much an told me he couldn't do anything WILL NEVER be staying at a comfort inn ever again,1
"Hands down, best yogurt in all of lv and I assure you, I've been to all of them. The pumpkin pie flavor is BOMB!!!",5
"Service and cleanliness and such were okay, but the food was mediocre compared to other places in town and it was expensive for the low quality and taste they offer. Their BBQ to go for the duck and pork are much better, but this isn't a good dine in place.",2
"I've been to this restaurant a couple times. The food has been fine, service has been slow. This visit can be summed up with two words... frozen salmon. \n\nLiterally served four pieces of frozen salmon sashimi on the plate. Not really cold salmon, frozen solid salmon. I politely pointed it out to the server and she called the manager over who proceeded to lecture me about the salmon. \n\nWell, he certainly made his point... I hope it was worth it. No tip and I'll never be back.",1
"The crowd is not my scene, but they make a strong yet decent tasting long Island. the main draw for me was competitive foosball almost any night of the week. its been a few years though.",2
a cozy breakfast spot similar to dennys or kings minus the shit your pants feeling you get from dennys or kings. ive only eaten breakfast here cant speak on the other foods but if you can make a bomb breakfast lunch and dinner should be similar.,4
"I ordered a Asada Quesadilla. I got a very small quesadilla. No salsa available. Was not fresh and who knows what kind of meat that was. I don't know, but it tasted awful and certainly wasn't steak. I don't know what qualifies them to be a Mexican restaurant, but I was not impressed. Your best tip will be to skip this place.",2
Not a stellar location for Applebee's. I am trying to forget the whole Ricky-Bobby thing and just be subjective. What really loses me here is the menu. Seriously high sodium fatty foods that always taste less than fresh. I have to pass on these guys in the future. \n\nThere is no compelling reason to eat here. Lots of other good options in the area.\n\nThe Reuben is a salty mess.,2
Overall great experience. The mixed seafood ceviche was amazing! I wish the portion was a bit larger. I would definitely come back! I also tried the paella which was also delicious.,4
"For the first time ever I ate at mama ricotta's tonight with my family, I went because my cousin told me it was good. We ate family style and it was pretty good, I wasn't a fan of the caesar salad because the dressing taste like a tangy mayo. Other than that it was pretty tasty food. The service was excellent, our waitress was really nice and very promp. We were in and out really fast, the longest wait we had was to be seated and that was about 10 minutes or so.",3
"I purchased a ring there in Feb 2014 was told it was diamond chips and garnets. Went to have it appraised this week and it is not diamond chips.\nJust got of the phone with the owner who is the most rude and insulting person I have spoken to in a long time!! After, I explained my side...he began yelling me, calling me stupid, making it clear he wasn't going to reimburse me and hung up on me. Really!!??!!",1
"Don't waste your time. Blah food, horrible service, the waiter was very nice but seemed way over worked. The salsa had zero taste, my daughters cheese quesadilla was dripping in grease, they never brought her sour cream, but charged us for it. My husband and I shared fish tacos and they were BLAND, the menu said they came with \""special sauce\"" but when they came there wasn't any sauce, we asked for it but never got it.",1
"Came here with a couple of friends on a Saturday, the layout of the club is nice but the place is too packed, lots of older folks and couples as well. as far as the music goes it was okay but I left after 30 minutes. Waste of 30 dollars in my opinion.",1
"Not sure what all the hype in prior reviews is about. This is one of the dirtiest restaurants I've been in. The food is routine at best. The frying oil was old and made the Mongolian BBQ taste rancid. This place has been reincarnated several times, and each time it gets dirtier and worse. This is far from the best and closer to one of the worst.",1
"Great atmosphere, even better food! We came in for lunch, I had the blt with their homemade chips mmm. Would definitely go back!",4
"Pretty solid Ethiopian food. My only comparisons are Chicago-based, but this was a nice find. (This is really late...so I hope they're around and still serving the same I had - it was awesome!)",4
"I sat at the bar and had the tasting menu with the wine pairing. As is typical with a tasting menu, some items weren't as good as others, but overall this was a fantastic meal. I actually would have preferred slightly smaller portions for some of the courses because I was so incredibly full afterwards. I'd say this is more accurately a 4.5. Great for a special occasion.",4
"Wo, a great place in the airport. Both the breakfast panini and the cappuccino were perfect and the service was incredibly helpful and friendly. I would definitely repeat the visit.",5
"Service was good, however, Denny's makes better food than this place..ordered ribs, was pretty dry. They tried to plate it nicely but it looked more like a hot mess. Not worth $22. Also had fetuccini Alfredo pasta, pasta was over cooked. Sauce taste like canned sauce... Do they care how they serve their food here? \n\nWasn't too impressed with the frozen hot chocolate either. \n\nOutside patio sitting area is pretty dirty as well. Not coming back here..",2
Hotel and room were fine but I was very disappointed that they wouldn't let the shuttle take us to or pick us at the light rail station. The other hotels in the area had their shuttles running without trouble. Probably won't stay here again.,1
"I had the pastrami reuben, it was super delicious. The Nachos are definitely a must have as well! It has a great atmosphere and the service was perfect! Can't wait to go again!",4
"Little expensive for what you get. Food was really good but I found myself spending quite more than I expected too for lunch.\n\nAs a plus side, they claim the Krab is Crab in a California roll, \n\nFood was tasty, just a bit higher priced than I would like.",4
"The veggie burger here is ok, I enjoyed the appetizers more. We had cheese sticks and fried pickles. The atmosphere is interesting--mocking, faux retro-Soviet culture. I guess I need to explain the two stars--if I go to a place that specializes in burgers and they offer a veggie burger I expect it to be something memorable, not two garden burgers in a large bun that I can get pretty much anywhere else.",2
"Hookahs are the draw here. The food is mediocre and the atmosphere quite blah. If smoking sheesha is your thing, there aren't many old town Scottsdale options so this may be your place. My bud ordered lamb tongue and was pretty happy with it. I didn't have the balls to try it, but if you do you may be in for a pleasant adventure.",2
I got pushed here from the flamingo for a night. Even though it's free don't do it. Pay to go elsewhere. Service was terrible. Check in was forever long and there was no expedite for total reward tiers.,1
"Just wanted to put in a plug for their new food cart, on Johnson a little east of Mills. They have squash curry, mango/pineapple curry, and a few sides. This is my new favorite food cart in Madison. Fast service, good prices, and the best curries in Madison (aside from the brick and mortar locations).",5
"Last Time we stayed here, they put us near the Construction area, and after getting in after 4am, the loud banging and noise was not welcome at 8am. \n\nThey also give you a hard time about early Check-Ins, and the pool hours SUCK...\n\nThe Lazy river is great, but the pools were not heated, and we had to deal with a bunch of kids splashing and trashing water all over the place. \n\nA great spot to vacay if you are bringing along Children.",2
Very good dental office. Longtime staff. A good sign. Front desk friendly.\n\nMost services available.\n\nDr Crowley personable and sensitive to patient. No pain. Anxiety management very good.\n\nExcellent hygienists.\n\nI personally have been a patient five years.,5
Ended up here on a whim. We needed a dog friendly patio. The staff was very knowledgeable and friendly. I had the street tacos with sea bass. Amazing! My husband had the bison burger with the kale salad. He loved it. The cocktails were fantastic. I wish Fox would open one here in Tucson.,5
"I love Hungry Howies Pizza. The best part is the crust. They provide a variety of flavors such as ranch, butter cheese, and herb and garlic, three of my favorites. The staff is nice and friendly and my order is always ready by the quoted time. They also usually have deals going on like $8 medium pizzas. I am a definite fan.",5
"I went to this place after I saw the pics from yelp, but when I got there they gave me a total different menu. Apparently they sold the place a few months ago and they no longer sell the same items. their lunch special is about 8-10 dollars. The food took a while to arrive and they told me they run out of some ingredients. I would not recommend this place",1
"Love this place! The ice cream is perfect and the cute atmosphere adds to the experience. I've only tried a couple of flavors, but they were delicious!",5
"They have a good variety on the menu, from oven wood oven baked pizza's to Osso Bucco. Try the Mamma meatball slider to start! Went on a saturday night, it was busy, so i can get noisy.",4
"Came here on a Friday night to have a drink at the prohibition bar located in the casino. I was impressed by how the dealers and dancers in the middle of the floor never stopped shaking and bouncing. It really helped in keeping the energy up in the room. The tables were busy and so was the bar, but the service was still good. Additionally, their vallet is always super nice.",4
"Well, tacos were very good and the sides were....just fair. Patio is nice and drinks are fun. Not sure if I would go back because there are SO many fun places but its fine for a lovely day to sit and enjoy the sun. We had good service and lots of refills of chips and salsa!",3
"My previous visits to this place left me quite unimpressed but recently there seems to have been a marked improvement in the food quality. The ingredients are fresher and the food is tastier. Service is friendly and the place itself remains clean, spacious, and bright as before.",4
"Was looking for a fast meal the other day and stopped by this location for lunch. I didn't want a large meal and didn't have time to sit down and eat a Salad, so I ordered a Chocolate Oreo Frosty & Large Fries, ha!\n\nWhat a great combo.....the Fries were OK and the Chocolate Oreo Frosty was awesome! I really wanted the regular Oreo Frosty, but they were out of Vanilla.....minus 1 Star for that. I was full after this meal, that's all that mattered.\n\nReturn Factor - 40%",2
SO FAST! I went earlier tonight and was so impressed by how fast they made my original acai bowl. I've been to the other locations (Thrive) before and this was by far the fastest service I've had when ordering an acai bowl! LOVED IT,5
"Like this place - friendly staff, huge selection of veg for all you foody needs and really well laid out, so even when its busy you can still get around. The only down side is it can be a little more expensive than some of the other shops around argyle place etc.",3
"I judge Asian bakeries on their Pineapple Bun. And Diamond Bakery doesn't add up to buns I've had in LA (unfair comparison, I know) or even to buns you can find at 168 Market. I tried a while host of other buns and pastries, but The only thing I've had here that I enjoyed are the Steamed Pork Bun. Get them while they're hot, though.",2
"I was very lucky today as I walked in their lunch special was \""MOLE\"" oh my! I love this stuff.. it was $5.99 w/ the delicious side of beans and rice, perfect serving size w/ a warm toritlla... I loved it - I've been in and out of this place for the last 6 years... pretty descent... they are def more traditional than americanized...",4
The Worse Airline Ever....God Forbid if they buy AA they will also screw that airline up forever also.,1
I've seen this show twice and would see it again when I go to Vegas next time! Where else can you see a show where they built a theater just for this show? I love looking around all the details of the theater. This edited version really help move the show along and not let me loose interest. I saw the movie version and went to sleep after 1 hour :(.,5
Can't beat $2 for a any size latte on Wednesdays. Small latte? $2 please. Medium latte? $2 please! Large latte? $2 please! You get the idea. Hint: I'd go with the large...,3
"Breakfast. Decent filled omelet, nice crisp bacon, coffee stronger than American but weaker than real French, disappointingly ordinary brioche toast, fawning service. Prices not too heinous considering the location, but it's really about as French as Olive Garden is Italian.",3
"This place is very overrated. Food will cost you 15-20 dollars per person, and you can get much better from traditional Mexican diners at half the price. Service was not good, and the food was not good. I had Fajitas, and Applebee's produces a better product. Will not go back again, and in an area dominated by a lot of quality Mexican cuisine, this is a place to skip",2
"I filled my ample belly with OJ, fresh cantaloupe, ambrosia, easy over eggs, corned beef hash and a tiny spoonful of bread pudding. Overall, I felt this buffet has slipped a notch since our last visit.",2
"I'm sorry, but this is not a Pad Thai, the food was awful... the service.. nobody checked on us, I have to look for somebody to bring me the bill. Never ever back here!!!",1
"California comes to Vegas! This place is like the restaurants in California, but better. It's open 24/7 363 days a year (closed on Easter and Christmas) I'm usually here on there graveyard shift or sometimes early dinner. Great food and affordable. Look for discounts in the Entertainment Book!",5
"Food was pretty good. I can't recommend the mongolian beef, but the orange chicken was good, the rice was perfectly steamed, and they threw in a free order of fried wontons which were decent.\nService was good, fast enough, and staff was friendly. My girlfriend was very happy with her veggie pad thai, and eggplant with tofu, but I'll let her post her own review.",3
This is my choice for Indian food. I go in for the buffet so i don't have to choose which one i want. Favorite would be the curie chicken.,5
Been craving a slice of NY pie since our trip to the Garden for Phish's NYE run. So glad I found this place. The owner is unbelievably nice and his pizza was exactly what I needed.,5
"We ate at Oregano's when I came down for Spring Training. This place is awesome. Sometimes it is hard to get in as it is so crowded though. Highly recommended and worth the wait, if you have to wait. Although we have little kids so if the wait is 30 minutes plus we usually go elsewhere and come back another day.",5
"This Target is OK. It's never very busy, but that also means that the checkout lines open are sparse. I sometimes have to wait longer than I'd like to get through the line. My beef with Target overall is also the fact that the national corporate office gave $150,000 to an anti-gay candidate in Minnesota, and they've handled the aftermath poorly.",2
Dropped my iPhone 5c last night and broke the glass :( but took my phone here to get it repaired and it only took 30mins!! Awesome place and great prices !,5
Not impressed. I had barbacoa and carne asada tacos. They were bland and small. Nothing special.,2
"Really great salsa bar, tacos, quesadillas and burros. This is 'authentic' mexican; not Macayos. \nA few downsides though, it is really small & not really built for families or large groups; plus, I wouldn't park in the neighboring streets. I got yelled at by one homeowner saying if they saw my vehicle again they're having it TOWED!.",3
"This show was awful. I've been to many Cirque shows and I have no idea how they allow this show to exist. There were minimal acrobatics, just a lot of toplessness and bad jokes. That's $88 and 2 hours of my life I'll never get back.",1
"Went to Flo's tonight, we ordered hot and sour soup, which was very sour & not hot at all; crunchy tofu with veggies, which was ok, one of the highlights of the meal; veggie chow mein, which was tasteless; veggie fried rice was ok, nothing special; and moo shu chicken, which wasn't good. The majority of the meal was tasteless. There were 5 of us in total, and we paid $50 plus tip.",2
nice and small family run restaurant with great food you can eat in or they have fast delivery everything we tried has been really good and with enough leftover for another meal,4
"Update: As of 9 June, Memphis Best is only open Thursday-Saturday, 1100-2000. Gunny says they're shifting their emphasis to catering over the summer. Whether he'll go back to Mon-Sat in the fall remains to be seen.",4
"This is now the only downtown lunch spot for me now. The food is fast, delicious and tastes super fresh. The staff are all very friendly and legitimately seem gracious to have your business. The prices are really fair for how much you get, and it is always nice to have a good vegetarian friendly spot for a fast cheap lunch. Can't say enough. Go.",5
"bad service, overpriced (by Vegas standards). I left in the middle of the pedicure. 'nuff said.",1
"Worst service ever!! dispatchers are rude and cabs have a tendency to \""no show\""",1
Average location. My order was incorrect as was about 5 out of the next 8 I witnessed.,3
This is where you can get not only good Oreintal food but good American choices. They have a wide selection and a sushi bar that is one of the best around. I love it when they have the dishes I like. I don't like it when something I usually like is not available. The sevice is always very good and all you can eat wow! That is good for the whole family or a group of people!,4
Great place to having a girls night out in Vegas! The only way to start/end your night is karaoke with friends/family! Great service...great location...cool staff!,5
The food is amazing but the service is insanely slow. I've been here twice for lunch and both times were over an hour. The line is typically out the door so ordering alone can take 20 minutes. If you have the day off and nowhere to be than this place can't be beat. If you have the normal one hour lunch break then look elsewhere.\n\nPros: amazing food and fresh daily specials. Reasonable prices\n\nCons: really slow ordering process and service. Need to hire more staff.,4
"We stayed at the golden nugget, feb. 8,9,10, five of us. It took us awhile to figure it \nout , their slot machines don't pay nothing, absolutely nothing. Nothing to keep\nyou around, not even little something's to keep you playing. Well, we just ambled\nout the door to greener pastures and slot machines that weren't so tight. We're from\nout of state, just thought of giving people heads up.",1
Fun place to watch the game but food isn't so impressive and it is somewhat pricey. I am rating this on food only. Husband ordered a regular hamburger ($13) which does not include fries and I ordered a cheesesteak ($16) no fries either. Fries purchased separate. Food was just ok tasting. It wasn't bad but nothing to write home about. I would say they do need to improve presentation (refer to pic). So many other options to choose from so if you are there to eat maybe try somewhere else.,2
First time here and ordered the #7 a hotdog with red meat chili cheese and onions. I got the combo with fries and drink for $6 can't beat the price. The dawg was pretty good the chili meat was pulled carne meat I think (not what I was expecting) it was a bit dry but the fries were really good. The menu looked good and price is right I will probably go back to try something else out.,3
"It's definitely a different experience. Nick, the owner was wonderful. The front desk girl was awesome as well. They gave us quite a bit of hits since the time was running out. I can't wait to get another opportunity to go back and try another room when my brain is working a little better. (We had 2 players; it would be a little bit more doable with at least 4-6 people, Nick told us).",5
"3 stars for the revolving carousel bar. \n\n\""Bazooko's Circus is what the whole hep world would be doing Saturday nights if the Nazis had won the war. This was the Sixth Reich. \""",3
"Nice club, fun, friendly girls. If you go, try to find Jade. She does yoga, so is very flexible. She's a fun time; Let's just say I would be incredibly embarrassed if I were related to her.",5
"Its 7:00am and I have to wait till 8:00 for a Doublecheese!!!! It used to be open 24hrs. Not to long ago, we would drive to Barstow (2hrs) eat and drive back. Many times, I would go to the Barstow location, buy 20 doubles, they would wrap them for me and I would send them UPS Next day air to Boston to my friends. Been going to Tommys since a double burger, chili dog and a soda cost 90 cents. Enough reminiscing..Its close to opening..",5
Went here with my boyfriend he got a pedicure and I got a fill with gel. They both turned out great. My boyfriends calluses were horrible and he left with baby feet they went the extra mile to make sure his feet were smooth. Bella did a great job with my french tips very clean looking. It's nice to have somewhere open past 7. \n\nBe sure to call and make an appointment though to make sure you don't have to wait.,3
They took off my original review because I told the truth they did a horrible job and took forever and still didn't get the order right. Sad Mexican food.,1
The service of our waitress was very rude and not professional. Sat for 20min never came back to take our order. Food didn't taste good. It was too salty.,2
"Went for dinner tonight at the restaurant, usually just get delivery which is ok... I will probably not eat here again and stick with delivery. The pizza took forever and was undercooked, no crunch to it. We asked for pineapples and they put so many on it was just overwhelming. Also the bathrooms are just gross, looked like they hadn't been cleaned, ever. I was pretty bummed about the whole experience, what a waste of calories.",2
"I had the Friday special, beer battered walleye with baked potato. The waiter was great, he didn't want me to feel rushed but he was very busy so he juggled a lot to get back to me. When I selected a wine, he even gave me his opinion (\""my favorite\""). I think it was worth the money but I don't think I'll go back for fried food. The hamburgers looked awesome (a nearby table had the guac burger...mmm).",3
"Pinks, i expected more from you! \nI stood in lines 2 hours for you in LA and thought you were a little better than average. Then i come to Las Vegas to try you again with barley any lines, and you were not great to me at all! I am totally breaking up with you. \n\nI tried the spicy dog and chilli cheese fries. Both were okay and had nothing special about them. This place is small, expensive for what you get, and seating is only outside. This place is truly overrated.",1
The customer service here is amazing. I've never been treated so well. Tony takes the time to introduce himself and learns your name. He says goodbye to everyone that leaves and says their name. He gives you a side of garlic knots on the house (the sauce is incredible). I haven't even had the food yet and I already know I am coming back. This is how a business should be ran.,5
Bad experience. They lost my son's appointment though I confirmed. Not a good first impression.,1
"We went to this place with my husband to see if they had any Argentinean empanadas, or argentinean dough to make them, but they do not have anything Argentinean , it is all Ecuatorian , it is really good food. \nBut we were looking for Argentinean , anyway is good. I did not like the meat, very spicy , and we Argentineans do not like spicy food.",3
"Are you kidding me? Look at the instruction paper they give you at check in. The insult their guests... \"" The Shower \"" Normally we require our guests to have an engineering degree to operate our vintage era shower, however if you do not have the necessary qualifications blah blah and then it says Shirley we don't have to tell you how a tv works? And if so there is a hint. Point the button covered thing. Who says this kind of crap to their guests? Major no!",1
"Smashburger was simply ok. The food was not horrible, but based on overall value, it is not that great. It is expensive for what is served.",2
"Gross. Gross, gross, gross. \nNot my choice to dine here. The food is super greasy, inauthentic, and unpleasant. Even the fruit cup had stupid fruit- you know, the kind that's not ripe and isn't varied. \n\nThere are so many amazing restaurants in Vegas, and not all of them are expensive. If you're using yelp, please, go find a better spot for breakfast.",1
"Love supporting small businesses. You wouldn't even know the donuts were Vegan, they were that good!",5
"The service here was good but the portions for the price and the quality was not. Yes the food did taste good but nothing really stood out. I guess since I live near the san gabriel area im pretty much used to this type of food at a more reasonable price. Good dishes to get here are the black bean sauce clams, stir fried string beans, and fried salt and pepper sea bass. Parking is easy and the wait isn't long.",2
Great good and friendly people. We got the chicken Parm and meatball sub and they were amazing!! Nice place.,5
"Tried their lunch special at 1:45 PM which is two slices and a medium soda for 8 bucks (mushroom and pepperoni slice). The dough tastes like card board and I've never seen so few toppings on a slice in my life. I would have hoped the Oldtown enjoyment tax for 2 slices and a soda would've went toward quality pizza, but... meh.",2
"Good price and great location only a few minutes walk from the shops and the theatre. However, the room was terribly cold because the windows aren't double glazed. Saved money by staying there but ended up very cold at night.",2
"Glutonous is all I can say. Salami plate with peppers, tempura/fried squash blossom with Lobster and Lobster Mousse, calamari, A Mid course of beef cheek ravioli, gnocchi in a bolognese and black fettucinni with dungeness crab. Veal chop, Porterhouse and Ribeye as the entree. I couldn't move but managed to choke down some Hazelnut Semifreddo with a glass of Tokjai. \n\nThe food was amazing, the service over the top and the peppered lardo was to die for.",5
If you don't care about quality Chinese food panda is the place...\nI don't mess with meat there,1
Not really a fan of anything they offered food and service was not even worth writing a full review!!,2
"Really, the appeal is the view, which is fantastic. The food was ok. The atmosphere was ok.",2
"I had one sub-par meal there, the meat was not very flavorful, the tortilla nothing near authentic. Tried it again just to be sure, and the second time it was again sup-par. \n\nThere is definitely better Mexican food to be had in the Scottsdale/Phoenix area.",2
"This is my favorite place in town. Either for drinks with friends to the tune of any of the great DJs or for a little work session in the afternoon. The food is always very good, if a bit pricey. Try the soups if you're on a budget, they're always great. I love their grilled cheese remixed and the daily specials are always creative. The bar service is impeccable.",5
"What can I say about this place that hasn't already been said! It is a Vegas buffet. It's got a ton of choices, none stellar, none crappy.\n\nIt's perfect if you need to fill up fast while at the Excalibur and not waste your time deciding where to go eat.",3
"I have two dogs and have high expectations. High allergy, older pet and a young rescue. The name to me suggested hip, new, cool dog products. It was not that impressive. Some great name brands but nothing that really stood out. I won't be going back for high quality or fun quirky products. The person working there was great though and the reason for my stars. He seemed honest and was very helpful.",2
"confessions of a shopaholic LOVE THIS PLACE. The clothes are in great shape, clean pressed and pristine condition. The sales are terrici, 75% off NOW on fabulous clothes. All sizes for those without the Barbie look.\nGO GO GO GO",4
Very dark on the inside spinach dip was to damn parmesan...my sandwich u did had to much cheese it was nasty .. Curly fries were good,3
"WOW! Everything we ordered was so fresh and awesome. We wil return here again. We ate here before seeing Le Reve'. AS the show was wonderful, so was Red 8.\n\nService was so exceptional. It is one of the best Asian we have eaten, in Las Vegas.",5
"Their lasagna is so good!! Not sure what kind of cheese they put in it, it's so creamy. The pasta is well cooked and very thin.\nWe also try their tiramisu dessert and it so yummy!\nIt's lacking a star because our server was not very attentive. Didn't ask to refill our drinks and we have to look for her for our check.\nPrice is pricey for the small portion but it's Scottsdale so as expected.",4
Chorizo and bean burro and the butter tortillas are a must have! The tortillas here are sooo good :),4
7-11 one stop shop for all the bad food!!!\n\nim always in the 7-11 when im out of milk or grabbing something quick like chips or candy. the guys and gals working the counter are really nice. usually cleaning or ringing someone up. the funny thing is they always ask if i want a bag for my milk and it just doesn't make sense to me. we laugh and i go on my merry way. \n\nBEST PART: they have the sour straws for slurpees!!!!!!!,5
"Hubby and I wanted to warm up from the 30 degree weather so pho seemed like a good idea. Service was good. Restaurant was clean and pretty busy. I didn't really enjoy the pho with beef slices. It had a weird sweet after taste. I've tasted a lot of pho in my day. And I just didn't care for it. My husband enjoyed the Summer Rolls with peanut sauce. Sorry, I can't find a reason to go back.",2
"Creative food, poor service. \nSpent close to an hour between appetizers and the main entries.",3
"Hash house a no go!!! Found 3 out of 3 dishes lacking in flavor. Huge portions. Chicken hash was dry, pork Benedict was more country fried slab of over cooked meat. Bbblt was full of bacon but not flavor.",2
I ordered the Traditional eggs Benedict. it came out very quickly. The hollandaise sauce lacks traditional taste and actually had a very odd taste. not sure what the odd taste was but it was odd. i requested the hash browns extra crispy which only came out crispy on one side and wasn't even cooked on the bottom so they were basically half cooked and mushy in the middle. yuck! i could only choke down half the plate. the coffee is pretty bitter as well. 1 star and that's being generous.,1
"I go here to get my dog food and dog utilities. Staff is nice, if you run into them they will help. The store is always clean!",4
I love Roberto's and this happens to be right by my house so I come here all the time. The food always comes out fast and they always get my order right.\n\nThis location is old and the decor is dumpy ...but I don't go to Robertos for the ambiance.,4
"I had my birthday dinner here. It was my first time. I was not disappointed. I had the filet it was so good. I could cut the steak with a butter knife. For desert, I had the ultimate cheese cake. It was massive and delicious.",4
Was in there picking up my items as the older guy sat there talking trash about their customers. Also overheard in his conversation was a threat to take them outside and beat them up for complaining - as I looked at my messed up stitching... Will never go there again.,1
Came here because I had received a gift card. Glad I had it because I wouldn't have spent my own money on it. It was like a broke ass Yogurtland. Most of there flavors taste like cough medicine. I would never come here again. Oh and the people who work here are far from friendly..Bad costumer service.,2
"Was in Charlotte in March and Omg the cook out!!! Why oh why do we have nothing whatsoever like this in Miami??? 4 am - yummy pulled pork, corn dog, hush puppies, cole slaw and the best damn banana shake I've ever had in my entire life for like 6 or 7 bucks. Coming from the land of batidos and where bananas actually grow, I'm tempted to look up franchising information but apparently this little chain does not stray far from it's queen city. Win. All around.",5
Menu looks like every single chinese takeout place on the east coast and they aren't pretentious. Clearly I'm not in California anymore. Fantastic. This place made me pretty dang happy.\n\nIt's rot gut chinese. Boom.,4
This is the best Target in Vegas. I've been to 6 and this store is great. Staff are friendly. Returns are easy. Clearance is regularly cheaper than other area Targets. The only thing missing is a Starbucks. Please please put one in!!!,5
"These guys do it right! Every single time! The manager and his crew are outstanding. They are nice, clean, conversational, service oriented, go the extra mile.....and did I mention that the waiting room and bathrooms are sparkling clean?!?! They do the job that we came in for and recommend needed maintenance, while not being pushy. I feel like we get a good deal each visit and I trust my car (therefore, my safety) to this team. \nI would recommend them to anyone!",5
The tacos were greasy and unflavorful. I was quite disappointed with my order. There was also dirt on the floors and the people making the food didn't speak much English,3
"The hotel is very nice and clean, but there is not that much going on here... Also management is very disorganized! Took forever for my room to get ready, and then they gave us a room that was not ready. But at least I ended up getting my stay for 2 nights comped! So can't complain about that!",4
Amazing! I'm here for a few short weeks from NY and I was recommended this place by a guy i met at an antique shop. Superb!! Everything fresh and delicious.,5
Just average nothing great you can get the same food in any bar around town except bagels you can get those fresh at smiths if your hungry and have no other choice here's your place,2
This location is conveniently located right on the Las Vegas strip so it was easy to find. They had a bunch of different Pinkberry goodies for sale that I haven't seen at other locations like an iPhone case and water bottles. Cute stuff! It wasn't busy when I stopped by so I was in and out in no time flat. Bonus that it's walking distance from my hotel. I'll probably be back again this week!,4
"The filet here is awesome at only $22 (with fries, a salad, and biscuits and bread). Additionally, there is great Texas stuff all over the walls, with a definite focus on the Big Bend (Marfa, Terlingua, etc.) and Gulf Coast regions. Good weeknight specials, but I have not tried weekend brunch yet. I've been here about 3 times. It's a real chicken fried steak kind of place, so don't bring a woman here unless she's into that kind of thing.",4
"Really poor service, I fixed an appointment for test driving 2 cars. After being made to wait for over 90 minutes, they informed me that one of the cars has been sold and the other one cannot be found. Worst experience ever",1
"Yet again another store within walking distance of my apt. I just wanted everyone to know that when it comes to New movie and CD Tuesday's NO ONE is BEATING TARGET.....I MEAN NO ONE. They have become my go to store for new music and Blue-ray's and the competition in most cases is not even close. So on Tuesday's visit the electronics section at your local Target and you will be amazed at the prices. Eat, Drink, and be Merry my Friends!!!!",4
The pizza is so good that I forgive them for being Red Sox fans and will continue to eat there despite all the Red Sox posters. So if a New Yorker can tolerate Red Sox paraphernalia the Pizza has to be good!,5
Not too impressed. The service was so-so and no one helped us with how to do this. At previous Mongolian places I had put the sauce in the bowl. The cook yelled at me for doing this saying it would all cook away (?) He made me get more in the little cup and it ended up so strong I could hardly eat it. The atmosphere is sorta cold. Idk...we just didnt care for it much =(,2
"Every meal I have here is good. I love the pancakes and breakfast burrito. The staff is very nice and helpful (love Donna Jo), the service is great and the price is right. :)",5
"I'm happy with CMI for the most part - the maintenance staff in particular is great. I live in an older building, so it has its own set of age-related problems. With every issue I've had, the maintenance staff has delivered. Very pleasant people, too.\nThe office staff can be difficult at times - I always hang up feeling like I've bothered someone or I'm an annoyance. Wish the candor would change. Regardless, my requests are always fulfilled, and I can't complain about that.",3
"I love the food here. One of my favorite burger places. I've eaten here several times. Besides the burgers; the gourmet dogs, the onion rings, and the jalapeno poppers are awesome. Huge selection of beers on tap. Service and ambiance are mostly top notch. The only reason I did not give it 5 stars (I'd give it 4 1/2 if I could) is sometimes the bartenders are not that attentive. Other times they are great!",4
"well. this was the 24 hours to stay in this hotel. \nat first i get room floor 14 it was smelly and noisy.\nThan they transfer me to floor 3, but it still smelly and noisy.\nThan they transfer me to 20 floor that was only noisy. \nThan i left this poor place to other hotel. And i feel great!!!",1
Wasn't much better this time. No one was working the cash register and the girl serving was flirting with the cook the whole time and made it Obvious they were sleeping together while ignoring me and other customers. Very rude to lady behind me and barely gave her any meat. Wish they was another location close by!,1
"I went there once, nothing special. I think Soup and Noodles across the street really kills their business.",2
"Everything is OK, prices are reasonable. I think most of dishes are much sweeter than authentic Japanese style to me. It is very casual place, it might be fun to come here after the long day to have fan.",4
"I went here on the recommendation of a friend. I was not impressed. The location/neighborhood is scary. The restaurant is old and outdated inside. The prices for the complete dinner was very reasonable. The spice level on my meal ordered mild to medium came out HOT. (compared to others at my table and the way they ordered their dinner). The naan was good when hot, not so good as it cooled down. The mango lassi was delicious! The service was inattentive and lacking. I won't go back.",2
"Great food,HORRIBLE service...Never going there again,so many other places to eat that have fantastic service!!! Needless to say the horrible,unfriendly waiter didn't receive a TIP!!!!! Management really needs to take a look at their help before they lose all their customers!!!",2
15 minutes for two lattes!! The staff finished 3 orders that were behind me before realizing I was waiting for something. You're very lucky that there's not a Starbucks in Verrado.....,1
"Food was standard Chinese fare. The wonton soup is very good and worth the upgrade.\n\nWhen I went, they seemed short staffed and overwhelmed. Had a long wait between wait staff visits. Place needed cleaning from an apparent lunch rush.",3
"I didn't try any of the Chinese food, the tacos were tasty but overpriced in my book. I wouldn't come here again.",2
"Once again I was not disappointed in food or service. I have taken friends & clients there of late, The friendly atmosphere is so welcoming, makes you feel like the staff is truly happy to have you there.\n\nThe two bartenders make you feel comfortable even walking in alone as a female. You are there to gap a refreshing drink, a meal or snack , some conversation & they will customize a cocktail for you!",5
the fish and chips was some of the best i have ever had and the drinks were pretty good. i recomend this over the actual resturaunt.,5
Worst doctor office. Do not go here. Very rude costumer service and do not care about patient health. By far one of the worst experiences I have ever had.,1
"This place always has a fun vibe and a great patio. Love meeting girlfriends here for wine and bruschetta. Good service and nice atmosphere, a true staple.",4
Best place to club when in vegas! Went for a last minute getaway with my bf and michelle hooked us up! No waiting in line and hooked us up with drinks. I love her.\n\nHit up my girl Michelle for guestlists and tables. She will take care of u! Promise!! 9087703570,5
"Hardly utopian for this beer fan. Nice ambiance, on hip lower rue Crescent, and a nice mix in the crowd.\n\nOrdered the IPA on the recommendation of the very good bartender. What a disappointment -- virtually flavorless. Not what I'd expect of an IPA at all. Probably should have tried something else, but I just moved on.\n\nOh, and like other independent brewpubs in Montreal - cash only. Boo for the business traveler.",2
Formerly Pharoah's Pheast. Definately spacious dining area. But the food was just OK.,2
"Great music, but bartenders seems to be bothered or you feel unwelcome, no smile :( just drink!",3
"This place was amazing! Pulled pork, Mac n cheese, cole slaw & lemonade - all super good. Super friendly service too. We'll definitely be back.",5
"We arrived late and they sold our room, requiring us to move to another hotel, and then move back the next night. NOT COOL! \n\nWe did however get comped breakfast for two nights, and the \""continental\"" breakfast on the executive level was much better than I expected. \n\nExecutive level aside, the gym has very limited hours and costs extra to use, and so does the internet. To me, that's a bit disappointing.",2
Did a so so job. Expensive for the clumpy lashes I got. I've had far better lashes since.,2
I have been going to rebeckha lafferty for years..best at cutting very thick hair and colors knowledge is great. .only go to her. .If she is off wait till she is available. ..,5
"Not as overpriced as some other places but not great. I would've spent the extra money to get better food and better service.\n\nThe food was too salty and kinda bland. My wife did not like their seafood linguini. My veal was not bad but no sauce or flavor to it.\n\nPortions are good but then again, I would rather have quality than quantity.\n\nMy suggestion, spend a little more and get quality food. Try one of the other places that are higher ranked on yelp.",2
"Tasty. Nice, sit down Mexican food place with very friendly service. Lots of options available including veggie. Somewhat outdated interior, but still pleasant. Kudos to the server that got us a fresh chips and salsa refill BEFORE we asked for it.\n\nSignificantly better than your average Mexican joint. Closed on Sundays.",4
"Drink service deplorable. Tacky, tacky deco, if you can even call it that. Its cheap, convenient to the strip. That's about all I can say. Hotel rooms dated and some are worn, tho not thread bare. Average to slightly below average. Kids EVERYWHERE underfoot. NOT a fave of mine. I give it the second star for the occasional decent free circus acts.",2
The food is definitely something that needs improvement! The pizza dough is tasteless and overall in need of improvement. Burgers and wings are just average bar food - nothing special at all. If you like to bet on horse and dog races then this maybe your place to go.,2
"Fatburger wouldn't be my first choice for lunch. First of all, the burger is kind of expensive. Secondly, it's not that great. Although, it looks delicious. \n\nWhen I went in all I wanted was a cheeseburger with the works. I felt like I was signing up for life insurance. They kept bombarding me questions. Just do it right and stop making things so complicated. It's supposed to be fast food.",2
"It is really all about the preparation. The server comes with the rib eye bone in and cuts it into smaller pieces to be eaten on your plate. The bone is almost like it comes from the flinstones. \n\nThe rib eye meat was only okay and definitely could have been more tender. The spinach and potato were just about the same level, only okay.",3
"Drive through is a plus especially at 550 in the morning. \n\nStaff seems tired and not unfriendly, just not welcoming like other places. Overall a clean store though. But ya... Nothing too special here.",3
This is one of my favorite restaurants in Charlotte. The fried green tomato BLT sandwich with pimento cheese is divine. It goes great with the pomme frites and a trio of aioli sauces for dipping. The calamari is also terrific. It is lightly breaded and cooked to perfection with this amazing Asian Love Sauce.,5
"I prefer \""All About Tennis\"" but SA gets a thumbs up for having a decent selection of Tennis-related gear, having wide-size tennis shoes in stock, XL size socks (these are shockingly hard to find), plus it's really close to home and the club.",3
"Love, love, love this place. Dramatic entrance, outstanding food quality, super delicious taste, friendly staff and desserts that are to die for! After 10 trips to the food and dessert stations I had to stop ... I really wanted more but I couldn't. I actually ate so much I had trouble moving around lol. Anywho, definitely worth the price and easily the best buffet on the strip!\n\nMust try:\n- Chocolate crepe\n- Creme Brulee \n- Prime rib\n- Beef brisket",5
"Thinking I would play it safe my first time here, I ordered the Asian Steak Salad. You can't ruin salad, right? Bleh! The steak was a cheap cut that was chewy and fatty. The mandarin oranges tasted like they came out of a can and the lettuce was wilted. Oh the apple bread was stale. Won't be paying a visit here again which is too bad as I live within walking distance.",1
Gave this place one more try. My car waited 10 min after wash before any attendants started rewetting it and drying it. Skeletal crew. More expensive than other places so won't be coming back.,2
"An excellent place for any occasion. Besides the great entrees, grilled artichoke was awesome. Angelo was on top of his game with excellent service and recommendations.",5
Lee's sandwiches are lee's sandwiches iam just excited I don't have to drive all the way to China Town to get my Viet Sandwich fix...Yay!!!,3
"This place is terrible. The help is rude. I have been here three times and walked out the last time after the bartender stood around and talked to his buddies instead of serving my date and I. I know it is new, maybe it will get better.",1
"We ordered to go, and the food was not great. We will not eat here again.\n We ordered the red curry chicken. It was watered down like soup, and other than the hot chile, there wasn't much flavor in it. We ordered the chicken satay. My 6 year old said,\"" How am I supposed to eat this, it is so hard?\"" It was so hard and dry she couldn't even bite into it. We ordered the ginger chicken- again watery broth and you couldn't even taste the ginger.",1
"I prefer wildflower, but recently had their grilled cheese and tomato soup and it was delicious!! Will be back for that combo!",4
"Unique dining for sure. NOT a fancy place, not a date place. But awesome options.... First of all, where else can you order kool-aid????\n\nAlso, The mac and cheese side is amazing. I ordered the Betty Boop- a chicken breast and waffle, and added to it a side of the mac and cheese. Everything tastes exactly how i dreamnt it would. Fattening and hearty!\n\nTake home a slice of the red velvet cake.... the best I have ever had anywhere hands down.",4
Great sushi. Friendly service. A good mom and pop operation. The bonsai roll was delicious. One of the better sushi places and great prices too.,5
"Stopped in for a few slices after not dining here for several months because the pizza was so bad, and now I remember why I stopped eating here !! The pizza was soggy soaked in grease and just not good. The Pizza is just plain bad here, and even though this place is less then a minute from my house I will not be dining here anymore ...",1
Good food and drinks before going to a concert at the verizon wireless amphitheatre up the street. ~Cheers,4
"Just moved back to Phoenix and decided to check this place out. Peter cut my hair and did an excellent job. I also got a neck shave followed by a surprise neck and head massage. Total came out to $21 bucks, which I thought was a great deal. I'll be back to see Peter again.",4
"I got my hair ombr\u00e8'd here a few months ago. The staff was friendly and I had two girls working on me to get the job done faster, which I appreciated. However, While it looked amazing as I left, in a few weeks the colour pretty much disappeared. I guess they forgot to tell me that they were going to use semi permanent hair dye..",3
there are cheap eats and drinks here but you can find that stuff on the strip as well... i had fun but it was nothing like the strip. everyone said we had to visit and i dont see why. maybe it was because it was during the day?... i was there from 2pm-7pm... TO ME it was not worth the trip and time wasted when i could have stayed on the strip.,3
"We have brought our jeep to be serviced here for the past 6 years. Last week we brought it in for a simple oil leak. They call back notifying us that the computer fried. When we went to pay our bill for the oil leak, they had tacked on about a thousand dollars for the computer they broke and tried to charge us. We were very upset and was unable to talk to a manager till they next day who claims that they would give us a discount rate but wouldn't pay for the computer that they broke!",1
place is always happening and the food is great. it can get real crowded and the wait can be long to get a seat. so i f there is room in the bar then go ahead if not. wait. its worth it,5
"So, the beer here is fantastic and that's enough for me to love it.\n\nThere are, however, some downsides: \n1. It is really loud inside. Loud enough that having a conversation with someone a foot from you is difficult.\n2. As someone else has said, service is a little lackluster.\n3. It's a little pricy.\n\nIf you want an interesting beer, this is a great place to try. If you're looking to hang out and chat and don't care what you're drinking, go somewhere else.",4
Decent place but the overly loud and neurotic redhead manager/waitress lady is nerve racking!!!\n\nIf you go here to relax with a nice meal and a drink she will kill it. Her loud voice and constant complaining is like nails on a chalkboard,3
"Everything was expertly prepared and the service was wonderful! The quality of the ingredients was amazing, and the place was very comfortable, slightly rustic but still beautiful and trendy. The braised beef, truffle pizza, and cheesecake were my favorites! Food came out in a reasonable time, and even though my friends and I stayed a while after we finished eating, we never felt rushed. I will definitely be back!",5
So i realized that they have the same exact menu as sushi mon on maryland pkwy and silverado ranch. same owner. Same price. Great rolls. Everything came out fresh. But they had great specialty rolls just like sushi mon. It took a lil long for rolls and ahi poke was so-so. People reviewing it talked about green tea creme brulee. But they didnt have it on menu. So i was a little dissapointed. But generally happy wit the whole experience.,4
"I've been going to rock store for years and unfortunately the quality is getting lower. I used to come here for BBQ and corn bread all the time and the pork was fresh and had great smoke flavor. Now I feel that the pulled pork is very lackluster with little flavor. If I do go there I get chicken and even it it overlooked and just sitting in juices. I prefer fresh food and all theirs is sitting for quite a while before it's served. If you want good BBQ, go to Elwood's or saucemans.",3
"Worst big city paper I've ever read.\n\nJust about everything printed is verbatim from the wires.\n\nThe entertainment writers/critics SUCK, and all with a right wing lean. Yuck. Well worth it to get the New York Times delivered.",1
"Just went for sushi. Superman roll was good. Overall I would prefer Pisces or Ru Sans, but this place was nearby and it did the job. Service was also good although it wasn't busy at the time.",3
"Went in for a couple of drinks with the girls, good and cheap drinks. Daily specials going on. They have 4 pool tables, video games and juke box. You can't get bored chilling with a group of friends! Shout out to the bartender! The food was alright too! Over all a chilled place.",3
"I am from Chicago,IL and I travel all over the states for my business, this is the worst Korean BBQ ever. The food was old and chewy and the service was very poor.They literally charged for lettuce they said it was extra, the side dishes were about five and when we asked for refill they were reluctant and not cooperative.Don't go to this place unless it is free.Big disappointment they also use gas instead of charcoal.",1
Place sucks...long lines poor customer service. First u stand in a amazingly long line to get the fabric cut and then a equally long line for checkout... darn my kids art project.....,1
"Well, I'm reading the reviews, and apparently everybody loves it... \nI went there once, and it was a sad, sad experience. Who knows, maybe it was a bad day... The naan was. so. sweet. Unedible. Everything was just bland and disapointing. \nFelt it was indian food made for high-end white people. \nI don't know. Will never be back, but hey, I might be wrong.",2
