document_id,text,neighborhood_status,speaker_role
0,Historic preservation must come before corporate developer expansion. This concrete jungle is an issue of environmental justice for our neighborhood children. Our community is tired of being ignored by city sanitation departments.,stable_historic,resident
1,"Families are struggling with changing school district boundaries that divide neighborhoods. We deserve reliable street cleaning and basic municipal services like other districts. These streets hold our neighborhood history, roots, and local culture. These streets hold our neighborhood history, roots, and local culture.",stable_historic,resident
2,"Demolishing these historical buildings destroys our collective memory and identity. These streets hold our neighborhood history, roots, and local culture. We must demand historic landmark status to preserve our community heritage.",stable_historic,resident
3,We are building sustainable leisure spaces and public plazas for the community to enjoy. This family-friendly development includes dedications for classroom expansion. Connecting this zone to the subway line will generate widespread positive externalities. We are building sustainable leisure spaces and public plazas for the community to enjoy.,stable_historic,developer_official
4,"Families are struggling with changing school district boundaries that divide neighborhoods. Local public parks are neglected, and we lack green space and mature shade trees. We need to protect our community garden from being paved over for developments. We need to invest in our neighborhood schools instead of promoting private charter schools.",stable_historic,resident
5,Modernizing the storefronts will revitalize the business corridor and create jobs. This revitalization project represents smart growth and transit-oriented density. Our security plan is fully coordinated with municipal public safety agencies. The project includes significant landscaping improvements and modern public park amenities.,rapidly_gentrifying,developer_official
6,"The skyrocketing rents in this neighborhood are completely out of control. These streets hold our neighborhood history, roots, and local culture. Historic preservation must come before corporate developer expansion. Demolishing these historical buildings destroys our collective memory and identity.",stable_historic,resident
7,"Our community needs safe, clean green spaces to gather and play. Demolishing these historical buildings destroys our collective memory and identity. Our local public schools suffer from overcrowded classrooms and severe funding cuts.",stable_historic,resident
8,We are working with historians to preserve key structural elements of the site. We are installing advanced security systems and modern street lighting across the site. This revitalization project represents smart growth and transit-oriented density. We are coordinating with the school board capacity planning to accommodate new families.,stable_historic,developer_official
9,We need to protect our community garden from being paved over for developments. This concrete jungle is an issue of environmental justice for our neighborhood children. Historic preservation must come before corporate developer expansion. Historic preservation must come before corporate developer expansion.,stable_historic,resident
10,This major capital investment will stabilize the local housing market and boost growth. Our residential development project will add both market-rate housing and designated affordable units. This major capital investment will stabilize the local housing market and boost growth. The ground-floor retail activation will boost commercial vitality and attract shoppers.,rapidly_gentrifying,developer_official
11,We need to invest in our neighborhood schools instead of promoting private charter schools. We need to invest in our neighborhood schools instead of promoting private charter schools. A local neighborhood watch is organizing to prevent petty crime and build trust.,stable_historic,resident
12,Gentrification is causing the cultural displacement of our local artists and murals. We need to preserve our community murals and local creative spaces from destruction. Corporate chains are displacing our long-standing local legacy businesses.,rapidly_gentrifying,resident
13,This family-friendly development includes dedications for classroom expansion. The project includes significant landscaping improvements and modern public park amenities. The green roof design contributes to municipal environmental sustainability goals.,stable_historic,developer_official
14,Bike lane safety is completely ignored on these busy and dangerous streets. We are facing massive displacement because of greedy landlords and speculators. We need to invest in our neighborhood schools instead of promoting private charter schools. The new boutique stores are price gouging and do not serve the needs of local families.,rapidly_gentrifying,resident
15,We are working with historians to preserve key structural elements of the site. Our plan incorporates extensive urban greening and public plaza design concepts. Our project will contribute direct funding to local educational infrastructure.,stable_historic,developer_official
16,We are facing massive displacement because of greedy landlords and speculators. We must establish protection programs for historical local businesses. We desperately need affordable housing and stronger tenant protections against evictions.,rapidly_gentrifying,resident
17,Increasing the overall housing inventory is essential to balance market supply and demand. This development will support the local creative economy and public art installations. This revitalization project represents smart growth and transit-oriented density. We expect significant foot traffic to support the new dining and boutique options.,rapidly_gentrifying,developer_official
18,The proposed redevelopment will modernize the area's outdated infrastructure and zoning. This major capital investment will stabilize the local housing market and boost growth. The proposed redevelopment will modernize the area's outdated infrastructure and zoning.,rapidly_gentrifying,developer_official
19,"Arts funding should support grassroots local projects, not luxury galleries. We are facing massive displacement because of greedy landlords and speculators. These new luxury condos are destroying our unique neighborhood character.",rapidly_gentrifying,resident
20,"Demolishing these historical buildings destroys our collective memory and identity. Demolishing these historical buildings destroys our collective memory and identity. Our community needs safe, clean green spaces to gather and play.",stable_historic,resident
21,"This overdevelopment only serves developer profits and blocks the sun for existing homes. Increasing security should not come at the expense of community harassment. Local public parks are neglected, and we lack green space and mature shade trees.",rapidly_gentrifying,resident
22,"This concrete jungle is an issue of environmental justice for our neighborhood children. Potholes and broken pavement have been neglected by city services for months. Local public parks are neglected, and we lack green space and mature shade trees. We need public transit transit expansion that actually serves long-term residents.",stable_historic,resident
23,"We are establishing coordinated sanitation improvements with city public works agencies. Improving sanitation infrastructure is a key benefit of our modernization plan. We are coordinating with the school board capacity planning to accommodate new families. Creating a bright, active public space improves pedestrian safety and street vitality.",stable_historic,developer_official
24,Long-term residents are being pushed out of their community roots by rising costs. Gentrification is causing the cultural displacement of our local artists and murals. We desperately need affordable housing and stronger tenant protections against evictions. We desperately need affordable housing and stronger tenant protections against evictions.,rapidly_gentrifying,resident
25,We are working with historians to preserve key structural elements of the site. We are maximizing unit density near transportation corridors to spur local economic development. This revitalization project represents smart growth and transit-oriented density.,rapidly_gentrifying,developer_official
26,"We desperately need affordable housing and stronger tenant protections against evictions. We need to protect our community garden from being paved over for developments. Local public parks are neglected, and we lack green space and mature shade trees. Demolishing these historical buildings destroys our collective memory and identity.",stable_historic,resident
27,We are pursuing an adaptive reuse model to modernize the historic facade. We are working with historians to preserve key structural elements of the site. We are pursuing an adaptive reuse model to modernize the historic facade.,stable_historic,developer_official
28,This revitalization project represents smart growth and transit-oriented density. This revitalization project represents smart growth and transit-oriented density. Modernizing the storefronts will revitalize the business corridor and create jobs.,rapidly_gentrifying,developer_official
29,We are seeking standard zoning variances for a new modern mixed-use development. This commercial redevelopment supports local entrepreneurship and business district growth. Increasing the overall housing inventory is essential to balance market supply and demand.,rapidly_gentrifying,developer_official
30,"We are partnering with local groups to establish a vibrant, active arts district. We are building sustainable leisure spaces and public plazas for the community to enjoy. Our architectural design is highly sensitive to the surrounding urban landscape.",rapidly_gentrifying,developer_official
31,We must establish protection programs for historical local businesses. We desperately need affordable housing and stronger tenant protections against evictions. This overdevelopment only serves developer profits and blocks the sun for existing homes.,rapidly_gentrifying,resident
32,We are coordinating with the school board capacity planning to accommodate new families. We are proud to support local schools through our community benefit agreements. We are working with historians to preserve key structural elements of the site.,stable_historic,developer_official
33,"Our beloved family-owned mom and pop stores are being priced out by commercial rent hikes. Our community needs safe, clean green spaces to gather and play. The skyrocketing rents in this neighborhood are completely out of control.",rapidly_gentrifying,resident
34,Increasing security should not come at the expense of community harassment. This concrete jungle is an issue of environmental justice for our neighborhood children. Trash buildup and illegal dumping are plaguing our sidewalks and alleys.,stable_historic,resident
35,The skyrocketing rents in this neighborhood are completely out of control. We desperately need affordable housing and stronger tenant protections against evictions. The skyrocketing rents in this neighborhood are completely out of control.,rapidly_gentrifying,resident
36,The safety enhancement design reduces crime through smart environmental layout. This family-friendly development includes dedications for classroom expansion. This development will support the local creative economy and public art installations. The design incorporates historical context while permitting architectural evolution.,stable_historic,developer_official
37,Frequent bus delays and poor subway access make this area a transit desert. The city is giving developers massive zoning loopholes to build high-rise monstrosities. We desperately need affordable housing and stronger tenant protections against evictions.,rapidly_gentrifying,resident
38,We are maximizing unit density near transportation corridors to spur local economic development. The cultural center will enhance community engagement and neighborhood branding. Increasing the overall housing inventory is essential to balance market supply and demand. We are proud to support local schools through our community benefit agreements.,rapidly_gentrifying,developer_official
39,Our construction respects local heritage through sensitive aesthetic and structural design. The green roof design contributes to municipal environmental sustainability goals. We are proud to support local schools through our community benefit agreements. We are proud to support local schools through our community benefit agreements.,stable_historic,developer_official
40,Increasing the overall housing inventory is essential to balance market supply and demand. Our residential development project will add both market-rate housing and designated affordable units. The proposed redevelopment will modernize the area's outdated infrastructure and zoning.,rapidly_gentrifying,developer_official
41,These new luxury condos are destroying our unique neighborhood character. The city is giving developers massive zoning loopholes to build high-rise monstrosities. We must establish protection programs for historical local businesses.,rapidly_gentrifying,resident
42,Our local public schools suffer from overcrowded classrooms and severe funding cuts. Our children deserve equal access to quality educational resources. Demolishing these historical buildings destroys our collective memory and identity. Demolishing these historical buildings destroys our collective memory and identity.,stable_historic,resident
43,This concrete jungle is an issue of environmental justice for our neighborhood children. Historic preservation must come before corporate developer expansion. Gentrification is causing the cultural displacement of our local artists and murals.,stable_historic,resident
44,"This concrete jungle is an issue of environmental justice for our neighborhood children. Trash buildup and illegal dumping are plaguing our sidewalks and alleys. Our community needs safe, clean green spaces to gather and play. Potholes and broken pavement have been neglected by city services for months.",stable_historic,resident
45,We are funding major service upgrades and regular street cleaning patrols in this sector. We are building sustainable leisure spaces and public plazas for the community to enjoy. We are pursuing an adaptive reuse model to modernize the historic facade. Our plan incorporates extensive urban greening and public plaza design concepts.,stable_historic,developer_official
46,We are coordinating with the school board capacity planning to accommodate new families. Our construction respects local heritage through sensitive aesthetic and structural design. The design incorporates historical context while permitting architectural evolution.,stable_historic,developer_official
47,Our plan incorporates extensive urban greening and public plaza design concepts. The green roof design contributes to municipal environmental sustainability goals. We are working with historians to preserve key structural elements of the site. Our project will contribute direct funding to local educational infrastructure.,stable_historic,developer_official
48,We expect significant foot traffic to support the new dining and boutique options. Increasing the overall housing inventory is essential to balance market supply and demand. Our architectural design is highly sensitive to the surrounding urban landscape. We are seeking standard zoning variances for a new modern mixed-use development.,rapidly_gentrifying,developer_official
49,"These streets hold our neighborhood history, roots, and local culture. Demolishing these historical buildings destroys our collective memory and identity. Potholes and broken pavement have been neglected by city services for months. We must demand historic landmark status to preserve our community heritage.",stable_historic,resident
50,Improving sanitation infrastructure is a key benefit of our modernization plan. We are building sustainable leisure spaces and public plazas for the community to enjoy. We are pursuing an adaptive reuse model to modernize the historic facade.,stable_historic,developer_official
51,Our residential development project will add both market-rate housing and designated affordable units. We are coordinating with the school board capacity planning to accommodate new families. We are working with historians to preserve key structural elements of the site.,stable_historic,developer_official
52,We need to preserve our community murals and local creative spaces from destruction. We must establish protection programs for historical local businesses. The skyrocketing rents in this neighborhood are completely out of control.,rapidly_gentrifying,resident
53,This major capital investment will stabilize the local housing market and boost growth. This development will support the local creative economy and public art installations. This commercial redevelopment supports local entrepreneurship and business district growth. Modernizing the storefronts will revitalize the business corridor and create jobs.,rapidly_gentrifying,developer_official
54,"Our beloved family-owned mom and pop stores are being priced out by commercial rent hikes. We are facing massive displacement because of greedy landlords and speculators. Independent music venues are shutting down, erasing our neighborhood's unique identity.",rapidly_gentrifying,resident
55,"Our beloved family-owned mom and pop stores are being priced out by commercial rent hikes. Local public parks are neglected, and we lack green space and mature shade trees. We desperately need affordable housing and stronger tenant protections against evictions.",rapidly_gentrifying,resident
56,Modernizing the storefronts will revitalize the business corridor and create jobs. We expect significant foot traffic to support the new dining and boutique options. We are installing advanced security systems and modern street lighting across the site. Increasing the overall housing inventory is essential to balance market supply and demand.,rapidly_gentrifying,developer_official
57,We are working with historians to preserve key structural elements of the site. Our construction respects local heritage through sensitive aesthetic and structural design. Our plan incorporates extensive urban greening and public plaza design concepts.,stable_historic,developer_official
58,This development will support the local creative economy and public art installations. This commercial redevelopment supports local entrepreneurship and business district growth. Increasing the overall housing inventory is essential to balance market supply and demand.,rapidly_gentrifying,developer_official
59,The project includes significant landscaping improvements and modern public park amenities. The green roof design contributes to municipal environmental sustainability goals. We are building sustainable leisure spaces and public plazas for the community to enjoy.,stable_historic,developer_official
60,Our construction respects local heritage through sensitive aesthetic and structural design. The project includes significant landscaping improvements and modern public park amenities. The project budget includes private maintenance contracts for public sidewalks.,stable_historic,developer_official
61,Improving sanitation infrastructure is a key benefit of our modernization plan. The project includes significant landscaping improvements and modern public park amenities. Our project will contribute direct funding to local educational infrastructure. Our project will contribute direct funding to local educational infrastructure.,stable_historic,developer_official
62,The city is giving developers massive zoning loopholes to build high-rise monstrosities. We must establish protection programs for historical local businesses. Corporate chains are displacing our long-standing local legacy businesses.,rapidly_gentrifying,resident
63,This overdevelopment only serves developer profits and blocks the sun for existing homes. The skyrocketing rents in this neighborhood are completely out of control. These new luxury condos are destroying our unique neighborhood character. These new luxury condos are destroying our unique neighborhood character.,rapidly_gentrifying,resident
64,The design incorporates historical context while permitting architectural evolution. Our construction respects local heritage through sensitive aesthetic and structural design. We are installing advanced security systems and modern street lighting across the site. The design incorporates historical context while permitting architectural evolution.,stable_historic,developer_official
65,Demolishing these historical buildings destroys our collective memory and identity. We deserve reliable street cleaning and basic municipal services like other districts. We deserve reliable street cleaning and basic municipal services like other districts. Families are struggling with changing school district boundaries that divide neighborhoods.,stable_historic,resident
66,Our architectural design is highly sensitive to the surrounding urban landscape. Increasing the overall housing inventory is essential to balance market supply and demand. Increasing the overall housing inventory is essential to balance market supply and demand. We are coordinating with the school board capacity planning to accommodate new families.,rapidly_gentrifying,developer_official
67,Corporate chains are displacing our long-standing local legacy businesses. We are facing massive displacement because of greedy landlords and speculators. We need active community policing and safe streets for our children. We need to invest in our neighborhood schools instead of promoting private charter schools.,rapidly_gentrifying,resident
68,Families are struggling with changing school district boundaries that divide neighborhoods. Our community is tired of being ignored by city sanitation departments. Potholes and broken pavement have been neglected by city services for months.,stable_historic,resident
69,This family-friendly development includes dedications for classroom expansion. We are pursuing an adaptive reuse model to modernize the historic facade. We are maximizing unit density near transportation corridors to spur local economic development.,stable_historic,developer_official
70,"Increasing security should not come at the expense of community harassment. Arts funding should support grassroots local projects, not luxury galleries. This overdevelopment only serves developer profits and blocks the sun for existing homes. Broken street lights make these dark alleys feel very unsafe at night.",rapidly_gentrifying,resident
71,Our beloved family-owned mom and pop stores are being priced out by commercial rent hikes. We must oppose zoning changes that override community wishes. These new luxury condos are destroying our unique neighborhood character.,rapidly_gentrifying,resident
72,Increasing the overall housing inventory is essential to balance market supply and demand. The proposed redevelopment will modernize the area's outdated infrastructure and zoning. This revitalization project represents smart growth and transit-oriented density. The ground-floor retail activation will boost commercial vitality and attract shoppers.,rapidly_gentrifying,developer_official
73,Modernizing the storefronts will revitalize the business corridor and create jobs. Modernizing the storefronts will revitalize the business corridor and create jobs. This commercial redevelopment supports local entrepreneurship and business district growth.,rapidly_gentrifying,developer_official
74,The proposed redevelopment will modernize the area's outdated infrastructure and zoning. We are proud to support local schools through our community benefit agreements. The proposed redevelopment will modernize the area's outdated infrastructure and zoning.,rapidly_gentrifying,developer_official
75,We are working with historians to preserve key structural elements of the site. Our construction respects local heritage through sensitive aesthetic and structural design. This family-friendly development includes dedications for classroom expansion. Our project will contribute direct funding to local educational infrastructure.,stable_historic,developer_official
76,This major capital investment will stabilize the local housing market and boost growth. The proposed redevelopment will modernize the area's outdated infrastructure and zoning. We are maximizing unit density near transportation corridors to spur local economic development. This major capital investment will stabilize the local housing market and boost growth.,rapidly_gentrifying,developer_official
77,This major capital investment will stabilize the local housing market and boost growth. This major capital investment will stabilize the local housing market and boost growth. This commercial redevelopment supports local entrepreneurship and business district growth.,rapidly_gentrifying,developer_official
78,"Demolishing these historical buildings destroys our collective memory and identity. Our community is tired of being ignored by city sanitation departments. These streets hold our neighborhood history, roots, and local culture. Our community is tired of being ignored by city sanitation departments.",stable_historic,resident
79,This revitalization project represents smart growth and transit-oriented density. The ground-floor retail activation will boost commercial vitality and attract shoppers. Our project features dedicated cultural activation spaces and public art galleries. The cultural center will enhance community engagement and neighborhood branding.,rapidly_gentrifying,developer_official
80,"Our community needs safe, clean green spaces to gather and play. We need public transit transit expansion that actually serves long-term residents. Historic preservation must come before corporate developer expansion. Families are struggling with changing school district boundaries that divide neighborhoods.",stable_historic,resident
81,"Our community needs safe, clean green spaces to gather and play. These streets hold our neighborhood history, roots, and local culture. Historic preservation must come before corporate developer expansion.",stable_historic,resident
82,"Bike lane safety is completely ignored on these busy and dangerous streets. Our community needs safe, clean green spaces to gather and play. Demolishing these historical buildings destroys our collective memory and identity.",stable_historic,resident
83,Our construction respects local heritage through sensitive aesthetic and structural design. This new transit hub will significantly improve commuter access and public mobility. The green roof design contributes to municipal environmental sustainability goals. The design incorporates historical context while permitting architectural evolution.,stable_historic,developer_official
84,The proposed redevelopment will modernize the area's outdated infrastructure and zoning. This family-friendly development includes dedications for classroom expansion. The project budget includes private maintenance contracts for public sidewalks.,stable_historic,developer_official
85,"These streets hold our neighborhood history, roots, and local culture. Local public parks are neglected, and we lack green space and mature shade trees. We must demand historic landmark status to preserve our community heritage.",stable_historic,resident
86,"Local public parks are neglected, and we lack green space and mature shade trees. Our children deserve equal access to quality educational resources. Demolishing these historical buildings destroys our collective memory and identity.",stable_historic,resident
87,"Long-term residents are being pushed out of their community roots by rising costs. Traffic congestion is getting worse, and fare hikes are hurting working-class commuters. Gentrification is causing the cultural displacement of our local artists and murals. Corporate chains are displacing our long-standing local legacy businesses.",rapidly_gentrifying,resident
88,Our local public schools suffer from overcrowded classrooms and severe funding cuts. The new boutique stores are price gouging and do not serve the needs of local families. We need to protect our community garden from being paved over for developments.,stable_historic,resident
89,This revitalization project represents smart growth and transit-oriented density. The cultural center will enhance community engagement and neighborhood branding. We expect significant foot traffic to support the new dining and boutique options. This revitalization project represents smart growth and transit-oriented density.,rapidly_gentrifying,developer_official
90,"Independent music venues are shutting down, erasing our neighborhood's unique identity. This overdevelopment only serves developer profits and blocks the sun for existing homes. Our beloved family-owned mom and pop stores are being priced out by commercial rent hikes. Corporate chains are displacing our long-standing local legacy businesses.",rapidly_gentrifying,resident
91,We must demand historic landmark status to preserve our community heritage. The city is giving developers massive zoning loopholes to build high-rise monstrosities. We need public transit transit expansion that actually serves long-term residents.,rapidly_gentrifying,resident
92,"Potholes and broken pavement have been neglected by city services for months. These streets hold our neighborhood history, roots, and local culture. Historic preservation must come before corporate developer expansion. Potholes and broken pavement have been neglected by city services for months.",stable_historic,resident
93,Historic preservation must come before corporate developer expansion. Potholes and broken pavement have been neglected by city services for months. Our local public schools suffer from overcrowded classrooms and severe funding cuts.,stable_historic,resident
94,"We need public transit transit expansion that actually serves long-term residents. Local public parks are neglected, and we lack green space and mature shade trees. Corporate chains are displacing our long-standing local legacy businesses.",stable_historic,resident
95,We are facing massive displacement because of greedy landlords and speculators. These new luxury condos are destroying our unique neighborhood character. We desperately need affordable housing and stronger tenant protections against evictions. Corporate chains are displacing our long-standing local legacy businesses.,rapidly_gentrifying,resident
96,The skyrocketing rents in this neighborhood are completely out of control. We must demand historic landmark status to preserve our community heritage. Long-term residents are being pushed out of their community roots by rising costs.,rapidly_gentrifying,resident
97,Corporate chains are displacing our long-standing local legacy businesses. Our local public schools suffer from overcrowded classrooms and severe funding cuts. We are facing massive displacement because of greedy landlords and speculators.,rapidly_gentrifying,resident
98,Long-term residents are being pushed out of their community roots by rising costs. The city is giving developers massive zoning loopholes to build high-rise monstrosities. We need to preserve our community murals and local creative spaces from destruction. We desperately need affordable housing and stronger tenant protections against evictions.,rapidly_gentrifying,resident
99,We desperately need affordable housing and stronger tenant protections against evictions. Gentrification is causing the cultural displacement of our local artists and murals. The skyrocketing rents in this neighborhood are completely out of control. The skyrocketing rents in this neighborhood are completely out of control.,rapidly_gentrifying,resident
100,"Demolishing these historical buildings destroys our collective memory and identity. These streets hold our neighborhood history, roots, and local culture. We desperately need affordable housing and stronger tenant protections against evictions.",stable_historic,resident
101,"Historic preservation must come before corporate developer expansion. Our community needs safe, clean green spaces to gather and play. We deserve reliable street cleaning and basic municipal services like other districts. Our children deserve equal access to quality educational resources.",stable_historic,resident
102,The proposed redevelopment will modernize the area's outdated infrastructure and zoning. We expect significant foot traffic to support the new dining and boutique options. This commercial redevelopment supports local entrepreneurship and business district growth. Our residential development project will add both market-rate housing and designated affordable units.,rapidly_gentrifying,developer_official
103,We are facing massive displacement because of greedy landlords and speculators. We are facing massive displacement because of greedy landlords and speculators. The new boutique stores are price gouging and do not serve the needs of local families. We must establish protection programs for historical local businesses.,rapidly_gentrifying,resident
104,Our plan incorporates extensive urban greening and public plaza design concepts. Our plan incorporates extensive urban greening and public plaza design concepts. We are working with historians to preserve key structural elements of the site.,stable_historic,developer_official
105,"Long-term residents are being pushed out of their community roots by rising costs. Our community is tired of being ignored by city sanitation departments. We must demand historic landmark status to preserve our community heritage. Our community needs safe, clean green spaces to gather and play.",stable_historic,resident
106,We are coordinating major transit-oriented infrastructural upgrades with city transport agencies. The design incorporates historical context while permitting architectural evolution. We are building sustainable leisure spaces and public plazas for the community to enjoy.,stable_historic,developer_official
107,"This concrete jungle is an issue of environmental justice for our neighborhood children. Independent music venues are shutting down, erasing our neighborhood's unique identity. This concrete jungle is an issue of environmental justice for our neighborhood children.",stable_historic,resident
108,"Demolishing these historical buildings destroys our collective memory and identity. We must demand historic landmark status to preserve our community heritage. These streets hold our neighborhood history, roots, and local culture. Our community is tired of being ignored by city sanitation departments.",stable_historic,resident
109,"The proposed redevelopment will modernize the area's outdated infrastructure and zoning. This revitalization project represents smart growth and transit-oriented density. Increasing the overall housing inventory is essential to balance market supply and demand. We are partnering with local groups to establish a vibrant, active arts district.",rapidly_gentrifying,developer_official
110,Increasing the overall housing inventory is essential to balance market supply and demand. Our project will contribute direct funding to local educational infrastructure. This development will support the local creative economy and public art installations.,rapidly_gentrifying,developer_official
111,Our architectural design is highly sensitive to the surrounding urban landscape. The proposed redevelopment will modernize the area's outdated infrastructure and zoning. Modernizing the storefronts will revitalize the business corridor and create jobs. Modernizing the storefronts will revitalize the business corridor and create jobs.,rapidly_gentrifying,developer_official
112,The design incorporates historical context while permitting architectural evolution. This commercial redevelopment supports local entrepreneurship and business district growth. Our residential development project will add both market-rate housing and designated affordable units. Increasing the overall housing inventory is essential to balance market supply and demand.,rapidly_gentrifying,developer_official
113,"We deserve reliable street cleaning and basic municipal services like other districts. We need to invest in our neighborhood schools instead of promoting private charter schools. A local neighborhood watch is organizing to prevent petty crime and build trust. These streets hold our neighborhood history, roots, and local culture.",stable_historic,resident
114,We are coordinating with the school board capacity planning to accommodate new families. The project includes significant landscaping improvements and modern public park amenities. We are proud to support local schools through our community benefit agreements.,stable_historic,developer_official
115,We are seeking standard zoning variances for a new modern mixed-use development. This development will support the local creative economy and public art installations. Our residential development project will add both market-rate housing and designated affordable units.,rapidly_gentrifying,developer_official
116,"Local public parks are neglected, and we lack green space and mature shade trees. Local public parks are neglected, and we lack green space and mature shade trees. Our local public schools suffer from overcrowded classrooms and severe funding cuts. Our local public schools suffer from overcrowded classrooms and severe funding cuts.",stable_historic,resident
117,The proposed redevelopment will modernize the area's outdated infrastructure and zoning. Increasing the overall housing inventory is essential to balance market supply and demand. Our residential development project will add both market-rate housing and designated affordable units.,rapidly_gentrifying,developer_official
118,Improving sanitation infrastructure is a key benefit of our modernization plan. The project budget includes private maintenance contracts for public sidewalks. We are establishing coordinated sanitation improvements with city public works agencies. Modernizing the storefronts will revitalize the business corridor and create jobs.,stable_historic,developer_official
119,Demolishing these historical buildings destroys our collective memory and identity. We must demand historic landmark status to preserve our community heritage. We must demand historic landmark status to preserve our community heritage.,stable_historic,resident
120,Modernizing the storefronts will revitalize the business corridor and create jobs. We expect significant foot traffic to support the new dining and boutique options. Our architectural design is highly sensitive to the surrounding urban landscape.,rapidly_gentrifying,developer_official
121,Our plan incorporates extensive urban greening and public plaza design concepts. Improving sanitation infrastructure is a key benefit of our modernization plan. We are building sustainable leisure spaces and public plazas for the community to enjoy.,stable_historic,developer_official
122,Increasing the overall housing inventory is essential to balance market supply and demand. We are seeking standard zoning variances for a new modern mixed-use development. Our architectural design is highly sensitive to the surrounding urban landscape.,rapidly_gentrifying,developer_official
123,We are coordinating with the school board capacity planning to accommodate new families. Our project will contribute direct funding to local educational infrastructure. Our plan incorporates extensive urban greening and public plaza design concepts. The green roof design contributes to municipal environmental sustainability goals.,stable_historic,developer_official
124,This family-friendly development includes dedications for classroom expansion. We are proud to support local schools through our community benefit agreements. We are coordinating with the school board capacity planning to accommodate new families.,stable_historic,developer_official
125,We must oppose zoning changes that override community wishes. We need to preserve our community murals and local creative spaces from destruction. Long-term residents are being pushed out of their community roots by rising costs.,rapidly_gentrifying,resident
126,The skyrocketing rents in this neighborhood are completely out of control. Gentrification is causing the cultural displacement of our local artists and murals. The city is giving developers massive zoning loopholes to build high-rise monstrosities. We must establish protection programs for historical local businesses.,rapidly_gentrifying,resident
127,"Potholes and broken pavement have been neglected by city services for months. These streets hold our neighborhood history, roots, and local culture. Historic preservation must come before corporate developer expansion.",stable_historic,resident
128,"Traffic congestion is getting worse, and fare hikes are hurting working-class commuters. We need to invest in our neighborhood schools instead of promoting private charter schools. We must demand historic landmark status to preserve our community heritage.",stable_historic,resident
129,"We deserve reliable street cleaning and basic municipal services like other districts. Our children deserve equal access to quality educational resources. These streets hold our neighborhood history, roots, and local culture. We are facing massive displacement because of greedy landlords and speculators.",stable_historic,resident
130,The skyrocketing rents in this neighborhood are completely out of control. The new boutique stores are price gouging and do not serve the needs of local families. The city is giving developers massive zoning loopholes to build high-rise monstrosities. We need to preserve our community murals and local creative spaces from destruction.,rapidly_gentrifying,resident
131,This commercial redevelopment supports local entrepreneurship and business district growth. We are seeking standard zoning variances for a new modern mixed-use development. This development will support the local creative economy and public art installations. The proposed redevelopment will modernize the area's outdated infrastructure and zoning.,rapidly_gentrifying,developer_official
132,Potholes and broken pavement have been neglected by city services for months. Historic preservation must come before corporate developer expansion. We deserve reliable street cleaning and basic municipal services like other districts. Our local public schools suffer from overcrowded classrooms and severe funding cuts.,stable_historic,resident
133,We must demand historic landmark status to preserve our community heritage. We need to invest in our neighborhood schools instead of promoting private charter schools. Demolishing these historical buildings destroys our collective memory and identity.,stable_historic,resident
134,"These streets hold our neighborhood history, roots, and local culture. Our local public schools suffer from overcrowded classrooms and severe funding cuts. Our children deserve equal access to quality educational resources. Our local public schools suffer from overcrowded classrooms and severe funding cuts.",stable_historic,resident
135,This major capital investment will stabilize the local housing market and boost growth. We are proud to support local schools through our community benefit agreements. The green roof design contributes to municipal environmental sustainability goals. We are working with historians to preserve key structural elements of the site.,stable_historic,developer_official
136,"Local public parks are neglected, and we lack green space and mature shade trees. This concrete jungle is an issue of environmental justice for our neighborhood children. Our community needs safe, clean green spaces to gather and play.",stable_historic,resident
137,"We expect significant foot traffic to support the new dining and boutique options. We are partnering with local groups to establish a vibrant, active arts district. The ground-floor retail activation will boost commercial vitality and attract shoppers. Our residential development project will add both market-rate housing and designated affordable units.",rapidly_gentrifying,developer_official
138,"This overdevelopment only serves developer profits and blocks the sun for existing homes. Our children deserve equal access to quality educational resources. Independent music venues are shutting down, erasing our neighborhood's unique identity.",stable_historic,resident
139,Our architectural design is highly sensitive to the surrounding urban landscape. Our architectural design is highly sensitive to the surrounding urban landscape. This revitalization project represents smart growth and transit-oriented density. Modernizing the storefronts will revitalize the business corridor and create jobs.,rapidly_gentrifying,developer_official
140,We are working with historians to preserve key structural elements of the site. Improving sanitation infrastructure is a key benefit of our modernization plan. We are pursuing an adaptive reuse model to modernize the historic facade.,stable_historic,developer_official
141,We are facing massive displacement because of greedy landlords and speculators. The new boutique stores are price gouging and do not serve the needs of local families. The city is giving developers massive zoning loopholes to build high-rise monstrosities. We are facing massive displacement because of greedy landlords and speculators.,rapidly_gentrifying,resident
142,We are maximizing unit density near transportation corridors to spur local economic development. Our residential development project will add both market-rate housing and designated affordable units. Our architectural design is highly sensitive to the surrounding urban landscape.,rapidly_gentrifying,developer_official
143,"Our community needs safe, clean green spaces to gather and play. Our children deserve equal access to quality educational resources. Trash buildup and illegal dumping are plaguing our sidewalks and alleys. We need to protect our community garden from being paved over for developments.",stable_historic,resident
144,We are funding major service upgrades and regular street cleaning patrols in this sector. Modernizing the storefronts will revitalize the business corridor and create jobs. Our plan incorporates extensive urban greening and public plaza design concepts.,stable_historic,developer_official
145,Our plan incorporates extensive urban greening and public plaza design concepts. The design incorporates historical context while permitting architectural evolution. We are building sustainable leisure spaces and public plazas for the community to enjoy.,stable_historic,developer_official
146,We are pursuing an adaptive reuse model to modernize the historic facade. We are establishing coordinated sanitation improvements with city public works agencies. We are funding major service upgrades and regular street cleaning patrols in this sector. This family-friendly development includes dedications for classroom expansion.,stable_historic,developer_official
147,"Families are struggling with changing school district boundaries that divide neighborhoods. We need public transit transit expansion that actually serves long-term residents. These streets hold our neighborhood history, roots, and local culture.",stable_historic,resident
148,We are proud to support local schools through our community benefit agreements. Our project will contribute direct funding to local educational infrastructure. The design incorporates historical context while permitting architectural evolution. We are pursuing an adaptive reuse model to modernize the historic facade.,stable_historic,developer_official
149,This major capital investment will stabilize the local housing market and boost growth. Increasing the overall housing inventory is essential to balance market supply and demand. We are seeking standard zoning variances for a new modern mixed-use development. Increasing the overall housing inventory is essential to balance market supply and demand.,rapidly_gentrifying,developer_official
150,The ground-floor retail activation will boost commercial vitality and attract shoppers. We are installing advanced security systems and modern street lighting across the site. Increasing the overall housing inventory is essential to balance market supply and demand.,rapidly_gentrifying,developer_official
151,Our construction respects local heritage through sensitive aesthetic and structural design. We are building sustainable leisure spaces and public plazas for the community to enjoy. We are coordinating with the school board capacity planning to accommodate new families. The design incorporates historical context while permitting architectural evolution.,stable_historic,developer_official
152,This family-friendly development includes dedications for classroom expansion. We are proud to support local schools through our community benefit agreements. The green roof design contributes to municipal environmental sustainability goals. Our plan incorporates extensive urban greening and public plaza design concepts.,stable_historic,developer_official
153,Broken street lights make these dark alleys feel very unsafe at night. We must oppose zoning changes that override community wishes. Gentrification is causing the cultural displacement of our local artists and murals.,rapidly_gentrifying,resident
154,"We need to preserve our community murals and local creative spaces from destruction. We deserve reliable street cleaning and basic municipal services like other districts. Gentrification is causing the cultural displacement of our local artists and murals. Local public parks are neglected, and we lack green space and mature shade trees.",stable_historic,resident
155,"We are coordinating major transit-oriented infrastructural upgrades with city transport agencies. We are seeking standard zoning variances for a new modern mixed-use development. Creating a bright, active public space improves pedestrian safety and street vitality. The ground-floor retail activation will boost commercial vitality and attract shoppers.",rapidly_gentrifying,developer_official
156,"Families are struggling with changing school district boundaries that divide neighborhoods. We must demand historic landmark status to preserve our community heritage. These streets hold our neighborhood history, roots, and local culture. Historic preservation must come before corporate developer expansion.",stable_historic,resident
157,"These streets hold our neighborhood history, roots, and local culture. We must demand historic landmark status to preserve our community heritage. Our beloved family-owned mom and pop stores are being priced out by commercial rent hikes.",stable_historic,resident
158,The green roof design contributes to municipal environmental sustainability goals. The project budget includes private maintenance contracts for public sidewalks. We are proud to support local schools through our community benefit agreements.,stable_historic,developer_official
159,We must establish protection programs for historical local businesses. The skyrocketing rents in this neighborhood are completely out of control. Corporate chains are displacing our long-standing local legacy businesses. The skyrocketing rents in this neighborhood are completely out of control.,rapidly_gentrifying,resident
160,We must demand historic landmark status to preserve our community heritage. These new luxury condos are destroying our unique neighborhood character. These new luxury condos are destroying our unique neighborhood character.,rapidly_gentrifying,resident
161,"Long-term residents are being pushed out of their community roots by rising costs. Arts funding should support grassroots local projects, not luxury galleries. Gentrification is causing the cultural displacement of our local artists and murals. The skyrocketing rents in this neighborhood are completely out of control.",rapidly_gentrifying,resident
162,Demolishing these historical buildings destroys our collective memory and identity. Demolishing these historical buildings destroys our collective memory and identity. We must demand historic landmark status to preserve our community heritage.,stable_historic,resident
163,"We must oppose zoning changes that override community wishes. Gentrification is causing the cultural displacement of our local artists and murals. We need public transit transit expansion that actually serves long-term residents. Our community needs safe, clean green spaces to gather and play.",rapidly_gentrifying,resident
164,We must oppose zoning changes that override community wishes. The city is giving developers massive zoning loopholes to build high-rise monstrosities. Our beloved family-owned mom and pop stores are being priced out by commercial rent hikes.,rapidly_gentrifying,resident
165,We must demand historic landmark status to preserve our community heritage. Corporate chains are displacing our long-standing local legacy businesses. The city is giving developers massive zoning loopholes to build high-rise monstrosities. We must oppose zoning changes that override community wishes.,rapidly_gentrifying,resident
166,We are coordinating with the school board capacity planning to accommodate new families. We are coordinating with the school board capacity planning to accommodate new families. We are coordinating with the school board capacity planning to accommodate new families. Our construction respects local heritage through sensitive aesthetic and structural design.,stable_historic,developer_official
167,"Families are struggling with changing school district boundaries that divide neighborhoods. Our community needs safe, clean green spaces to gather and play. Local public parks are neglected, and we lack green space and mature shade trees. Historic preservation must come before corporate developer expansion.",stable_historic,resident
168,Our plan incorporates extensive urban greening and public plaza design concepts. Our construction respects local heritage through sensitive aesthetic and structural design. We are establishing coordinated sanitation improvements with city public works agencies.,stable_historic,developer_official
169,The proposed redevelopment will modernize the area's outdated infrastructure and zoning. This development will support the local creative economy and public art installations. Connecting this zone to the subway line will generate widespread positive externalities. This major capital investment will stabilize the local housing market and boost growth.,rapidly_gentrifying,developer_official
170,Demolishing these historical buildings destroys our collective memory and identity. Families are struggling with changing school district boundaries that divide neighborhoods. Our local public schools suffer from overcrowded classrooms and severe funding cuts.,stable_historic,resident
171,"Our children deserve equal access to quality educational resources. These streets hold our neighborhood history, roots, and local culture. Our community needs safe, clean green spaces to gather and play. We need to protect our community garden from being paved over for developments.",stable_historic,resident
172,Improving sanitation infrastructure is a key benefit of our modernization plan. Our construction respects local heritage through sensitive aesthetic and structural design. The green roof design contributes to municipal environmental sustainability goals.,stable_historic,developer_official
173,This concrete jungle is an issue of environmental justice for our neighborhood children. This overdevelopment only serves developer profits and blocks the sun for existing homes. We need public transit transit expansion that actually serves long-term residents. We need to preserve our community murals and local creative spaces from destruction.,rapidly_gentrifying,resident
174,Our beloved family-owned mom and pop stores are being priced out by commercial rent hikes. A local neighborhood watch is organizing to prevent petty crime and build trust. The city is giving developers massive zoning loopholes to build high-rise monstrosities.,rapidly_gentrifying,resident
175,"We need to invest in our neighborhood schools instead of promoting private charter schools. We must demand historic landmark status to preserve our community heritage. Local public parks are neglected, and we lack green space and mature shade trees. Historic preservation must come before corporate developer expansion.",stable_historic,resident
176,The city is giving developers massive zoning loopholes to build high-rise monstrosities. We are facing massive displacement because of greedy landlords and speculators. The skyrocketing rents in this neighborhood are completely out of control. The skyrocketing rents in this neighborhood are completely out of control.,rapidly_gentrifying,resident
177,"Our community is tired of being ignored by city sanitation departments. Our community needs safe, clean green spaces to gather and play. Historic preservation must come before corporate developer expansion.",stable_historic,resident
178,The city is giving developers massive zoning loopholes to build high-rise monstrosities. Families are struggling with changing school district boundaries that divide neighborhoods. Our community is tired of being ignored by city sanitation departments.,stable_historic,resident
179,Our project features dedicated cultural activation spaces and public art galleries. We are maximizing unit density near transportation corridors to spur local economic development. This development will support the local creative economy and public art installations. The safety enhancement design reduces crime through smart environmental layout.,rapidly_gentrifying,developer_official
180,We need to invest in our neighborhood schools instead of promoting private charter schools. Potholes and broken pavement have been neglected by city services for months. Historic preservation must come before corporate developer expansion.,stable_historic,resident
181,We are seeking standard zoning variances for a new modern mixed-use development. We are maximizing unit density near transportation corridors to spur local economic development. We are seeking standard zoning variances for a new modern mixed-use development.,rapidly_gentrifying,developer_official
182,The design incorporates historical context while permitting architectural evolution. Improving sanitation infrastructure is a key benefit of our modernization plan. Our construction respects local heritage through sensitive aesthetic and structural design.,stable_historic,developer_official
183,The design incorporates historical context while permitting architectural evolution. We are funding major service upgrades and regular street cleaning patrols in this sector. Improving sanitation infrastructure is a key benefit of our modernization plan.,stable_historic,developer_official
184,This overdevelopment only serves developer profits and blocks the sun for existing homes. These new luxury condos are destroying our unique neighborhood character. Long-term residents are being pushed out of their community roots by rising costs.,rapidly_gentrifying,resident
185,We expect significant foot traffic to support the new dining and boutique options. We are maximizing unit density near transportation corridors to spur local economic development. We are maximizing unit density near transportation corridors to spur local economic development. Increasing the overall housing inventory is essential to balance market supply and demand.,rapidly_gentrifying,developer_official
186,The green roof design contributes to municipal environmental sustainability goals. This new transit hub will significantly improve commuter access and public mobility. Our plan incorporates extensive urban greening and public plaza design concepts. The ground-floor retail activation will boost commercial vitality and attract shoppers.,stable_historic,developer_official
187,Our construction respects local heritage through sensitive aesthetic and structural design. The green roof design contributes to municipal environmental sustainability goals. Our construction respects local heritage through sensitive aesthetic and structural design. We are working with historians to preserve key structural elements of the site.,stable_historic,developer_official
188,These new luxury condos are destroying our unique neighborhood character. We need to preserve our community murals and local creative spaces from destruction. We must oppose zoning changes that override community wishes.,rapidly_gentrifying,resident
189,"These streets hold our neighborhood history, roots, and local culture. Historic preservation must come before corporate developer expansion. We need to invest in our neighborhood schools instead of promoting private charter schools. Our community needs safe, clean green spaces to gather and play.",stable_historic,resident
190,We need to protect our community garden from being paved over for developments. We need to invest in our neighborhood schools instead of promoting private charter schools. Our children deserve equal access to quality educational resources.,stable_historic,resident
191,We need to invest in our neighborhood schools instead of promoting private charter schools. We need to invest in our neighborhood schools instead of promoting private charter schools. Our beloved family-owned mom and pop stores are being priced out by commercial rent hikes.,stable_historic,resident
192,Potholes and broken pavement have been neglected by city services for months. Families are struggling with changing school district boundaries that divide neighborhoods. We deserve reliable street cleaning and basic municipal services like other districts.,stable_historic,resident
193,We are pursuing an adaptive reuse model to modernize the historic facade. We are proud to support local schools through our community benefit agreements. We are working with historians to preserve key structural elements of the site.,stable_historic,developer_official
194,This commercial redevelopment supports local entrepreneurship and business district growth. The cultural center will enhance community engagement and neighborhood branding. This revitalization project represents smart growth and transit-oriented density. The proposed redevelopment will modernize the area's outdated infrastructure and zoning.,rapidly_gentrifying,developer_official
195,We must demand historic landmark status to preserve our community heritage. We need to protect our community garden from being paved over for developments. This concrete jungle is an issue of environmental justice for our neighborhood children. We must demand historic landmark status to preserve our community heritage.,stable_historic,resident
196,We need to preserve our community murals and local creative spaces from destruction. Long-term residents are being pushed out of their community roots by rising costs. The skyrocketing rents in this neighborhood are completely out of control. We must oppose zoning changes that override community wishes.,rapidly_gentrifying,resident
197,Our project will contribute direct funding to local educational infrastructure. Our project will contribute direct funding to local educational infrastructure. The project includes significant landscaping improvements and modern public park amenities. The project includes significant landscaping improvements and modern public park amenities.,stable_historic,developer_official
198,This commercial redevelopment supports local entrepreneurship and business district growth. This family-friendly development includes dedications for classroom expansion. We are pursuing an adaptive reuse model to modernize the historic facade.,stable_historic,developer_official
199,Our residential development project will add both market-rate housing and designated affordable units. This revitalization project represents smart growth and transit-oriented density. This major capital investment will stabilize the local housing market and boost growth. We are seeking standard zoning variances for a new modern mixed-use development.,rapidly_gentrifying,developer_official
200,"Local public parks are neglected, and we lack green space and mature shade trees. Our children deserve equal access to quality educational resources. We need active community policing and safe streets for our children.",stable_historic,resident
201,Our architectural design is highly sensitive to the surrounding urban landscape. This commercial redevelopment supports local entrepreneurship and business district growth. We are working with historians to preserve key structural elements of the site.,rapidly_gentrifying,developer_official
202,We are working with historians to preserve key structural elements of the site. This family-friendly development includes dedications for classroom expansion. The project includes significant landscaping improvements and modern public park amenities. Our residential development project will add both market-rate housing and designated affordable units.,stable_historic,developer_official
203,The proposed redevelopment will modernize the area's outdated infrastructure and zoning. We are installing advanced security systems and modern street lighting across the site. Increasing the overall housing inventory is essential to balance market supply and demand.,rapidly_gentrifying,developer_official
204,"We are partnering with local groups to establish a vibrant, active arts district. The project budget includes private maintenance contracts for public sidewalks. Our security plan is fully coordinated with municipal public safety agencies. This family-friendly development includes dedications for classroom expansion.",stable_historic,developer_official
205,"This concrete jungle is an issue of environmental justice for our neighborhood children. This concrete jungle is an issue of environmental justice for our neighborhood children. Our community needs safe, clean green spaces to gather and play. We need public transit transit expansion that actually serves long-term residents.",stable_historic,resident
206,The green roof design contributes to municipal environmental sustainability goals. The project includes significant landscaping improvements and modern public park amenities. We are working with historians to preserve key structural elements of the site.,stable_historic,developer_official
207,We are building sustainable leisure spaces and public plazas for the community to enjoy. Our residential development project will add both market-rate housing and designated affordable units. Increasing the overall housing inventory is essential to balance market supply and demand. Our project features dedicated cultural activation spaces and public art galleries.,rapidly_gentrifying,developer_official
208,We must establish protection programs for historical local businesses. This overdevelopment only serves developer profits and blocks the sun for existing homes. Broken street lights make these dark alleys feel very unsafe at night. Long-term residents are being pushed out of their community roots by rising costs.,rapidly_gentrifying,resident
209,"We need to protect our community garden from being paved over for developments. Families are struggling with changing school district boundaries that divide neighborhoods. These streets hold our neighborhood history, roots, and local culture. This concrete jungle is an issue of environmental justice for our neighborhood children.",stable_historic,resident
210,These new luxury condos are destroying our unique neighborhood character. This overdevelopment only serves developer profits and blocks the sun for existing homes. Demolishing these historical buildings destroys our collective memory and identity.,rapidly_gentrifying,resident
211,We are coordinating with the school board capacity planning to accommodate new families. Improving sanitation infrastructure is a key benefit of our modernization plan. We are building sustainable leisure spaces and public plazas for the community to enjoy.,stable_historic,developer_official
212,"Local public parks are neglected, and we lack green space and mature shade trees. We need to protect our community garden from being paved over for developments. Families are struggling with changing school district boundaries that divide neighborhoods.",stable_historic,resident
213,The green roof design contributes to municipal environmental sustainability goals. Our plan incorporates extensive urban greening and public plaza design concepts. The green roof design contributes to municipal environmental sustainability goals. We are building sustainable leisure spaces and public plazas for the community to enjoy.,stable_historic,developer_official
214,Our architectural design is highly sensitive to the surrounding urban landscape. This major capital investment will stabilize the local housing market and boost growth. Our residential development project will add both market-rate housing and designated affordable units.,rapidly_gentrifying,developer_official
215,We are proud to support local schools through our community benefit agreements. We are proud to support local schools through our community benefit agreements. This major capital investment will stabilize the local housing market and boost growth. Our residential development project will add both market-rate housing and designated affordable units.,rapidly_gentrifying,developer_official
216,We are pursuing an adaptive reuse model to modernize the historic facade. We are establishing coordinated sanitation improvements with city public works agencies. We are working with historians to preserve key structural elements of the site. Our project will contribute direct funding to local educational infrastructure.,stable_historic,developer_official
217,The design incorporates historical context while permitting architectural evolution. We are building sustainable leisure spaces and public plazas for the community to enjoy. We are building sustainable leisure spaces and public plazas for the community to enjoy. We are building sustainable leisure spaces and public plazas for the community to enjoy.,stable_historic,developer_official
218,"Our community is tired of being ignored by city sanitation departments. Local public parks are neglected, and we lack green space and mature shade trees. Demolishing these historical buildings destroys our collective memory and identity. Historic preservation must come before corporate developer expansion.",stable_historic,resident
219,The design incorporates historical context while permitting architectural evolution. The project budget includes private maintenance contracts for public sidewalks. The project budget includes private maintenance contracts for public sidewalks.,stable_historic,developer_official
220,This major capital investment will stabilize the local housing market and boost growth. Our architectural design is highly sensitive to the surrounding urban landscape. Our construction respects local heritage through sensitive aesthetic and structural design. This revitalization project represents smart growth and transit-oriented density.,rapidly_gentrifying,developer_official
221,The design incorporates historical context while permitting architectural evolution. We are proud to support local schools through our community benefit agreements. We are working with historians to preserve key structural elements of the site. We are working with historians to preserve key structural elements of the site.,stable_historic,developer_official
222,We are coordinating major transit-oriented infrastructural upgrades with city transport agencies. This revitalization project represents smart growth and transit-oriented density. We are maximizing unit density near transportation corridors to spur local economic development.,rapidly_gentrifying,developer_official
223,"Independent music venues are shutting down, erasing our neighborhood's unique identity. We desperately need affordable housing and stronger tenant protections against evictions. Our beloved family-owned mom and pop stores are being priced out by commercial rent hikes. Long-term residents are being pushed out of their community roots by rising costs.",rapidly_gentrifying,resident
224,"Demolishing these historical buildings destroys our collective memory and identity. Local public parks are neglected, and we lack green space and mature shade trees. Our community needs safe, clean green spaces to gather and play. The city is giving developers massive zoning loopholes to build high-rise monstrosities.",stable_historic,resident
225,We are coordinating with the school board capacity planning to accommodate new families. Our project will contribute direct funding to local educational infrastructure. Our project will contribute direct funding to local educational infrastructure. We are working with historians to preserve key structural elements of the site.,stable_historic,developer_official
226,This concrete jungle is an issue of environmental justice for our neighborhood children. Our community is tired of being ignored by city sanitation departments. Potholes and broken pavement have been neglected by city services for months. Our community is tired of being ignored by city sanitation departments.,stable_historic,resident
227,The skyrocketing rents in this neighborhood are completely out of control. The skyrocketing rents in this neighborhood are completely out of control. Gentrification is causing the cultural displacement of our local artists and murals.,rapidly_gentrifying,resident
228,The design incorporates historical context while permitting architectural evolution. Our construction respects local heritage through sensitive aesthetic and structural design. The project budget includes private maintenance contracts for public sidewalks.,stable_historic,developer_official
229,"Our children deserve equal access to quality educational resources. Families are struggling with changing school district boundaries that divide neighborhoods. Local public parks are neglected, and we lack green space and mature shade trees. We must demand historic landmark status to preserve our community heritage.",stable_historic,resident
230,We expect significant foot traffic to support the new dining and boutique options. Our project will contribute direct funding to local educational infrastructure. Our residential development project will add both market-rate housing and designated affordable units. Modernizing the storefronts will revitalize the business corridor and create jobs.,rapidly_gentrifying,developer_official
231,The project includes significant landscaping improvements and modern public park amenities. Our construction respects local heritage through sensitive aesthetic and structural design. The project includes significant landscaping improvements and modern public park amenities.,stable_historic,developer_official
232,We are building sustainable leisure spaces and public plazas for the community to enjoy. We are pursuing an adaptive reuse model to modernize the historic facade. We are working with historians to preserve key structural elements of the site. The design incorporates historical context while permitting architectural evolution.,stable_historic,developer_official
233,These new luxury condos are destroying our unique neighborhood character. Corporate chains are displacing our long-standing local legacy businesses. Long-term residents are being pushed out of their community roots by rising costs. Broken street lights make these dark alleys feel very unsafe at night.,rapidly_gentrifying,resident
234,"The new boutique stores are price gouging and do not serve the needs of local families. Independent music venues are shutting down, erasing our neighborhood's unique identity. We must oppose zoning changes that override community wishes. This overdevelopment only serves developer profits and blocks the sun for existing homes.",rapidly_gentrifying,resident
235,"Our project features dedicated cultural activation spaces and public art galleries. The proposed redevelopment will modernize the area's outdated infrastructure and zoning. This revitalization project represents smart growth and transit-oriented density. We are partnering with local groups to establish a vibrant, active arts district.",rapidly_gentrifying,developer_official
236,Long-term residents are being pushed out of their community roots by rising costs. This overdevelopment only serves developer profits and blocks the sun for existing homes. The new boutique stores are price gouging and do not serve the needs of local families.,rapidly_gentrifying,resident
237,"Trash buildup and illegal dumping are plaguing our sidewalks and alleys. Local public parks are neglected, and we lack green space and mature shade trees. These streets hold our neighborhood history, roots, and local culture.",stable_historic,resident
238,Our residential development project will add both market-rate housing and designated affordable units. The cultural center will enhance community engagement and neighborhood branding. This revitalization project represents smart growth and transit-oriented density. Modernizing the storefronts will revitalize the business corridor and create jobs.,rapidly_gentrifying,developer_official
239,"We are facing massive displacement because of greedy landlords and speculators. Our beloved family-owned mom and pop stores are being priced out by commercial rent hikes. Arts funding should support grassroots local projects, not luxury galleries.",rapidly_gentrifying,resident
240,Improving sanitation infrastructure is a key benefit of our modernization plan. Our plan incorporates extensive urban greening and public plaza design concepts. We are coordinating with the school board capacity planning to accommodate new families. We are working with historians to preserve key structural elements of the site.,stable_historic,developer_official
241,We are establishing coordinated sanitation improvements with city public works agencies. The design incorporates historical context while permitting architectural evolution. We are building sustainable leisure spaces and public plazas for the community to enjoy.,stable_historic,developer_official
242,The design incorporates historical context while permitting architectural evolution. We are coordinating with the school board capacity planning to accommodate new families. Our construction respects local heritage through sensitive aesthetic and structural design. Our project will contribute direct funding to local educational infrastructure.,stable_historic,developer_official
243,Our residential development project will add both market-rate housing and designated affordable units. Modernizing the storefronts will revitalize the business corridor and create jobs. This revitalization project represents smart growth and transit-oriented density. Increasing the overall housing inventory is essential to balance market supply and demand.,rapidly_gentrifying,developer_official
244,We must establish protection programs for historical local businesses. Frequent bus delays and poor subway access make this area a transit desert. We must demand historic landmark status to preserve our community heritage.,stable_historic,resident
245,The proposed redevelopment will modernize the area's outdated infrastructure and zoning. Our architectural design is highly sensitive to the surrounding urban landscape. Increasing the overall housing inventory is essential to balance market supply and demand. Our plan incorporates extensive urban greening and public plaza design concepts.,rapidly_gentrifying,developer_official
246,This major capital investment will stabilize the local housing market and boost growth. Increasing the overall housing inventory is essential to balance market supply and demand. This commercial redevelopment supports local entrepreneurship and business district growth.,rapidly_gentrifying,developer_official
247,The safety enhancement design reduces crime through smart environmental layout. This family-friendly development includes dedications for classroom expansion. Our project will contribute direct funding to local educational infrastructure. Our plan incorporates extensive urban greening and public plaza design concepts.,stable_historic,developer_official
248,We need to invest in our neighborhood schools instead of promoting private charter schools. Historic preservation must come before corporate developer expansion. Demolishing these historical buildings destroys our collective memory and identity.,stable_historic,resident
249,Our children deserve equal access to quality educational resources. We must demand historic landmark status to preserve our community heritage. This concrete jungle is an issue of environmental justice for our neighborhood children. Bike lane safety is completely ignored on these busy and dangerous streets.,stable_historic,resident
250,"Arts funding should support grassroots local projects, not luxury galleries. Long-term residents are being pushed out of their community roots by rising costs. Gentrification is causing the cultural displacement of our local artists and murals.",rapidly_gentrifying,resident
251,We are pursuing an adaptive reuse model to modernize the historic facade. We are establishing coordinated sanitation improvements with city public works agencies. We are funding major service upgrades and regular street cleaning patrols in this sector. Improving sanitation infrastructure is a key benefit of our modernization plan.,stable_historic,developer_official
252,Our construction respects local heritage through sensitive aesthetic and structural design. Our project will contribute direct funding to local educational infrastructure. Our construction respects local heritage through sensitive aesthetic and structural design.,stable_historic,developer_official
253,We are proud to support local schools through our community benefit agreements. Our architectural design is highly sensitive to the surrounding urban landscape. We are seeking standard zoning variances for a new modern mixed-use development. The proposed redevelopment will modernize the area's outdated infrastructure and zoning.,rapidly_gentrifying,developer_official
254,These new luxury condos are destroying our unique neighborhood character. Gentrification is causing the cultural displacement of our local artists and murals. Our beloved family-owned mom and pop stores are being priced out by commercial rent hikes.,rapidly_gentrifying,resident
255,"Our community needs safe, clean green spaces to gather and play. We must demand historic landmark status to preserve our community heritage. Potholes and broken pavement have been neglected by city services for months.",stable_historic,resident
256,Our plan incorporates extensive urban greening and public plaza design concepts. The design incorporates historical context while permitting architectural evolution. We are coordinating with the school board capacity planning to accommodate new families. Modernizing the storefronts will revitalize the business corridor and create jobs.,stable_historic,developer_official
257,Our children deserve equal access to quality educational resources. We must oppose zoning changes that override community wishes. Families are struggling with changing school district boundaries that divide neighborhoods. This overdevelopment only serves developer profits and blocks the sun for existing homes.,rapidly_gentrifying,resident
258,Our residential development project will add both market-rate housing and designated affordable units. This major capital investment will stabilize the local housing market and boost growth. We expect significant foot traffic to support the new dining and boutique options. Our residential development project will add both market-rate housing and designated affordable units.,rapidly_gentrifying,developer_official
259,This overdevelopment only serves developer profits and blocks the sun for existing homes. Long-term residents are being pushed out of their community roots by rising costs. We are facing massive displacement because of greedy landlords and speculators.,rapidly_gentrifying,resident
260,"We are facing massive displacement because of greedy landlords and speculators. Local public parks are neglected, and we lack green space and mature shade trees. Our children deserve equal access to quality educational resources.",stable_historic,resident
261,Modernizing the storefronts will revitalize the business corridor and create jobs. Our residential development project will add both market-rate housing and designated affordable units. The proposed redevelopment will modernize the area's outdated infrastructure and zoning. We are seeking standard zoning variances for a new modern mixed-use development.,rapidly_gentrifying,developer_official
262,We are pursuing an adaptive reuse model to modernize the historic facade. We are working with historians to preserve key structural elements of the site. The green roof design contributes to municipal environmental sustainability goals.,stable_historic,developer_official
263,Connecting this zone to the subway line will generate widespread positive externalities. We are proud to support local schools through our community benefit agreements. The design incorporates historical context while permitting architectural evolution. Our plan incorporates extensive urban greening and public plaza design concepts.,stable_historic,developer_official
264,Families are struggling with changing school district boundaries that divide neighborhoods. The city is giving developers massive zoning loopholes to build high-rise monstrosities. These new luxury condos are destroying our unique neighborhood character. Gentrification is causing the cultural displacement of our local artists and murals.,rapidly_gentrifying,resident
265,This revitalization project represents smart growth and transit-oriented density. This major capital investment will stabilize the local housing market and boost growth. The proposed redevelopment will modernize the area's outdated infrastructure and zoning. The cultural center will enhance community engagement and neighborhood branding.,rapidly_gentrifying,developer_official
266,We are proud to support local schools through our community benefit agreements. This revitalization project represents smart growth and transit-oriented density. Our residential development project will add both market-rate housing and designated affordable units. This family-friendly development includes dedications for classroom expansion.,rapidly_gentrifying,developer_official
267,The city is giving developers massive zoning loopholes to build high-rise monstrosities. Families are struggling with changing school district boundaries that divide neighborhoods. We need to protect our community garden from being paved over for developments. Demolishing these historical buildings destroys our collective memory and identity.,stable_historic,resident
268,These new luxury condos are destroying our unique neighborhood character. We must establish protection programs for historical local businesses. These new luxury condos are destroying our unique neighborhood character. This overdevelopment only serves developer profits and blocks the sun for existing homes.,rapidly_gentrifying,resident
269,Our residential development project will add both market-rate housing and designated affordable units. Our architectural design is highly sensitive to the surrounding urban landscape. Increasing the overall housing inventory is essential to balance market supply and demand.,rapidly_gentrifying,developer_official
270,"Our community is tired of being ignored by city sanitation departments. These streets hold our neighborhood history, roots, and local culture. Demolishing these historical buildings destroys our collective memory and identity.",stable_historic,resident
271,Our local public schools suffer from overcrowded classrooms and severe funding cuts. Families are struggling with changing school district boundaries that divide neighborhoods. We need to protect our community garden from being paved over for developments. We must demand historic landmark status to preserve our community heritage.,stable_historic,resident
272,We are facing massive displacement because of greedy landlords and speculators. We are facing massive displacement because of greedy landlords and speculators. We are facing massive displacement because of greedy landlords and speculators. The skyrocketing rents in this neighborhood are completely out of control.,rapidly_gentrifying,resident
273,The city is giving developers massive zoning loopholes to build high-rise monstrosities. We are facing massive displacement because of greedy landlords and speculators. We desperately need affordable housing and stronger tenant protections against evictions. Long-term residents are being pushed out of their community roots by rising costs.,rapidly_gentrifying,resident
274,This family-friendly development includes dedications for classroom expansion. Our security plan is fully coordinated with municipal public safety agencies. The design incorporates historical context while permitting architectural evolution. We are working with historians to preserve key structural elements of the site.,stable_historic,developer_official
275,Our architectural design is highly sensitive to the surrounding urban landscape. Our project features dedicated cultural activation spaces and public art galleries. We are maximizing unit density near transportation corridors to spur local economic development. This development will support the local creative economy and public art installations.,rapidly_gentrifying,developer_official
276,"Demolishing these historical buildings destroys our collective memory and identity. Historic preservation must come before corporate developer expansion. These streets hold our neighborhood history, roots, and local culture.",stable_historic,resident
277,We desperately need affordable housing and stronger tenant protections against evictions. The city is giving developers massive zoning loopholes to build high-rise monstrosities. We desperately need affordable housing and stronger tenant protections against evictions.,rapidly_gentrifying,resident
278,We deserve reliable street cleaning and basic municipal services like other districts. We need to invest in our neighborhood schools instead of promoting private charter schools. Our local public schools suffer from overcrowded classrooms and severe funding cuts.,stable_historic,resident
279,This major capital investment will stabilize the local housing market and boost growth. This revitalization project represents smart growth and transit-oriented density. We are coordinating major transit-oriented infrastructural upgrades with city transport agencies.,rapidly_gentrifying,developer_official
280,"Modernizing the storefronts will revitalize the business corridor and create jobs. We are partnering with local groups to establish a vibrant, active arts district. Creating a bright, active public space improves pedestrian safety and street vitality. Increasing the overall housing inventory is essential to balance market supply and demand.",rapidly_gentrifying,developer_official
281,The project budget includes private maintenance contracts for public sidewalks. The project includes significant landscaping improvements and modern public park amenities. Our construction respects local heritage through sensitive aesthetic and structural design.,stable_historic,developer_official
282,We are maximizing unit density near transportation corridors to spur local economic development. We are seeking standard zoning variances for a new modern mixed-use development. This major capital investment will stabilize the local housing market and boost growth.,rapidly_gentrifying,developer_official
283,We are maximizing unit density near transportation corridors to spur local economic development. This revitalization project represents smart growth and transit-oriented density. This commercial redevelopment supports local entrepreneurship and business district growth.,rapidly_gentrifying,developer_official
284,Gentrification is causing the cultural displacement of our local artists and murals. We must oppose zoning changes that override community wishes. Historic preservation must come before corporate developer expansion. We must oppose zoning changes that override community wishes.,rapidly_gentrifying,resident
285,"We are partnering with local groups to establish a vibrant, active arts district. This revitalization project represents smart growth and transit-oriented density. The proposed redevelopment will modernize the area's outdated infrastructure and zoning.",rapidly_gentrifying,developer_official
286,This major capital investment will stabilize the local housing market and boost growth. The ground-floor retail activation will boost commercial vitality and attract shoppers. Increasing the overall housing inventory is essential to balance market supply and demand.,rapidly_gentrifying,developer_official
287,Our residential development project will add both market-rate housing and designated affordable units. This development will support the local creative economy and public art installations. Modernizing the storefronts will revitalize the business corridor and create jobs. The design incorporates historical context while permitting architectural evolution.,rapidly_gentrifying,developer_official
288,Our residential development project will add both market-rate housing and designated affordable units. The proposed redevelopment will modernize the area's outdated infrastructure and zoning. Our residential development project will add both market-rate housing and designated affordable units.,rapidly_gentrifying,developer_official
289,This overdevelopment only serves developer profits and blocks the sun for existing homes. We must oppose zoning changes that override community wishes. We must oppose zoning changes that override community wishes.,rapidly_gentrifying,resident
290,Our architectural design is highly sensitive to the surrounding urban landscape. Our project features dedicated cultural activation spaces and public art galleries. The ground-floor retail activation will boost commercial vitality and attract shoppers.,rapidly_gentrifying,developer_official
291,Our architectural design is highly sensitive to the surrounding urban landscape. This major capital investment will stabilize the local housing market and boost growth. Connecting this zone to the subway line will generate widespread positive externalities. Increasing the overall housing inventory is essential to balance market supply and demand.,rapidly_gentrifying,developer_official
292,Our construction respects local heritage through sensitive aesthetic and structural design. We are working with historians to preserve key structural elements of the site. We are pursuing an adaptive reuse model to modernize the historic facade. We are pursuing an adaptive reuse model to modernize the historic facade.,stable_historic,developer_official
293,"Historic preservation must come before corporate developer expansion. Our children deserve equal access to quality educational resources. Local public parks are neglected, and we lack green space and mature shade trees.",stable_historic,resident
294,"Trash buildup and illegal dumping are plaguing our sidewalks and alleys. We must demand historic landmark status to preserve our community heritage. Our community needs safe, clean green spaces to gather and play. We need to protect our community garden from being paved over for developments.",stable_historic,resident
295,"Our community needs safe, clean green spaces to gather and play. These new luxury condos are destroying our unique neighborhood character. Historic preservation must come before corporate developer expansion. Traffic congestion is getting worse, and fare hikes are hurting working-class commuters.",stable_historic,resident
296,We are coordinating with the school board capacity planning to accommodate new families. We are proud to support local schools through our community benefit agreements. This family-friendly development includes dedications for classroom expansion.,stable_historic,developer_official
297,The cultural center will enhance community engagement and neighborhood branding. We are maximizing unit density near transportation corridors to spur local economic development. This revitalization project represents smart growth and transit-oriented density. Increasing the overall housing inventory is essential to balance market supply and demand.,rapidly_gentrifying,developer_official
298,Our architectural design is highly sensitive to the surrounding urban landscape. This development will support the local creative economy and public art installations. Increasing the overall housing inventory is essential to balance market supply and demand.,rapidly_gentrifying,developer_official
299,Gentrification is causing the cultural displacement of our local artists and murals. Long-term residents are being pushed out of their community roots by rising costs. We are facing massive displacement because of greedy landlords and speculators.,rapidly_gentrifying,resident
300,We must demand historic landmark status to preserve our community heritage. This concrete jungle is an issue of environmental justice for our neighborhood children. Our local public schools suffer from overcrowded classrooms and severe funding cuts.,stable_historic,resident
301,We are maximizing unit density near transportation corridors to spur local economic development. Our residential development project will add both market-rate housing and designated affordable units. Increasing the overall housing inventory is essential to balance market supply and demand. This commercial redevelopment supports local entrepreneurship and business district growth.,rapidly_gentrifying,developer_official
302,We are maximizing unit density near transportation corridors to spur local economic development. This major capital investment will stabilize the local housing market and boost growth. Increasing the overall housing inventory is essential to balance market supply and demand. We are coordinating with the school board capacity planning to accommodate new families.,rapidly_gentrifying,developer_official
303,The proposed redevelopment will modernize the area's outdated infrastructure and zoning. Our architectural design is highly sensitive to the surrounding urban landscape. The cultural center will enhance community engagement and neighborhood branding. Increasing the overall housing inventory is essential to balance market supply and demand.,rapidly_gentrifying,developer_official
304,This commercial redevelopment supports local entrepreneurship and business district growth. Increasing the overall housing inventory is essential to balance market supply and demand. This revitalization project represents smart growth and transit-oriented density.,rapidly_gentrifying,developer_official
305,We need active community policing and safe streets for our children. We need to protect our community garden from being paved over for developments. Our local public schools suffer from overcrowded classrooms and severe funding cuts.,stable_historic,resident
306,We are pursuing an adaptive reuse model to modernize the historic facade. Our construction respects local heritage through sensitive aesthetic and structural design. Our plan incorporates extensive urban greening and public plaza design concepts. Our plan incorporates extensive urban greening and public plaza design concepts.,stable_historic,developer_official
307,Connecting this zone to the subway line will generate widespread positive externalities. Our construction respects local heritage through sensitive aesthetic and structural design. We expect significant foot traffic to support the new dining and boutique options.,stable_historic,developer_official
308,The new boutique stores are price gouging and do not serve the needs of local families. Gentrification is causing the cultural displacement of our local artists and murals. We are facing massive displacement because of greedy landlords and speculators. Long-term residents are being pushed out of their community roots by rising costs.,rapidly_gentrifying,resident
309,Improving sanitation infrastructure is a key benefit of our modernization plan. Our construction respects local heritage through sensitive aesthetic and structural design. The project includes significant landscaping improvements and modern public park amenities. We are working with historians to preserve key structural elements of the site.,stable_historic,developer_official
310,Improving sanitation infrastructure is a key benefit of our modernization plan. We are coordinating with the school board capacity planning to accommodate new families. We are coordinating with the school board capacity planning to accommodate new families.,stable_historic,developer_official
311,Increasing the overall housing inventory is essential to balance market supply and demand. This development will support the local creative economy and public art installations. We are maximizing unit density near transportation corridors to spur local economic development.,rapidly_gentrifying,developer_official
312,We expect significant foot traffic to support the new dining and boutique options. We are maximizing unit density near transportation corridors to spur local economic development. The ground-floor retail activation will boost commercial vitality and attract shoppers. Modernizing the storefronts will revitalize the business corridor and create jobs.,rapidly_gentrifying,developer_official
313,The design incorporates historical context while permitting architectural evolution. We are establishing coordinated sanitation improvements with city public works agencies. Our construction respects local heritage through sensitive aesthetic and structural design.,stable_historic,developer_official
314,We are maximizing unit density near transportation corridors to spur local economic development. Our residential development project will add both market-rate housing and designated affordable units. This revitalization project represents smart growth and transit-oriented density.,rapidly_gentrifying,developer_official
315,"These streets hold our neighborhood history, roots, and local culture. Demolishing these historical buildings destroys our collective memory and identity. Demolishing these historical buildings destroys our collective memory and identity.",stable_historic,resident
316,This family-friendly development includes dedications for classroom expansion. We are working with historians to preserve key structural elements of the site. We are building sustainable leisure spaces and public plazas for the community to enjoy. The green roof design contributes to municipal environmental sustainability goals.,stable_historic,developer_official
317,"These streets hold our neighborhood history, roots, and local culture. This concrete jungle is an issue of environmental justice for our neighborhood children. Historic preservation must come before corporate developer expansion. Demolishing these historical buildings destroys our collective memory and identity.",stable_historic,resident
318,We must establish protection programs for historical local businesses. We must oppose zoning changes that override community wishes. These new luxury condos are destroying our unique neighborhood character. We are facing massive displacement because of greedy landlords and speculators.,rapidly_gentrifying,resident
319,We are seeking standard zoning variances for a new modern mixed-use development. Our residential development project will add both market-rate housing and designated affordable units. Increasing the overall housing inventory is essential to balance market supply and demand.,rapidly_gentrifying,developer_official
320,Our plan incorporates extensive urban greening and public plaza design concepts. Our residential development project will add both market-rate housing and designated affordable units. The ground-floor retail activation will boost commercial vitality and attract shoppers. This development will support the local creative economy and public art installations.,rapidly_gentrifying,developer_official
321,Our construction respects local heritage through sensitive aesthetic and structural design. Our plan incorporates extensive urban greening and public plaza design concepts. We are pursuing an adaptive reuse model to modernize the historic facade. This family-friendly development includes dedications for classroom expansion.,stable_historic,developer_official
322,Our plan incorporates extensive urban greening and public plaza design concepts. The design prioritizes pedestrian-friendly walking corridors and multi-modal mobility options. Improving sanitation infrastructure is a key benefit of our modernization plan. We are funding major service upgrades and regular street cleaning patrols in this sector.,stable_historic,developer_official
323,The skyrocketing rents in this neighborhood are completely out of control. The skyrocketing rents in this neighborhood are completely out of control. Broken street lights make these dark alleys feel very unsafe at night. We desperately need affordable housing and stronger tenant protections against evictions.,rapidly_gentrifying,resident
324,"Bike lane safety is completely ignored on these busy and dangerous streets. These new luxury condos are destroying our unique neighborhood character. We must establish protection programs for historical local businesses. Arts funding should support grassroots local projects, not luxury galleries.",rapidly_gentrifying,resident
325,Our construction respects local heritage through sensitive aesthetic and structural design. Our construction respects local heritage through sensitive aesthetic and structural design. We are pursuing an adaptive reuse model to modernize the historic facade.,stable_historic,developer_official
326,We are proud to support local schools through our community benefit agreements. Our residential development project will add both market-rate housing and designated affordable units. This family-friendly development includes dedications for classroom expansion.,stable_historic,developer_official
327,These new luxury condos are destroying our unique neighborhood character. This overdevelopment only serves developer profits and blocks the sun for existing homes. We need to preserve our community murals and local creative spaces from destruction. We desperately need affordable housing and stronger tenant protections against evictions.,rapidly_gentrifying,resident
328,"Demolishing these historical buildings destroys our collective memory and identity. We deserve reliable street cleaning and basic municipal services like other districts. Our community needs safe, clean green spaces to gather and play.",stable_historic,resident
329,The skyrocketing rents in this neighborhood are completely out of control. The new boutique stores are price gouging and do not serve the needs of local families. Our beloved family-owned mom and pop stores are being priced out by commercial rent hikes.,rapidly_gentrifying,resident
330,Bike lane safety is completely ignored on these busy and dangerous streets. We need to protect our community garden from being paved over for developments. Demolishing these historical buildings destroys our collective memory and identity. We deserve reliable street cleaning and basic municipal services like other districts.,stable_historic,resident
331,Our construction respects local heritage through sensitive aesthetic and structural design. We are working with historians to preserve key structural elements of the site. We are pursuing an adaptive reuse model to modernize the historic facade.,stable_historic,developer_official
332,We must establish protection programs for historical local businesses. This concrete jungle is an issue of environmental justice for our neighborhood children. We are facing massive displacement because of greedy landlords and speculators.,stable_historic,resident
333,"The city is giving developers massive zoning loopholes to build high-rise monstrosities. We must establish protection programs for historical local businesses. Independent music venues are shutting down, erasing our neighborhood's unique identity.",rapidly_gentrifying,resident
334,"We desperately need affordable housing and stronger tenant protections against evictions. The city is giving developers massive zoning loopholes to build high-rise monstrosities. We need to preserve our community murals and local creative spaces from destruction. Arts funding should support grassroots local projects, not luxury galleries.",rapidly_gentrifying,resident
335,We are maximizing unit density near transportation corridors to spur local economic development. This major capital investment will stabilize the local housing market and boost growth. The ground-floor retail activation will boost commercial vitality and attract shoppers. Our residential development project will add both market-rate housing and designated affordable units.,rapidly_gentrifying,developer_official
336,The design incorporates historical context while permitting architectural evolution. The project includes significant landscaping improvements and modern public park amenities. We are proud to support local schools through our community benefit agreements. We are building sustainable leisure spaces and public plazas for the community to enjoy.,stable_historic,developer_official
337,We are establishing coordinated sanitation improvements with city public works agencies. The project includes significant landscaping improvements and modern public park amenities. We are funding major service upgrades and regular street cleaning patrols in this sector. Our construction respects local heritage through sensitive aesthetic and structural design.,stable_historic,developer_official
338,"The skyrocketing rents in this neighborhood are completely out of control. This overdevelopment only serves developer profits and blocks the sun for existing homes. Independent music venues are shutting down, erasing our neighborhood's unique identity. Our beloved family-owned mom and pop stores are being priced out by commercial rent hikes.",rapidly_gentrifying,resident
339,Increasing security should not come at the expense of community harassment. We desperately need affordable housing and stronger tenant protections against evictions. We must establish protection programs for historical local businesses.,rapidly_gentrifying,resident
340,Trash buildup and illegal dumping are plaguing our sidewalks and alleys. Historic preservation must come before corporate developer expansion. We must demand historic landmark status to preserve our community heritage. Historic preservation must come before corporate developer expansion.,stable_historic,resident
341,The proposed redevelopment will modernize the area's outdated infrastructure and zoning. Our project features dedicated cultural activation spaces and public art galleries. The proposed redevelopment will modernize the area's outdated infrastructure and zoning.,rapidly_gentrifying,developer_official
342,We must oppose zoning changes that override community wishes. These new luxury condos are destroying our unique neighborhood character. We are facing massive displacement because of greedy landlords and speculators.,rapidly_gentrifying,resident
343,We are pursuing an adaptive reuse model to modernize the historic facade. We are coordinating with the school board capacity planning to accommodate new families. The design incorporates historical context while permitting architectural evolution. We are coordinating with the school board capacity planning to accommodate new families.,stable_historic,developer_official
344,Our project will contribute direct funding to local educational infrastructure. The design incorporates historical context while permitting architectural evolution. Our construction respects local heritage through sensitive aesthetic and structural design.,stable_historic,developer_official
345,"Demolishing these historical buildings destroys our collective memory and identity. This concrete jungle is an issue of environmental justice for our neighborhood children. We must demand historic landmark status to preserve our community heritage. Local public parks are neglected, and we lack green space and mature shade trees.",stable_historic,resident
346,Our project features dedicated cultural activation spaces and public art galleries. We are establishing coordinated sanitation improvements with city public works agencies. This development will support the local creative economy and public art installations.,stable_historic,developer_official
347,We need to preserve our community murals and local creative spaces from destruction. Demolishing these historical buildings destroys our collective memory and identity. Our children deserve equal access to quality educational resources. We need to invest in our neighborhood schools instead of promoting private charter schools.,stable_historic,resident
348,Increasing the overall housing inventory is essential to balance market supply and demand. Increasing the overall housing inventory is essential to balance market supply and demand. We expect significant foot traffic to support the new dining and boutique options. This development will support the local creative economy and public art installations.,rapidly_gentrifying,developer_official
349,"We are seeking standard zoning variances for a new modern mixed-use development. We are partnering with local groups to establish a vibrant, active arts district. This major capital investment will stabilize the local housing market and boost growth. Our architectural design is highly sensitive to the surrounding urban landscape.",rapidly_gentrifying,developer_official
350,The skyrocketing rents in this neighborhood are completely out of control. Corporate chains are displacing our long-standing local legacy businesses. The new boutique stores are price gouging and do not serve the needs of local families. We desperately need affordable housing and stronger tenant protections against evictions.,rapidly_gentrifying,resident
351,This overdevelopment only serves developer profits and blocks the sun for existing homes. We desperately need affordable housing and stronger tenant protections against evictions. These new luxury condos are destroying our unique neighborhood character.,rapidly_gentrifying,resident
352,We are building sustainable leisure spaces and public plazas for the community to enjoy. We are pursuing an adaptive reuse model to modernize the historic facade. The green roof design contributes to municipal environmental sustainability goals.,stable_historic,developer_official
353,Increasing the overall housing inventory is essential to balance market supply and demand. Our architectural design is highly sensitive to the surrounding urban landscape. Increasing the overall housing inventory is essential to balance market supply and demand.,rapidly_gentrifying,developer_official
354,"We are establishing coordinated sanitation improvements with city public works agencies. Our construction respects local heritage through sensitive aesthetic and structural design. We are partnering with local groups to establish a vibrant, active arts district.",stable_historic,developer_official
355,We are funding major service upgrades and regular street cleaning patrols in this sector. Our plan incorporates extensive urban greening and public plaza design concepts. We are installing advanced security systems and modern street lighting across the site.,stable_historic,developer_official
356,"Demolishing these historical buildings destroys our collective memory and identity. Potholes and broken pavement have been neglected by city services for months. Our community needs safe, clean green spaces to gather and play.",stable_historic,resident
357,Our children deserve equal access to quality educational resources. We must demand historic landmark status to preserve our community heritage. Families are struggling with changing school district boundaries that divide neighborhoods.,stable_historic,resident
358,Our beloved family-owned mom and pop stores are being priced out by commercial rent hikes. These new luxury condos are destroying our unique neighborhood character. Long-term residents are being pushed out of their community roots by rising costs. The new boutique stores are price gouging and do not serve the needs of local families.,rapidly_gentrifying,resident
359,Historic preservation must come before corporate developer expansion. We must establish protection programs for historical local businesses. We must demand historic landmark status to preserve our community heritage. We deserve reliable street cleaning and basic municipal services like other districts.,stable_historic,resident
360,Demolishing these historical buildings destroys our collective memory and identity. Potholes and broken pavement have been neglected by city services for months. We need to invest in our neighborhood schools instead of promoting private charter schools. The new boutique stores are price gouging and do not serve the needs of local families.,stable_historic,resident
361,Our beloved family-owned mom and pop stores are being priced out by commercial rent hikes. The skyrocketing rents in this neighborhood are completely out of control. The skyrocketing rents in this neighborhood are completely out of control.,rapidly_gentrifying,resident
362,"The city is giving developers massive zoning loopholes to build high-rise monstrosities. These streets hold our neighborhood history, roots, and local culture. We need to protect our community garden from being paved over for developments. Historic preservation must come before corporate developer expansion.",stable_historic,resident
363,This development will support the local creative economy and public art installations. This development will support the local creative economy and public art installations. The ground-floor retail activation will boost commercial vitality and attract shoppers. Our architectural design is highly sensitive to the surrounding urban landscape.,rapidly_gentrifying,developer_official
364,Families are struggling with changing school district boundaries that divide neighborhoods. We need to invest in our neighborhood schools instead of promoting private charter schools. Historic preservation must come before corporate developer expansion. Demolishing these historical buildings destroys our collective memory and identity.,stable_historic,resident
365,Our beloved family-owned mom and pop stores are being priced out by commercial rent hikes. We must oppose zoning changes that override community wishes. These new luxury condos are destroying our unique neighborhood character. We are facing massive displacement because of greedy landlords and speculators.,rapidly_gentrifying,resident
366,Corporate chains are displacing our long-standing local legacy businesses. We must oppose zoning changes that override community wishes. The city is giving developers massive zoning loopholes to build high-rise monstrosities. The city is giving developers massive zoning loopholes to build high-rise monstrosities.,rapidly_gentrifying,resident
367,This family-friendly development includes dedications for classroom expansion. We are working with historians to preserve key structural elements of the site. We are coordinating with the school board capacity planning to accommodate new families.,stable_historic,developer_official
368,"Our local public schools suffer from overcrowded classrooms and severe funding cuts. Local public parks are neglected, and we lack green space and mature shade trees. Our children deserve equal access to quality educational resources. We must demand historic landmark status to preserve our community heritage.",stable_historic,resident
369,We must oppose zoning changes that override community wishes. We need to protect our community garden from being paved over for developments. We need to protect our community garden from being paved over for developments.,stable_historic,resident
370,Our residential development project will add both market-rate housing and designated affordable units. This major capital investment will stabilize the local housing market and boost growth. Our residential development project will add both market-rate housing and designated affordable units.,rapidly_gentrifying,developer_official
371,This overdevelopment only serves developer profits and blocks the sun for existing homes. Trash buildup and illegal dumping are plaguing our sidewalks and alleys. We need to protect our community garden from being paved over for developments.,stable_historic,resident
372,The design incorporates historical context while permitting architectural evolution. Improving sanitation infrastructure is a key benefit of our modernization plan. The project includes significant landscaping improvements and modern public park amenities.,stable_historic,developer_official
373,"Families are struggling with changing school district boundaries that divide neighborhoods. Our community is tired of being ignored by city sanitation departments. Local public parks are neglected, and we lack green space and mature shade trees.",stable_historic,resident
374,The design prioritizes pedestrian-friendly walking corridors and multi-modal mobility options. We are funding major service upgrades and regular street cleaning patrols in this sector. We are working with historians to preserve key structural elements of the site.,stable_historic,developer_official
375,We are coordinating with the school board capacity planning to accommodate new families. The green roof design contributes to municipal environmental sustainability goals. The green roof design contributes to municipal environmental sustainability goals.,stable_historic,developer_official
376,This major capital investment will stabilize the local housing market and boost growth. Our plan incorporates extensive urban greening and public plaza design concepts. We are pursuing an adaptive reuse model to modernize the historic facade.,stable_historic,developer_official
377,We are proud to support local schools through our community benefit agreements. Our construction respects local heritage through sensitive aesthetic and structural design. Our construction respects local heritage through sensitive aesthetic and structural design. The green roof design contributes to municipal environmental sustainability goals.,stable_historic,developer_official
378,"Local public parks are neglected, and we lack green space and mature shade trees. Our community needs safe, clean green spaces to gather and play. The skyrocketing rents in this neighborhood are completely out of control. Trash buildup and illegal dumping are plaguing our sidewalks and alleys.",stable_historic,resident
379,This overdevelopment only serves developer profits and blocks the sun for existing homes. We must oppose zoning changes that override community wishes. We must establish protection programs for historical local businesses. Gentrification is causing the cultural displacement of our local artists and murals.,rapidly_gentrifying,resident
380,Our children deserve equal access to quality educational resources. We need to invest in our neighborhood schools instead of promoting private charter schools. We need to protect our community garden from being paved over for developments.,stable_historic,resident
381,The cultural center will enhance community engagement and neighborhood branding. Increasing the overall housing inventory is essential to balance market supply and demand. We expect significant foot traffic to support the new dining and boutique options.,rapidly_gentrifying,developer_official
382,"These streets hold our neighborhood history, roots, and local culture. Local public parks are neglected, and we lack green space and mature shade trees. Our local public schools suffer from overcrowded classrooms and severe funding cuts. These streets hold our neighborhood history, roots, and local culture.",stable_historic,resident
383,We are pursuing an adaptive reuse model to modernize the historic facade. Our construction respects local heritage through sensitive aesthetic and structural design. We are working with historians to preserve key structural elements of the site. Our project features dedicated cultural activation spaces and public art galleries.,stable_historic,developer_official
384,Increasing the overall housing inventory is essential to balance market supply and demand. We are maximizing unit density near transportation corridors to spur local economic development. We are seeking standard zoning variances for a new modern mixed-use development.,rapidly_gentrifying,developer_official
385,Our security plan is fully coordinated with municipal public safety agencies. We are working with historians to preserve key structural elements of the site. Our construction respects local heritage through sensitive aesthetic and structural design. Our project will contribute direct funding to local educational infrastructure.,stable_historic,developer_official
386,"These streets hold our neighborhood history, roots, and local culture. Demolishing these historical buildings destroys our collective memory and identity. We need to protect our community garden from being paved over for developments.",stable_historic,resident
387,The project includes significant landscaping improvements and modern public park amenities. We expect significant foot traffic to support the new dining and boutique options. The design incorporates historical context while permitting architectural evolution.,stable_historic,developer_official
388,We are building sustainable leisure spaces and public plazas for the community to enjoy. The design incorporates historical context while permitting architectural evolution. The project budget includes private maintenance contracts for public sidewalks. Our plan incorporates extensive urban greening and public plaza design concepts.,stable_historic,developer_official
389,We are coordinating major transit-oriented infrastructural upgrades with city transport agencies. Our architectural design is highly sensitive to the surrounding urban landscape. We are maximizing unit density near transportation corridors to spur local economic development. Increasing the overall housing inventory is essential to balance market supply and demand.,rapidly_gentrifying,developer_official
390,"Increasing the overall housing inventory is essential to balance market supply and demand. This major capital investment will stabilize the local housing market and boost growth. This major capital investment will stabilize the local housing market and boost growth. We are partnering with local groups to establish a vibrant, active arts district.",rapidly_gentrifying,developer_official
391,This overdevelopment only serves developer profits and blocks the sun for existing homes. We need to preserve our community murals and local creative spaces from destruction. The new boutique stores are price gouging and do not serve the needs of local families. These new luxury condos are destroying our unique neighborhood character.,rapidly_gentrifying,resident
392,The cultural center will enhance community engagement and neighborhood branding. This major capital investment will stabilize the local housing market and boost growth. This development will support the local creative economy and public art installations. We are maximizing unit density near transportation corridors to spur local economic development.,rapidly_gentrifying,developer_official
393,This concrete jungle is an issue of environmental justice for our neighborhood children. We need to protect our community garden from being paved over for developments. This concrete jungle is an issue of environmental justice for our neighborhood children.,stable_historic,resident
394,We must oppose zoning changes that override community wishes. This overdevelopment only serves developer profits and blocks the sun for existing homes. These new luxury condos are destroying our unique neighborhood character.,rapidly_gentrifying,resident
395,Trash buildup and illegal dumping are plaguing our sidewalks and alleys. We must demand historic landmark status to preserve our community heritage. Historic preservation must come before corporate developer expansion.,stable_historic,resident
396,Demolishing these historical buildings destroys our collective memory and identity. We need to protect our community garden from being paved over for developments. We need to protect our community garden from being paved over for developments.,stable_historic,resident
397,Our security plan is fully coordinated with municipal public safety agencies. The green roof design contributes to municipal environmental sustainability goals. We are proud to support local schools through our community benefit agreements. The design incorporates historical context while permitting architectural evolution.,stable_historic,developer_official
398,The project budget includes private maintenance contracts for public sidewalks. We are coordinating with the school board capacity planning to accommodate new families. The design prioritizes pedestrian-friendly walking corridors and multi-modal mobility options. The project includes significant landscaping improvements and modern public park amenities.,stable_historic,developer_official
399,This development will support the local creative economy and public art installations. The ground-floor retail activation will boost commercial vitality and attract shoppers. This commercial redevelopment supports local entrepreneurship and business district growth.,rapidly_gentrifying,developer_official
400,This development will support the local creative economy and public art installations. This revitalization project represents smart growth and transit-oriented density. This major capital investment will stabilize the local housing market and boost growth.,rapidly_gentrifying,developer_official
401,"This concrete jungle is an issue of environmental justice for our neighborhood children. Historic preservation must come before corporate developer expansion. Local public parks are neglected, and we lack green space and mature shade trees.",stable_historic,resident
402,The city is giving developers massive zoning loopholes to build high-rise monstrosities. We are facing massive displacement because of greedy landlords and speculators. The skyrocketing rents in this neighborhood are completely out of control. This overdevelopment only serves developer profits and blocks the sun for existing homes.,rapidly_gentrifying,resident
403,"We deserve reliable street cleaning and basic municipal services like other districts. Our community needs safe, clean green spaces to gather and play. Traffic congestion is getting worse, and fare hikes are hurting working-class commuters. Historic preservation must come before corporate developer expansion.",stable_historic,resident
404,This revitalization project represents smart growth and transit-oriented density. Increasing the overall housing inventory is essential to balance market supply and demand. This development will support the local creative economy and public art installations.,rapidly_gentrifying,developer_official
405,Our construction respects local heritage through sensitive aesthetic and structural design. The design incorporates historical context while permitting architectural evolution. Our plan incorporates extensive urban greening and public plaza design concepts.,stable_historic,developer_official
406,We need to protect our community garden from being paved over for developments. Our children deserve equal access to quality educational resources. We must establish protection programs for historical local businesses. Bike lane safety is completely ignored on these busy and dangerous streets.,stable_historic,resident
407,Our plan incorporates extensive urban greening and public plaza design concepts. Our construction respects local heritage through sensitive aesthetic and structural design. We are pursuing an adaptive reuse model to modernize the historic facade.,stable_historic,developer_official
408,"Our beloved family-owned mom and pop stores are being priced out by commercial rent hikes. Independent music venues are shutting down, erasing our neighborhood's unique identity. The new boutique stores are price gouging and do not serve the needs of local families.",rapidly_gentrifying,resident
409,"Independent music venues are shutting down, erasing our neighborhood's unique identity. Our children deserve equal access to quality educational resources. We desperately need affordable housing and stronger tenant protections against evictions. Families are struggling with changing school district boundaries that divide neighborhoods.",stable_historic,resident
410,The skyrocketing rents in this neighborhood are completely out of control. Our beloved family-owned mom and pop stores are being priced out by commercial rent hikes. We must demand historic landmark status to preserve our community heritage.,rapidly_gentrifying,resident
411,These new luxury condos are destroying our unique neighborhood character. Corporate chains are displacing our long-standing local legacy businesses. The new boutique stores are price gouging and do not serve the needs of local families. This overdevelopment only serves developer profits and blocks the sun for existing homes.,rapidly_gentrifying,resident
412,"This commercial redevelopment supports local entrepreneurship and business district growth. We are partnering with local groups to establish a vibrant, active arts district. We are partnering with local groups to establish a vibrant, active arts district.",rapidly_gentrifying,developer_official
413,The skyrocketing rents in this neighborhood are completely out of control. Long-term residents are being pushed out of their community roots by rising costs. We desperately need affordable housing and stronger tenant protections against evictions. We must oppose zoning changes that override community wishes.,rapidly_gentrifying,resident
414,"We need to invest in our neighborhood schools instead of promoting private charter schools. We desperately need affordable housing and stronger tenant protections against evictions. Local public parks are neglected, and we lack green space and mature shade trees. We need to invest in our neighborhood schools instead of promoting private charter schools.",stable_historic,resident
415,The project includes significant landscaping improvements and modern public park amenities. Our construction respects local heritage through sensitive aesthetic and structural design. The design incorporates historical context while permitting architectural evolution. The project includes significant landscaping improvements and modern public park amenities.,stable_historic,developer_official
416,Long-term residents are being pushed out of their community roots by rising costs. We are facing massive displacement because of greedy landlords and speculators. We desperately need affordable housing and stronger tenant protections against evictions.,rapidly_gentrifying,resident
417,We need to preserve our community murals and local creative spaces from destruction. Frequent bus delays and poor subway access make this area a transit desert. Gentrification is causing the cultural displacement of our local artists and murals. We must oppose zoning changes that override community wishes.,rapidly_gentrifying,resident
418,The design incorporates historical context while permitting architectural evolution. This revitalization project represents smart growth and transit-oriented density. The cultural center will enhance community engagement and neighborhood branding. This revitalization project represents smart growth and transit-oriented density.,rapidly_gentrifying,developer_official
419,We are seeking standard zoning variances for a new modern mixed-use development. This new transit hub will significantly improve commuter access and public mobility. Increasing the overall housing inventory is essential to balance market supply and demand.,rapidly_gentrifying,developer_official
420,"Families are struggling with changing school district boundaries that divide neighborhoods. Our community needs safe, clean green spaces to gather and play. Our community needs safe, clean green spaces to gather and play.",stable_historic,resident
421,Historic preservation must come before corporate developer expansion. Demolishing these historical buildings destroys our collective memory and identity. Historic preservation must come before corporate developer expansion. We must demand historic landmark status to preserve our community heritage.,stable_historic,resident
422,"We need to protect our community garden from being paved over for developments. These streets hold our neighborhood history, roots, and local culture. These new luxury condos are destroying our unique neighborhood character.",stable_historic,resident
423,The ground-floor retail activation will boost commercial vitality and attract shoppers. This revitalization project represents smart growth and transit-oriented density. Our residential development project will add both market-rate housing and designated affordable units.,rapidly_gentrifying,developer_official
424,We are coordinating with the school board capacity planning to accommodate new families. We are proud to support local schools through our community benefit agreements. Improving sanitation infrastructure is a key benefit of our modernization plan.,stable_historic,developer_official
425,"Arts funding should support grassroots local projects, not luxury galleries. We must oppose zoning changes that override community wishes. The skyrocketing rents in this neighborhood are completely out of control.",rapidly_gentrifying,resident
426,"We desperately need affordable housing and stronger tenant protections against evictions. We must establish protection programs for historical local businesses. Long-term residents are being pushed out of their community roots by rising costs. Independent music venues are shutting down, erasing our neighborhood's unique identity.",rapidly_gentrifying,resident
427,"We must demand historic landmark status to preserve our community heritage. Our community needs safe, clean green spaces to gather and play. Local public parks are neglected, and we lack green space and mature shade trees.",stable_historic,resident
428,This concrete jungle is an issue of environmental justice for our neighborhood children. Our beloved family-owned mom and pop stores are being priced out by commercial rent hikes. Our children deserve equal access to quality educational resources. We must oppose zoning changes that override community wishes.,rapidly_gentrifying,resident
429,Increasing the overall housing inventory is essential to balance market supply and demand. Our residential development project will add both market-rate housing and designated affordable units. Our residential development project will add both market-rate housing and designated affordable units. The proposed redevelopment will modernize the area's outdated infrastructure and zoning.,rapidly_gentrifying,developer_official
430,"We need to invest in our neighborhood schools instead of promoting private charter schools. Demolishing these historical buildings destroys our collective memory and identity. This concrete jungle is an issue of environmental justice for our neighborhood children. Local public parks are neglected, and we lack green space and mature shade trees.",stable_historic,resident
431,We are working with historians to preserve key structural elements of the site. Our project will contribute direct funding to local educational infrastructure. We are seeking standard zoning variances for a new modern mixed-use development. The project includes significant landscaping improvements and modern public park amenities.,stable_historic,developer_official
432,This overdevelopment only serves developer profits and blocks the sun for existing homes. Our beloved family-owned mom and pop stores are being priced out by commercial rent hikes. Corporate chains are displacing our long-standing local legacy businesses. The city is giving developers massive zoning loopholes to build high-rise monstrosities.,rapidly_gentrifying,resident
433,"Families are struggling with changing school district boundaries that divide neighborhoods. These streets hold our neighborhood history, roots, and local culture. We must demand historic landmark status to preserve our community heritage. Our community needs safe, clean green spaces to gather and play.",stable_historic,resident
434,We are seeking standard zoning variances for a new modern mixed-use development. The proposed redevelopment will modernize the area's outdated infrastructure and zoning. We are maximizing unit density near transportation corridors to spur local economic development.,rapidly_gentrifying,developer_official
435,"The design incorporates historical context while permitting architectural evolution. We are partnering with local groups to establish a vibrant, active arts district. We are seeking standard zoning variances for a new modern mixed-use development.",rapidly_gentrifying,developer_official
436,We are proud to support local schools through our community benefit agreements. Our plan incorporates extensive urban greening and public plaza design concepts. The green roof design contributes to municipal environmental sustainability goals. Our construction respects local heritage through sensitive aesthetic and structural design.,stable_historic,developer_official
437,We expect significant foot traffic to support the new dining and boutique options. We are building sustainable leisure spaces and public plazas for the community to enjoy. We are working with historians to preserve key structural elements of the site.,stable_historic,developer_official
438,"The project budget includes private maintenance contracts for public sidewalks. We are partnering with local groups to establish a vibrant, active arts district. The design incorporates historical context while permitting architectural evolution.",stable_historic,developer_official
439,Demolishing these historical buildings destroys our collective memory and identity. We need to protect our community garden from being paved over for developments. Families are struggling with changing school district boundaries that divide neighborhoods.,stable_historic,resident
440,We expect significant foot traffic to support the new dining and boutique options. We are maximizing unit density near transportation corridors to spur local economic development. We are coordinating with the school board capacity planning to accommodate new families.,rapidly_gentrifying,developer_official
441,"Our community needs safe, clean green spaces to gather and play. Our children deserve equal access to quality educational resources. This concrete jungle is an issue of environmental justice for our neighborhood children.",stable_historic,resident
442,We are pursuing an adaptive reuse model to modernize the historic facade. We are funding major service upgrades and regular street cleaning patrols in this sector. The green roof design contributes to municipal environmental sustainability goals. We expect significant foot traffic to support the new dining and boutique options.,stable_historic,developer_official
443,Long-term residents are being pushed out of their community roots by rising costs. The skyrocketing rents in this neighborhood are completely out of control. We desperately need affordable housing and stronger tenant protections against evictions. These new luxury condos are destroying our unique neighborhood character.,rapidly_gentrifying,resident
444,We are proud to support local schools through our community benefit agreements. Our construction respects local heritage through sensitive aesthetic and structural design. Our construction respects local heritage through sensitive aesthetic and structural design.,stable_historic,developer_official
445,The ground-floor retail activation will boost commercial vitality and attract shoppers. This development will support the local creative economy and public art installations. This development will support the local creative economy and public art installations.,rapidly_gentrifying,developer_official
446,Increasing the overall housing inventory is essential to balance market supply and demand. The proposed redevelopment will modernize the area's outdated infrastructure and zoning. We expect significant foot traffic to support the new dining and boutique options. We expect significant foot traffic to support the new dining and boutique options.,rapidly_gentrifying,developer_official
447,This revitalization project represents smart growth and transit-oriented density. The proposed redevelopment will modernize the area's outdated infrastructure and zoning. This revitalization project represents smart growth and transit-oriented density. Our architectural design is highly sensitive to the surrounding urban landscape.,rapidly_gentrifying,developer_official
448,We are working with historians to preserve key structural elements of the site. This family-friendly development includes dedications for classroom expansion. Our construction respects local heritage through sensitive aesthetic and structural design. Our construction respects local heritage through sensitive aesthetic and structural design.,stable_historic,developer_official
449,We are building sustainable leisure spaces and public plazas for the community to enjoy. We are proud to support local schools through our community benefit agreements. We are pursuing an adaptive reuse model to modernize the historic facade.,stable_historic,developer_official
450,We are pursuing an adaptive reuse model to modernize the historic facade. The design incorporates historical context while permitting architectural evolution. The design incorporates historical context while permitting architectural evolution.,stable_historic,developer_official
451,"Long-term residents are being pushed out of their community roots by rising costs. Demolishing these historical buildings destroys our collective memory and identity. These streets hold our neighborhood history, roots, and local culture. These streets hold our neighborhood history, roots, and local culture.",stable_historic,resident
452,Potholes and broken pavement have been neglected by city services for months. Historic preservation must come before corporate developer expansion. Our community is tired of being ignored by city sanitation departments. Our community is tired of being ignored by city sanitation departments.,stable_historic,resident
453,Demolishing these historical buildings destroys our collective memory and identity. Our children deserve equal access to quality educational resources. Gentrification is causing the cultural displacement of our local artists and murals.,stable_historic,resident
454,Our residential development project will add both market-rate housing and designated affordable units. Our residential development project will add both market-rate housing and designated affordable units. We are installing advanced security systems and modern street lighting across the site. Our architectural design is highly sensitive to the surrounding urban landscape.,rapidly_gentrifying,developer_official
455,The new boutique stores are price gouging and do not serve the needs of local families. The new boutique stores are price gouging and do not serve the needs of local families. We desperately need affordable housing and stronger tenant protections against evictions.,rapidly_gentrifying,resident
456,We are seeking standard zoning variances for a new modern mixed-use development. Our project features dedicated cultural activation spaces and public art galleries. This major capital investment will stabilize the local housing market and boost growth.,rapidly_gentrifying,developer_official
457,This major capital investment will stabilize the local housing market and boost growth. This family-friendly development includes dedications for classroom expansion. The design incorporates historical context while permitting architectural evolution.,rapidly_gentrifying,developer_official
458,Demolishing these historical buildings destroys our collective memory and identity. We need to invest in our neighborhood schools instead of promoting private charter schools. Potholes and broken pavement have been neglected by city services for months.,stable_historic,resident
459,Improving sanitation infrastructure is a key benefit of our modernization plan. The green roof design contributes to municipal environmental sustainability goals. We are establishing coordinated sanitation improvements with city public works agencies. The design incorporates historical context while permitting architectural evolution.,stable_historic,developer_official
460,"Our community needs safe, clean green spaces to gather and play. We need active community policing and safe streets for our children. Families are struggling with changing school district boundaries that divide neighborhoods.",stable_historic,resident
461,We expect significant foot traffic to support the new dining and boutique options. This major capital investment will stabilize the local housing market and boost growth. Modernizing the storefronts will revitalize the business corridor and create jobs.,rapidly_gentrifying,developer_official
462,The green roof design contributes to municipal environmental sustainability goals. The proposed redevelopment will modernize the area's outdated infrastructure and zoning. Our architectural design is highly sensitive to the surrounding urban landscape.,rapidly_gentrifying,developer_official
463,The project includes significant landscaping improvements and modern public park amenities. Our residential development project will add both market-rate housing and designated affordable units. We are maximizing unit density near transportation corridors to spur local economic development.,rapidly_gentrifying,developer_official
464,We are proud to support local schools through our community benefit agreements. Our plan incorporates extensive urban greening and public plaza design concepts. We are building sustainable leisure spaces and public plazas for the community to enjoy.,stable_historic,developer_official
465,Increasing the overall housing inventory is essential to balance market supply and demand. Our residential development project will add both market-rate housing and designated affordable units. This major capital investment will stabilize the local housing market and boost growth. Our residential development project will add both market-rate housing and designated affordable units.,rapidly_gentrifying,developer_official
466,The design incorporates historical context while permitting architectural evolution. We are pursuing an adaptive reuse model to modernize the historic facade. We are proud to support local schools through our community benefit agreements.,stable_historic,developer_official
467,The project includes significant landscaping improvements and modern public park amenities. This family-friendly development includes dedications for classroom expansion. The design incorporates historical context while permitting architectural evolution.,stable_historic,developer_official
468,Our construction respects local heritage through sensitive aesthetic and structural design. We are building sustainable leisure spaces and public plazas for the community to enjoy. The green roof design contributes to municipal environmental sustainability goals. The project budget includes private maintenance contracts for public sidewalks.,stable_historic,developer_official
469,"Our community needs safe, clean green spaces to gather and play. Demolishing these historical buildings destroys our collective memory and identity. Our local public schools suffer from overcrowded classrooms and severe funding cuts. We need to protect our community garden from being paved over for developments.",stable_historic,resident
470,Corporate chains are displacing our long-standing local legacy businesses. We must oppose zoning changes that override community wishes. We must oppose zoning changes that override community wishes. We are facing massive displacement because of greedy landlords and speculators.,rapidly_gentrifying,resident
471,These new luxury condos are destroying our unique neighborhood character. Long-term residents are being pushed out of their community roots by rising costs. We desperately need affordable housing and stronger tenant protections against evictions. This overdevelopment only serves developer profits and blocks the sun for existing homes.,rapidly_gentrifying,resident
472,Our project features dedicated cultural activation spaces and public art galleries. We expect significant foot traffic to support the new dining and boutique options. Our residential development project will add both market-rate housing and designated affordable units.,rapidly_gentrifying,developer_official
473,"Traffic congestion is getting worse, and fare hikes are hurting working-class commuters. The city is giving developers massive zoning loopholes to build high-rise monstrosities. Our beloved family-owned mom and pop stores are being priced out by commercial rent hikes.",rapidly_gentrifying,resident
474,We are proud to support local schools through our community benefit agreements. We are pursuing an adaptive reuse model to modernize the historic facade. Our plan incorporates extensive urban greening and public plaza design concepts.,stable_historic,developer_official
475,The city is giving developers massive zoning loopholes to build high-rise monstrosities. We desperately need affordable housing and stronger tenant protections against evictions. Long-term residents are being pushed out of their community roots by rising costs. This overdevelopment only serves developer profits and blocks the sun for existing homes.,rapidly_gentrifying,resident
476,Long-term residents are being pushed out of their community roots by rising costs. We must oppose zoning changes that override community wishes. Corporate chains are displacing our long-standing local legacy businesses.,rapidly_gentrifying,resident
477,These new luxury condos are destroying our unique neighborhood character. We need to preserve our community murals and local creative spaces from destruction. Long-term residents are being pushed out of their community roots by rising costs.,rapidly_gentrifying,resident
478,Our local public schools suffer from overcrowded classrooms and severe funding cuts. Historic preservation must come before corporate developer expansion. We need to invest in our neighborhood schools instead of promoting private charter schools.,stable_historic,resident
479,We are working with historians to preserve key structural elements of the site. The design incorporates historical context while permitting architectural evolution. We are working with historians to preserve key structural elements of the site. We are working with historians to preserve key structural elements of the site.,stable_historic,developer_official
480,Our architectural design is highly sensitive to the surrounding urban landscape. We are proud to support local schools through our community benefit agreements. Our architectural design is highly sensitive to the surrounding urban landscape. The green roof design contributes to municipal environmental sustainability goals.,rapidly_gentrifying,developer_official
481,"The cultural center will enhance community engagement and neighborhood branding. We are partnering with local groups to establish a vibrant, active arts district. The design prioritizes pedestrian-friendly walking corridors and multi-modal mobility options.",rapidly_gentrifying,developer_official
482,We expect significant foot traffic to support the new dining and boutique options. This commercial redevelopment supports local entrepreneurship and business district growth. We are seeking standard zoning variances for a new modern mixed-use development.,rapidly_gentrifying,developer_official
483,This major capital investment will stabilize the local housing market and boost growth. Modernizing the storefronts will revitalize the business corridor and create jobs. Our residential development project will add both market-rate housing and designated affordable units. Our construction respects local heritage through sensitive aesthetic and structural design.,rapidly_gentrifying,developer_official
484,This revitalization project represents smart growth and transit-oriented density. We expect significant foot traffic to support the new dining and boutique options. This revitalization project represents smart growth and transit-oriented density.,rapidly_gentrifying,developer_official
485,Our residential development project will add both market-rate housing and designated affordable units. This development will support the local creative economy and public art installations. This revitalization project represents smart growth and transit-oriented density.,rapidly_gentrifying,developer_official
486,This revitalization project represents smart growth and transit-oriented density. The proposed redevelopment will modernize the area's outdated infrastructure and zoning. This commercial redevelopment supports local entrepreneurship and business district growth.,rapidly_gentrifying,developer_official
487,Our construction respects local heritage through sensitive aesthetic and structural design. We are pursuing an adaptive reuse model to modernize the historic facade. We are proud to support local schools through our community benefit agreements. We are working with historians to preserve key structural elements of the site.,stable_historic,developer_official
488,Our community is tired of being ignored by city sanitation departments. This concrete jungle is an issue of environmental justice for our neighborhood children. Our children deserve equal access to quality educational resources.,stable_historic,resident
489,"These streets hold our neighborhood history, roots, and local culture. Our community needs safe, clean green spaces to gather and play. Our local public schools suffer from overcrowded classrooms and severe funding cuts. These new luxury condos are destroying our unique neighborhood character.",stable_historic,resident
490,The design incorporates historical context while permitting architectural evolution. Our project will contribute direct funding to local educational infrastructure. Our plan incorporates extensive urban greening and public plaza design concepts. Our residential development project will add both market-rate housing and designated affordable units.,stable_historic,developer_official
491,"Our beloved family-owned mom and pop stores are being priced out by commercial rent hikes. Corporate chains are displacing our long-standing local legacy businesses. Arts funding should support grassroots local projects, not luxury galleries.",rapidly_gentrifying,resident
492,The new boutique stores are price gouging and do not serve the needs of local families. Our local public schools suffer from overcrowded classrooms and severe funding cuts. Families are struggling with changing school district boundaries that divide neighborhoods. Our local public schools suffer from overcrowded classrooms and severe funding cuts.,stable_historic,resident
493,The design incorporates historical context while permitting architectural evolution. This family-friendly development includes dedications for classroom expansion. This revitalization project represents smart growth and transit-oriented density. The design incorporates historical context while permitting architectural evolution.,stable_historic,developer_official
494,The proposed redevelopment will modernize the area's outdated infrastructure and zoning. We expect significant foot traffic to support the new dining and boutique options. This revitalization project represents smart growth and transit-oriented density. We are seeking standard zoning variances for a new modern mixed-use development.,rapidly_gentrifying,developer_official
495,Historic preservation must come before corporate developer expansion. This concrete jungle is an issue of environmental justice for our neighborhood children. Demolishing these historical buildings destroys our collective memory and identity.,stable_historic,resident
496,Our project will contribute direct funding to local educational infrastructure. The design incorporates historical context while permitting architectural evolution. Our construction respects local heritage through sensitive aesthetic and structural design. The project includes significant landscaping improvements and modern public park amenities.,stable_historic,developer_official
497,Corporate chains are displacing our long-standing local legacy businesses. Long-term residents are being pushed out of their community roots by rising costs. This concrete jungle is an issue of environmental justice for our neighborhood children. The city is giving developers massive zoning loopholes to build high-rise monstrosities.,rapidly_gentrifying,resident
498,The new boutique stores are price gouging and do not serve the needs of local families. The city is giving developers massive zoning loopholes to build high-rise monstrosities. We need to preserve our community murals and local creative spaces from destruction.,rapidly_gentrifying,resident
499,Our architectural design is highly sensitive to the surrounding urban landscape. We are seeking standard zoning variances for a new modern mixed-use development. This major capital investment will stabilize the local housing market and boost growth. We are maximizing unit density near transportation corridors to spur local economic development.,rapidly_gentrifying,developer_official
